"","nombre_provincia","nombre_canton","codigo_provincia","codigo_canton","año","cantidad_habitantes","mes_num","mes","miles_habitantes"
"1","AZUAY","CUENCA",1,101,2021,610362,1,"Enero",610.362
"2","AZUAY","CUENCA",1,101,2021,610362,2,"Febrero",610.362
"3","AZUAY","CUENCA",1,101,2021,610362,3,"Marzo",610.362
"4","AZUAY","CUENCA",1,101,2021,610362,4,"Abril",610.362
"5","AZUAY","CUENCA",1,101,2021,610362,5,"Mayo",610.362
"6","AZUAY","CUENCA",1,101,2021,610362,6,"Junio",610.362
"7","AZUAY","CUENCA",1,101,2021,610362,7,"Julio",610.362
"8","AZUAY","CUENCA",1,101,2021,610362,8,"Agosto",610.362
"9","AZUAY","CUENCA",1,101,2021,610362,9,"Septiembre",610.362
"10","AZUAY","CUENCA",1,101,2021,610362,10,"Octubre",610.362
"11","AZUAY","CUENCA",1,101,2021,610362,11,"Noviembre",610.362
"12","AZUAY","CUENCA",1,101,2021,610362,12,"Diciembre",610.362
"13","AZUAY","CUENCA",1,101,2022,612574,1,"Enero",612.574
"14","AZUAY","CUENCA",1,101,2022,612574,2,"Febrero",612.574
"15","AZUAY","CUENCA",1,101,2022,612574,3,"Marzo",612.574
"16","AZUAY","CUENCA",1,101,2022,612574,4,"Abril",612.574
"17","AZUAY","CUENCA",1,101,2022,612574,5,"Mayo",612.574
"18","AZUAY","CUENCA",1,101,2022,612574,6,"Junio",612.574
"19","AZUAY","CUENCA",1,101,2022,612574,7,"Julio",612.574
"20","AZUAY","CUENCA",1,101,2022,612574,8,"Agosto",612.574
"21","AZUAY","CUENCA",1,101,2022,612574,9,"Septiembre",612.574
"22","AZUAY","CUENCA",1,101,2022,612574,10,"Octubre",612.574
"23","AZUAY","CUENCA",1,101,2022,612574,11,"Noviembre",612.574
"24","AZUAY","CUENCA",1,101,2022,612574,12,"Diciembre",612.574
"25","AZUAY","CUENCA",1,101,2023,615768,1,"Enero",615.768
"26","AZUAY","CUENCA",1,101,2023,615768,2,"Febrero",615.768
"27","AZUAY","CUENCA",1,101,2023,615768,3,"Marzo",615.768
"28","AZUAY","CUENCA",1,101,2023,615768,4,"Abril",615.768
"29","AZUAY","CUENCA",1,101,2023,615768,5,"Mayo",615.768
"30","AZUAY","CUENCA",1,101,2023,615768,6,"Junio",615.768
"31","AZUAY","CUENCA",1,101,2023,615768,7,"Julio",615.768
"32","AZUAY","CUENCA",1,101,2023,615768,8,"Agosto",615.768
"33","AZUAY","CUENCA",1,101,2023,615768,9,"Septiembre",615.768
"34","AZUAY","CUENCA",1,101,2023,615768,10,"Octubre",615.768
"35","AZUAY","CUENCA",1,101,2023,615768,11,"Noviembre",615.768
"36","AZUAY","CUENCA",1,101,2023,615768,12,"Diciembre",615.768
"37","AZUAY","CUENCA",1,101,2024,619701,1,"Enero",619.701
"38","AZUAY","CUENCA",1,101,2024,619701,2,"Febrero",619.701
"39","AZUAY","CUENCA",1,101,2024,619701,3,"Marzo",619.701
"40","AZUAY","CUENCA",1,101,2024,619701,4,"Abril",619.701
"41","AZUAY","CUENCA",1,101,2024,619701,5,"Mayo",619.701
"42","AZUAY","CUENCA",1,101,2024,619701,6,"Junio",619.701
"43","AZUAY","CUENCA",1,101,2024,619701,7,"Julio",619.701
"44","AZUAY","CUENCA",1,101,2024,619701,8,"Agosto",619.701
"45","AZUAY","CUENCA",1,101,2024,619701,9,"Septiembre",619.701
"46","AZUAY","CUENCA",1,101,2024,619701,10,"Octubre",619.701
"47","AZUAY","CUENCA",1,101,2024,619701,11,"Noviembre",619.701
"48","AZUAY","CUENCA",1,101,2024,619701,12,"Diciembre",619.701
"49","AZUAY","CUENCA",1,101,2025,624053,1,"Enero",624.053
"50","AZUAY","CUENCA",1,101,2025,624053,2,"Febrero",624.053
"51","AZUAY","CUENCA",1,101,2025,624053,3,"Marzo",624.053
"52","AZUAY","CUENCA",1,101,2025,624053,4,"Abril",624.053
"53","AZUAY","CUENCA",1,101,2025,624053,5,"Mayo",624.053
"54","AZUAY","CUENCA",1,101,2025,624053,6,"Junio",624.053
"55","AZUAY","CUENCA",1,101,2025,624053,7,"Julio",624.053
"56","AZUAY","CUENCA",1,101,2025,624053,8,"Agosto",624.053
"57","AZUAY","CUENCA",1,101,2025,624053,9,"Septiembre",624.053
"58","AZUAY","CUENCA",1,101,2025,624053,10,"Octubre",624.053
"59","AZUAY","CUENCA",1,101,2025,624053,11,"Noviembre",624.053
"60","AZUAY","CUENCA",1,101,2025,624053,12,"Diciembre",624.053
"61","AZUAY","GIRON",1,102,2021,12825,1,"Enero",12.825
"62","AZUAY","GIRON",1,102,2021,12825,2,"Febrero",12.825
"63","AZUAY","GIRON",1,102,2021,12825,3,"Marzo",12.825
"64","AZUAY","GIRON",1,102,2021,12825,4,"Abril",12.825
"65","AZUAY","GIRON",1,102,2021,12825,5,"Mayo",12.825
"66","AZUAY","GIRON",1,102,2021,12825,6,"Junio",12.825
"67","AZUAY","GIRON",1,102,2021,12825,7,"Julio",12.825
"68","AZUAY","GIRON",1,102,2021,12825,8,"Agosto",12.825
"69","AZUAY","GIRON",1,102,2021,12825,9,"Septiembre",12.825
"70","AZUAY","GIRON",1,102,2021,12825,10,"Octubre",12.825
"71","AZUAY","GIRON",1,102,2021,12825,11,"Noviembre",12.825
"72","AZUAY","GIRON",1,102,2021,12825,12,"Diciembre",12.825
"73","AZUAY","GIRON",1,102,2022,12687,1,"Enero",12.687
"74","AZUAY","GIRON",1,102,2022,12687,2,"Febrero",12.687
"75","AZUAY","GIRON",1,102,2022,12687,3,"Marzo",12.687
"76","AZUAY","GIRON",1,102,2022,12687,4,"Abril",12.687
"77","AZUAY","GIRON",1,102,2022,12687,5,"Mayo",12.687
"78","AZUAY","GIRON",1,102,2022,12687,6,"Junio",12.687
"79","AZUAY","GIRON",1,102,2022,12687,7,"Julio",12.687
"80","AZUAY","GIRON",1,102,2022,12687,8,"Agosto",12.687
"81","AZUAY","GIRON",1,102,2022,12687,9,"Septiembre",12.687
"82","AZUAY","GIRON",1,102,2022,12687,10,"Octubre",12.687
"83","AZUAY","GIRON",1,102,2022,12687,11,"Noviembre",12.687
"84","AZUAY","GIRON",1,102,2022,12687,12,"Diciembre",12.687
"85","AZUAY","GIRON",1,102,2023,12578,1,"Enero",12.578
"86","AZUAY","GIRON",1,102,2023,12578,2,"Febrero",12.578
"87","AZUAY","GIRON",1,102,2023,12578,3,"Marzo",12.578
"88","AZUAY","GIRON",1,102,2023,12578,4,"Abril",12.578
"89","AZUAY","GIRON",1,102,2023,12578,5,"Mayo",12.578
"90","AZUAY","GIRON",1,102,2023,12578,6,"Junio",12.578
"91","AZUAY","GIRON",1,102,2023,12578,7,"Julio",12.578
"92","AZUAY","GIRON",1,102,2023,12578,8,"Agosto",12.578
"93","AZUAY","GIRON",1,102,2023,12578,9,"Septiembre",12.578
"94","AZUAY","GIRON",1,102,2023,12578,10,"Octubre",12.578
"95","AZUAY","GIRON",1,102,2023,12578,11,"Noviembre",12.578
"96","AZUAY","GIRON",1,102,2023,12578,12,"Diciembre",12.578
"97","AZUAY","GIRON",1,102,2024,12492,1,"Enero",12.492
"98","AZUAY","GIRON",1,102,2024,12492,2,"Febrero",12.492
"99","AZUAY","GIRON",1,102,2024,12492,3,"Marzo",12.492
"100","AZUAY","GIRON",1,102,2024,12492,4,"Abril",12.492
"101","AZUAY","GIRON",1,102,2024,12492,5,"Mayo",12.492
"102","AZUAY","GIRON",1,102,2024,12492,6,"Junio",12.492
"103","AZUAY","GIRON",1,102,2024,12492,7,"Julio",12.492
"104","AZUAY","GIRON",1,102,2024,12492,8,"Agosto",12.492
"105","AZUAY","GIRON",1,102,2024,12492,9,"Septiembre",12.492
"106","AZUAY","GIRON",1,102,2024,12492,10,"Octubre",12.492
"107","AZUAY","GIRON",1,102,2024,12492,11,"Noviembre",12.492
"108","AZUAY","GIRON",1,102,2024,12492,12,"Diciembre",12.492
"109","AZUAY","GIRON",1,102,2025,12423,1,"Enero",12.423
"110","AZUAY","GIRON",1,102,2025,12423,2,"Febrero",12.423
"111","AZUAY","GIRON",1,102,2025,12423,3,"Marzo",12.423
"112","AZUAY","GIRON",1,102,2025,12423,4,"Abril",12.423
"113","AZUAY","GIRON",1,102,2025,12423,5,"Mayo",12.423
"114","AZUAY","GIRON",1,102,2025,12423,6,"Junio",12.423
"115","AZUAY","GIRON",1,102,2025,12423,7,"Julio",12.423
"116","AZUAY","GIRON",1,102,2025,12423,8,"Agosto",12.423
"117","AZUAY","GIRON",1,102,2025,12423,9,"Septiembre",12.423
"118","AZUAY","GIRON",1,102,2025,12423,10,"Octubre",12.423
"119","AZUAY","GIRON",1,102,2025,12423,11,"Noviembre",12.423
"120","AZUAY","GIRON",1,102,2025,12423,12,"Diciembre",12.423
"121","AZUAY","GUALACEO",1,103,2021,45392,1,"Enero",45.392
"122","AZUAY","GUALACEO",1,103,2021,45392,2,"Febrero",45.392
"123","AZUAY","GUALACEO",1,103,2021,45392,3,"Marzo",45.392
"124","AZUAY","GUALACEO",1,103,2021,45392,4,"Abril",45.392
"125","AZUAY","GUALACEO",1,103,2021,45392,5,"Mayo",45.392
"126","AZUAY","GUALACEO",1,103,2021,45392,6,"Junio",45.392
"127","AZUAY","GUALACEO",1,103,2021,45392,7,"Julio",45.392
"128","AZUAY","GUALACEO",1,103,2021,45392,8,"Agosto",45.392
"129","AZUAY","GUALACEO",1,103,2021,45392,9,"Septiembre",45.392
"130","AZUAY","GUALACEO",1,103,2021,45392,10,"Octubre",45.392
"131","AZUAY","GUALACEO",1,103,2021,45392,11,"Noviembre",45.392
"132","AZUAY","GUALACEO",1,103,2021,45392,12,"Diciembre",45.392
"133","AZUAY","GUALACEO",1,103,2022,45040,1,"Enero",45.04
"134","AZUAY","GUALACEO",1,103,2022,45040,2,"Febrero",45.04
"135","AZUAY","GUALACEO",1,103,2022,45040,3,"Marzo",45.04
"136","AZUAY","GUALACEO",1,103,2022,45040,4,"Abril",45.04
"137","AZUAY","GUALACEO",1,103,2022,45040,5,"Mayo",45.04
"138","AZUAY","GUALACEO",1,103,2022,45040,6,"Junio",45.04
"139","AZUAY","GUALACEO",1,103,2022,45040,7,"Julio",45.04
"140","AZUAY","GUALACEO",1,103,2022,45040,8,"Agosto",45.04
"141","AZUAY","GUALACEO",1,103,2022,45040,9,"Septiembre",45.04
"142","AZUAY","GUALACEO",1,103,2022,45040,10,"Octubre",45.04
"143","AZUAY","GUALACEO",1,103,2022,45040,11,"Noviembre",45.04
"144","AZUAY","GUALACEO",1,103,2022,45040,12,"Diciembre",45.04
"145","AZUAY","GUALACEO",1,103,2023,44774,1,"Enero",44.774
"146","AZUAY","GUALACEO",1,103,2023,44774,2,"Febrero",44.774
"147","AZUAY","GUALACEO",1,103,2023,44774,3,"Marzo",44.774
"148","AZUAY","GUALACEO",1,103,2023,44774,4,"Abril",44.774
"149","AZUAY","GUALACEO",1,103,2023,44774,5,"Mayo",44.774
"150","AZUAY","GUALACEO",1,103,2023,44774,6,"Junio",44.774
"151","AZUAY","GUALACEO",1,103,2023,44774,7,"Julio",44.774
"152","AZUAY","GUALACEO",1,103,2023,44774,8,"Agosto",44.774
"153","AZUAY","GUALACEO",1,103,2023,44774,9,"Septiembre",44.774
"154","AZUAY","GUALACEO",1,103,2023,44774,10,"Octubre",44.774
"155","AZUAY","GUALACEO",1,103,2023,44774,11,"Noviembre",44.774
"156","AZUAY","GUALACEO",1,103,2023,44774,12,"Diciembre",44.774
"157","AZUAY","GUALACEO",1,103,2024,44577,1,"Enero",44.577
"158","AZUAY","GUALACEO",1,103,2024,44577,2,"Febrero",44.577
"159","AZUAY","GUALACEO",1,103,2024,44577,3,"Marzo",44.577
"160","AZUAY","GUALACEO",1,103,2024,44577,4,"Abril",44.577
"161","AZUAY","GUALACEO",1,103,2024,44577,5,"Mayo",44.577
"162","AZUAY","GUALACEO",1,103,2024,44577,6,"Junio",44.577
"163","AZUAY","GUALACEO",1,103,2024,44577,7,"Julio",44.577
"164","AZUAY","GUALACEO",1,103,2024,44577,8,"Agosto",44.577
"165","AZUAY","GUALACEO",1,103,2024,44577,9,"Septiembre",44.577
"166","AZUAY","GUALACEO",1,103,2024,44577,10,"Octubre",44.577
"167","AZUAY","GUALACEO",1,103,2024,44577,11,"Noviembre",44.577
"168","AZUAY","GUALACEO",1,103,2024,44577,12,"Diciembre",44.577
"169","AZUAY","GUALACEO",1,103,2025,44426,1,"Enero",44.426
"170","AZUAY","GUALACEO",1,103,2025,44426,2,"Febrero",44.426
"171","AZUAY","GUALACEO",1,103,2025,44426,3,"Marzo",44.426
"172","AZUAY","GUALACEO",1,103,2025,44426,4,"Abril",44.426
"173","AZUAY","GUALACEO",1,103,2025,44426,5,"Mayo",44.426
"174","AZUAY","GUALACEO",1,103,2025,44426,6,"Junio",44.426
"175","AZUAY","GUALACEO",1,103,2025,44426,7,"Julio",44.426
"176","AZUAY","GUALACEO",1,103,2025,44426,8,"Agosto",44.426
"177","AZUAY","GUALACEO",1,103,2025,44426,9,"Septiembre",44.426
"178","AZUAY","GUALACEO",1,103,2025,44426,10,"Octubre",44.426
"179","AZUAY","GUALACEO",1,103,2025,44426,11,"Noviembre",44.426
"180","AZUAY","GUALACEO",1,103,2025,44426,12,"Diciembre",44.426
"181","AZUAY","NABON",1,104,2021,15475,1,"Enero",15.475
"182","AZUAY","NABON",1,104,2021,15475,2,"Febrero",15.475
"183","AZUAY","NABON",1,104,2021,15475,3,"Marzo",15.475
"184","AZUAY","NABON",1,104,2021,15475,4,"Abril",15.475
"185","AZUAY","NABON",1,104,2021,15475,5,"Mayo",15.475
"186","AZUAY","NABON",1,104,2021,15475,6,"Junio",15.475
"187","AZUAY","NABON",1,104,2021,15475,7,"Julio",15.475
"188","AZUAY","NABON",1,104,2021,15475,8,"Agosto",15.475
"189","AZUAY","NABON",1,104,2021,15475,9,"Septiembre",15.475
"190","AZUAY","NABON",1,104,2021,15475,10,"Octubre",15.475
"191","AZUAY","NABON",1,104,2021,15475,11,"Noviembre",15.475
"192","AZUAY","NABON",1,104,2021,15475,12,"Diciembre",15.475
"193","AZUAY","NABON",1,104,2022,15268,1,"Enero",15.268
"194","AZUAY","NABON",1,104,2022,15268,2,"Febrero",15.268
"195","AZUAY","NABON",1,104,2022,15268,3,"Marzo",15.268
"196","AZUAY","NABON",1,104,2022,15268,4,"Abril",15.268
"197","AZUAY","NABON",1,104,2022,15268,5,"Mayo",15.268
"198","AZUAY","NABON",1,104,2022,15268,6,"Junio",15.268
"199","AZUAY","NABON",1,104,2022,15268,7,"Julio",15.268
"200","AZUAY","NABON",1,104,2022,15268,8,"Agosto",15.268
"201","AZUAY","NABON",1,104,2022,15268,9,"Septiembre",15.268
"202","AZUAY","NABON",1,104,2022,15268,10,"Octubre",15.268
"203","AZUAY","NABON",1,104,2022,15268,11,"Noviembre",15.268
"204","AZUAY","NABON",1,104,2022,15268,12,"Diciembre",15.268
"205","AZUAY","NABON",1,104,2023,15103,1,"Enero",15.103
"206","AZUAY","NABON",1,104,2023,15103,2,"Febrero",15.103
"207","AZUAY","NABON",1,104,2023,15103,3,"Marzo",15.103
"208","AZUAY","NABON",1,104,2023,15103,4,"Abril",15.103
"209","AZUAY","NABON",1,104,2023,15103,5,"Mayo",15.103
"210","AZUAY","NABON",1,104,2023,15103,6,"Junio",15.103
"211","AZUAY","NABON",1,104,2023,15103,7,"Julio",15.103
"212","AZUAY","NABON",1,104,2023,15103,8,"Agosto",15.103
"213","AZUAY","NABON",1,104,2023,15103,9,"Septiembre",15.103
"214","AZUAY","NABON",1,104,2023,15103,10,"Octubre",15.103
"215","AZUAY","NABON",1,104,2023,15103,11,"Noviembre",15.103
"216","AZUAY","NABON",1,104,2023,15103,12,"Diciembre",15.103
"217","AZUAY","NABON",1,104,2024,14972,1,"Enero",14.972
"218","AZUAY","NABON",1,104,2024,14972,2,"Febrero",14.972
"219","AZUAY","NABON",1,104,2024,14972,3,"Marzo",14.972
"220","AZUAY","NABON",1,104,2024,14972,4,"Abril",14.972
"221","AZUAY","NABON",1,104,2024,14972,5,"Mayo",14.972
"222","AZUAY","NABON",1,104,2024,14972,6,"Junio",14.972
"223","AZUAY","NABON",1,104,2024,14972,7,"Julio",14.972
"224","AZUAY","NABON",1,104,2024,14972,8,"Agosto",14.972
"225","AZUAY","NABON",1,104,2024,14972,9,"Septiembre",14.972
"226","AZUAY","NABON",1,104,2024,14972,10,"Octubre",14.972
"227","AZUAY","NABON",1,104,2024,14972,11,"Noviembre",14.972
"228","AZUAY","NABON",1,104,2024,14972,12,"Diciembre",14.972
"229","AZUAY","NABON",1,104,2025,14868,1,"Enero",14.868
"230","AZUAY","NABON",1,104,2025,14868,2,"Febrero",14.868
"231","AZUAY","NABON",1,104,2025,14868,3,"Marzo",14.868
"232","AZUAY","NABON",1,104,2025,14868,4,"Abril",14.868
"233","AZUAY","NABON",1,104,2025,14868,5,"Mayo",14.868
"234","AZUAY","NABON",1,104,2025,14868,6,"Junio",14.868
"235","AZUAY","NABON",1,104,2025,14868,7,"Julio",14.868
"236","AZUAY","NABON",1,104,2025,14868,8,"Agosto",14.868
"237","AZUAY","NABON",1,104,2025,14868,9,"Septiembre",14.868
"238","AZUAY","NABON",1,104,2025,14868,10,"Octubre",14.868
"239","AZUAY","NABON",1,104,2025,14868,11,"Noviembre",14.868
"240","AZUAY","NABON",1,104,2025,14868,12,"Diciembre",14.868
"241","AZUAY","PAUTE",1,105,2021,27676,1,"Enero",27.676
"242","AZUAY","PAUTE",1,105,2021,27676,2,"Febrero",27.676
"243","AZUAY","PAUTE",1,105,2021,27676,3,"Marzo",27.676
"244","AZUAY","PAUTE",1,105,2021,27676,4,"Abril",27.676
"245","AZUAY","PAUTE",1,105,2021,27676,5,"Mayo",27.676
"246","AZUAY","PAUTE",1,105,2021,27676,6,"Junio",27.676
"247","AZUAY","PAUTE",1,105,2021,27676,7,"Julio",27.676
"248","AZUAY","PAUTE",1,105,2021,27676,8,"Agosto",27.676
"249","AZUAY","PAUTE",1,105,2021,27676,9,"Septiembre",27.676
"250","AZUAY","PAUTE",1,105,2021,27676,10,"Octubre",27.676
"251","AZUAY","PAUTE",1,105,2021,27676,11,"Noviembre",27.676
"252","AZUAY","PAUTE",1,105,2021,27676,12,"Diciembre",27.676
"253","AZUAY","PAUTE",1,105,2022,27535,1,"Enero",27.535
"254","AZUAY","PAUTE",1,105,2022,27535,2,"Febrero",27.535
"255","AZUAY","PAUTE",1,105,2022,27535,3,"Marzo",27.535
"256","AZUAY","PAUTE",1,105,2022,27535,4,"Abril",27.535
"257","AZUAY","PAUTE",1,105,2022,27535,5,"Mayo",27.535
"258","AZUAY","PAUTE",1,105,2022,27535,6,"Junio",27.535
"259","AZUAY","PAUTE",1,105,2022,27535,7,"Julio",27.535
"260","AZUAY","PAUTE",1,105,2022,27535,8,"Agosto",27.535
"261","AZUAY","PAUTE",1,105,2022,27535,9,"Septiembre",27.535
"262","AZUAY","PAUTE",1,105,2022,27535,10,"Octubre",27.535
"263","AZUAY","PAUTE",1,105,2022,27535,11,"Noviembre",27.535
"264","AZUAY","PAUTE",1,105,2022,27535,12,"Diciembre",27.535
"265","AZUAY","PAUTE",1,105,2023,27442,1,"Enero",27.442
"266","AZUAY","PAUTE",1,105,2023,27442,2,"Febrero",27.442
"267","AZUAY","PAUTE",1,105,2023,27442,3,"Marzo",27.442
"268","AZUAY","PAUTE",1,105,2023,27442,4,"Abril",27.442
"269","AZUAY","PAUTE",1,105,2023,27442,5,"Mayo",27.442
"270","AZUAY","PAUTE",1,105,2023,27442,6,"Junio",27.442
"271","AZUAY","PAUTE",1,105,2023,27442,7,"Julio",27.442
"272","AZUAY","PAUTE",1,105,2023,27442,8,"Agosto",27.442
"273","AZUAY","PAUTE",1,105,2023,27442,9,"Septiembre",27.442
"274","AZUAY","PAUTE",1,105,2023,27442,10,"Octubre",27.442
"275","AZUAY","PAUTE",1,105,2023,27442,11,"Noviembre",27.442
"276","AZUAY","PAUTE",1,105,2023,27442,12,"Diciembre",27.442
"277","AZUAY","PAUTE",1,105,2024,27385,1,"Enero",27.385
"278","AZUAY","PAUTE",1,105,2024,27385,2,"Febrero",27.385
"279","AZUAY","PAUTE",1,105,2024,27385,3,"Marzo",27.385
"280","AZUAY","PAUTE",1,105,2024,27385,4,"Abril",27.385
"281","AZUAY","PAUTE",1,105,2024,27385,5,"Mayo",27.385
"282","AZUAY","PAUTE",1,105,2024,27385,6,"Junio",27.385
"283","AZUAY","PAUTE",1,105,2024,27385,7,"Julio",27.385
"284","AZUAY","PAUTE",1,105,2024,27385,8,"Agosto",27.385
"285","AZUAY","PAUTE",1,105,2024,27385,9,"Septiembre",27.385
"286","AZUAY","PAUTE",1,105,2024,27385,10,"Octubre",27.385
"287","AZUAY","PAUTE",1,105,2024,27385,11,"Noviembre",27.385
"288","AZUAY","PAUTE",1,105,2024,27385,12,"Diciembre",27.385
"289","AZUAY","PAUTE",1,105,2025,27349,1,"Enero",27.349
"290","AZUAY","PAUTE",1,105,2025,27349,2,"Febrero",27.349
"291","AZUAY","PAUTE",1,105,2025,27349,3,"Marzo",27.349
"292","AZUAY","PAUTE",1,105,2025,27349,4,"Abril",27.349
"293","AZUAY","PAUTE",1,105,2025,27349,5,"Mayo",27.349
"294","AZUAY","PAUTE",1,105,2025,27349,6,"Junio",27.349
"295","AZUAY","PAUTE",1,105,2025,27349,7,"Julio",27.349
"296","AZUAY","PAUTE",1,105,2025,27349,8,"Agosto",27.349
"297","AZUAY","PAUTE",1,105,2025,27349,9,"Septiembre",27.349
"298","AZUAY","PAUTE",1,105,2025,27349,10,"Octubre",27.349
"299","AZUAY","PAUTE",1,105,2025,27349,11,"Noviembre",27.349
"300","AZUAY","PAUTE",1,105,2025,27349,12,"Diciembre",27.349
"301","AZUAY","PUCARA",1,106,2021,10174,1,"Enero",10.174
"302","AZUAY","PUCARA",1,106,2021,10174,2,"Febrero",10.174
"303","AZUAY","PUCARA",1,106,2021,10174,3,"Marzo",10.174
"304","AZUAY","PUCARA",1,106,2021,10174,4,"Abril",10.174
"305","AZUAY","PUCARA",1,106,2021,10174,5,"Mayo",10.174
"306","AZUAY","PUCARA",1,106,2021,10174,6,"Junio",10.174
"307","AZUAY","PUCARA",1,106,2021,10174,7,"Julio",10.174
"308","AZUAY","PUCARA",1,106,2021,10174,8,"Agosto",10.174
"309","AZUAY","PUCARA",1,106,2021,10174,9,"Septiembre",10.174
"310","AZUAY","PUCARA",1,106,2021,10174,10,"Octubre",10.174
"311","AZUAY","PUCARA",1,106,2021,10174,11,"Noviembre",10.174
"312","AZUAY","PUCARA",1,106,2021,10174,12,"Diciembre",10.174
"313","AZUAY","PUCARA",1,106,2022,10034,1,"Enero",10.034
"314","AZUAY","PUCARA",1,106,2022,10034,2,"Febrero",10.034
"315","AZUAY","PUCARA",1,106,2022,10034,3,"Marzo",10.034
"316","AZUAY","PUCARA",1,106,2022,10034,4,"Abril",10.034
"317","AZUAY","PUCARA",1,106,2022,10034,5,"Mayo",10.034
"318","AZUAY","PUCARA",1,106,2022,10034,6,"Junio",10.034
"319","AZUAY","PUCARA",1,106,2022,10034,7,"Julio",10.034
"320","AZUAY","PUCARA",1,106,2022,10034,8,"Agosto",10.034
"321","AZUAY","PUCARA",1,106,2022,10034,9,"Septiembre",10.034
"322","AZUAY","PUCARA",1,106,2022,10034,10,"Octubre",10.034
"323","AZUAY","PUCARA",1,106,2022,10034,11,"Noviembre",10.034
"324","AZUAY","PUCARA",1,106,2022,10034,12,"Diciembre",10.034
"325","AZUAY","PUCARA",1,106,2023,9918,1,"Enero",9.918
"326","AZUAY","PUCARA",1,106,2023,9918,2,"Febrero",9.918
"327","AZUAY","PUCARA",1,106,2023,9918,3,"Marzo",9.918
"328","AZUAY","PUCARA",1,106,2023,9918,4,"Abril",9.918
"329","AZUAY","PUCARA",1,106,2023,9918,5,"Mayo",9.918
"330","AZUAY","PUCARA",1,106,2023,9918,6,"Junio",9.918
"331","AZUAY","PUCARA",1,106,2023,9918,7,"Julio",9.918
"332","AZUAY","PUCARA",1,106,2023,9918,8,"Agosto",9.918
"333","AZUAY","PUCARA",1,106,2023,9918,9,"Septiembre",9.918
"334","AZUAY","PUCARA",1,106,2023,9918,10,"Octubre",9.918
"335","AZUAY","PUCARA",1,106,2023,9918,11,"Noviembre",9.918
"336","AZUAY","PUCARA",1,106,2023,9918,12,"Diciembre",9.918
"337","AZUAY","PUCARA",1,106,2024,9825,1,"Enero",9.825
"338","AZUAY","PUCARA",1,106,2024,9825,2,"Febrero",9.825
"339","AZUAY","PUCARA",1,106,2024,9825,3,"Marzo",9.825
"340","AZUAY","PUCARA",1,106,2024,9825,4,"Abril",9.825
"341","AZUAY","PUCARA",1,106,2024,9825,5,"Mayo",9.825
"342","AZUAY","PUCARA",1,106,2024,9825,6,"Junio",9.825
"343","AZUAY","PUCARA",1,106,2024,9825,7,"Julio",9.825
"344","AZUAY","PUCARA",1,106,2024,9825,8,"Agosto",9.825
"345","AZUAY","PUCARA",1,106,2024,9825,9,"Septiembre",9.825
"346","AZUAY","PUCARA",1,106,2024,9825,10,"Octubre",9.825
"347","AZUAY","PUCARA",1,106,2024,9825,11,"Noviembre",9.825
"348","AZUAY","PUCARA",1,106,2024,9825,12,"Diciembre",9.825
"349","AZUAY","PUCARA",1,106,2025,9750,1,"Enero",9.75
"350","AZUAY","PUCARA",1,106,2025,9750,2,"Febrero",9.75
"351","AZUAY","PUCARA",1,106,2025,9750,3,"Marzo",9.75
"352","AZUAY","PUCARA",1,106,2025,9750,4,"Abril",9.75
"353","AZUAY","PUCARA",1,106,2025,9750,5,"Mayo",9.75
"354","AZUAY","PUCARA",1,106,2025,9750,6,"Junio",9.75
"355","AZUAY","PUCARA",1,106,2025,9750,7,"Julio",9.75
"356","AZUAY","PUCARA",1,106,2025,9750,8,"Agosto",9.75
"357","AZUAY","PUCARA",1,106,2025,9750,9,"Septiembre",9.75
"358","AZUAY","PUCARA",1,106,2025,9750,10,"Octubre",9.75
"359","AZUAY","PUCARA",1,106,2025,9750,11,"Noviembre",9.75
"360","AZUAY","PUCARA",1,106,2025,9750,12,"Diciembre",9.75
"361","AZUAY","SAN FERNANDO",1,107,2021,3918,1,"Enero",3.918
"362","AZUAY","SAN FERNANDO",1,107,2021,3918,2,"Febrero",3.918
"363","AZUAY","SAN FERNANDO",1,107,2021,3918,3,"Marzo",3.918
"364","AZUAY","SAN FERNANDO",1,107,2021,3918,4,"Abril",3.918
"365","AZUAY","SAN FERNANDO",1,107,2021,3918,5,"Mayo",3.918
"366","AZUAY","SAN FERNANDO",1,107,2021,3918,6,"Junio",3.918
"367","AZUAY","SAN FERNANDO",1,107,2021,3918,7,"Julio",3.918
"368","AZUAY","SAN FERNANDO",1,107,2021,3918,8,"Agosto",3.918
"369","AZUAY","SAN FERNANDO",1,107,2021,3918,9,"Septiembre",3.918
"370","AZUAY","SAN FERNANDO",1,107,2021,3918,10,"Octubre",3.918
"371","AZUAY","SAN FERNANDO",1,107,2021,3918,11,"Noviembre",3.918
"372","AZUAY","SAN FERNANDO",1,107,2021,3918,12,"Diciembre",3.918
"373","AZUAY","SAN FERNANDO",1,107,2022,3853,1,"Enero",3.853
"374","AZUAY","SAN FERNANDO",1,107,2022,3853,2,"Febrero",3.853
"375","AZUAY","SAN FERNANDO",1,107,2022,3853,3,"Marzo",3.853
"376","AZUAY","SAN FERNANDO",1,107,2022,3853,4,"Abril",3.853
"377","AZUAY","SAN FERNANDO",1,107,2022,3853,5,"Mayo",3.853
"378","AZUAY","SAN FERNANDO",1,107,2022,3853,6,"Junio",3.853
"379","AZUAY","SAN FERNANDO",1,107,2022,3853,7,"Julio",3.853
"380","AZUAY","SAN FERNANDO",1,107,2022,3853,8,"Agosto",3.853
"381","AZUAY","SAN FERNANDO",1,107,2022,3853,9,"Septiembre",3.853
"382","AZUAY","SAN FERNANDO",1,107,2022,3853,10,"Octubre",3.853
"383","AZUAY","SAN FERNANDO",1,107,2022,3853,11,"Noviembre",3.853
"384","AZUAY","SAN FERNANDO",1,107,2022,3853,12,"Diciembre",3.853
"385","AZUAY","SAN FERNANDO",1,107,2023,3802,1,"Enero",3.802
"386","AZUAY","SAN FERNANDO",1,107,2023,3802,2,"Febrero",3.802
"387","AZUAY","SAN FERNANDO",1,107,2023,3802,3,"Marzo",3.802
"388","AZUAY","SAN FERNANDO",1,107,2023,3802,4,"Abril",3.802
"389","AZUAY","SAN FERNANDO",1,107,2023,3802,5,"Mayo",3.802
"390","AZUAY","SAN FERNANDO",1,107,2023,3802,6,"Junio",3.802
"391","AZUAY","SAN FERNANDO",1,107,2023,3802,7,"Julio",3.802
"392","AZUAY","SAN FERNANDO",1,107,2023,3802,8,"Agosto",3.802
"393","AZUAY","SAN FERNANDO",1,107,2023,3802,9,"Septiembre",3.802
"394","AZUAY","SAN FERNANDO",1,107,2023,3802,10,"Octubre",3.802
"395","AZUAY","SAN FERNANDO",1,107,2023,3802,11,"Noviembre",3.802
"396","AZUAY","SAN FERNANDO",1,107,2023,3802,12,"Diciembre",3.802
"397","AZUAY","SAN FERNANDO",1,107,2024,3760,1,"Enero",3.76
"398","AZUAY","SAN FERNANDO",1,107,2024,3760,2,"Febrero",3.76
"399","AZUAY","SAN FERNANDO",1,107,2024,3760,3,"Marzo",3.76
"400","AZUAY","SAN FERNANDO",1,107,2024,3760,4,"Abril",3.76
"401","AZUAY","SAN FERNANDO",1,107,2024,3760,5,"Mayo",3.76
"402","AZUAY","SAN FERNANDO",1,107,2024,3760,6,"Junio",3.76
"403","AZUAY","SAN FERNANDO",1,107,2024,3760,7,"Julio",3.76
"404","AZUAY","SAN FERNANDO",1,107,2024,3760,8,"Agosto",3.76
"405","AZUAY","SAN FERNANDO",1,107,2024,3760,9,"Septiembre",3.76
"406","AZUAY","SAN FERNANDO",1,107,2024,3760,10,"Octubre",3.76
"407","AZUAY","SAN FERNANDO",1,107,2024,3760,11,"Noviembre",3.76
"408","AZUAY","SAN FERNANDO",1,107,2024,3760,12,"Diciembre",3.76
"409","AZUAY","SAN FERNANDO",1,107,2025,3726,1,"Enero",3.726
"410","AZUAY","SAN FERNANDO",1,107,2025,3726,2,"Febrero",3.726
"411","AZUAY","SAN FERNANDO",1,107,2025,3726,3,"Marzo",3.726
"412","AZUAY","SAN FERNANDO",1,107,2025,3726,4,"Abril",3.726
"413","AZUAY","SAN FERNANDO",1,107,2025,3726,5,"Mayo",3.726
"414","AZUAY","SAN FERNANDO",1,107,2025,3726,6,"Junio",3.726
"415","AZUAY","SAN FERNANDO",1,107,2025,3726,7,"Julio",3.726
"416","AZUAY","SAN FERNANDO",1,107,2025,3726,8,"Agosto",3.726
"417","AZUAY","SAN FERNANDO",1,107,2025,3726,9,"Septiembre",3.726
"418","AZUAY","SAN FERNANDO",1,107,2025,3726,10,"Octubre",3.726
"419","AZUAY","SAN FERNANDO",1,107,2025,3726,11,"Noviembre",3.726
"420","AZUAY","SAN FERNANDO",1,107,2025,3726,12,"Diciembre",3.726
"421","AZUAY","SANTA ISABEL",1,108,2021,21953,1,"Enero",21.953
"422","AZUAY","SANTA ISABEL",1,108,2021,21953,2,"Febrero",21.953
"423","AZUAY","SANTA ISABEL",1,108,2021,21953,3,"Marzo",21.953
"424","AZUAY","SANTA ISABEL",1,108,2021,21953,4,"Abril",21.953
"425","AZUAY","SANTA ISABEL",1,108,2021,21953,5,"Mayo",21.953
"426","AZUAY","SANTA ISABEL",1,108,2021,21953,6,"Junio",21.953
"427","AZUAY","SANTA ISABEL",1,108,2021,21953,7,"Julio",21.953
"428","AZUAY","SANTA ISABEL",1,108,2021,21953,8,"Agosto",21.953
"429","AZUAY","SANTA ISABEL",1,108,2021,21953,9,"Septiembre",21.953
"430","AZUAY","SANTA ISABEL",1,108,2021,21953,10,"Octubre",21.953
"431","AZUAY","SANTA ISABEL",1,108,2021,21953,11,"Noviembre",21.953
"432","AZUAY","SANTA ISABEL",1,108,2021,21953,12,"Diciembre",21.953
"433","AZUAY","SANTA ISABEL",1,108,2022,21561,1,"Enero",21.561
"434","AZUAY","SANTA ISABEL",1,108,2022,21561,2,"Febrero",21.561
"435","AZUAY","SANTA ISABEL",1,108,2022,21561,3,"Marzo",21.561
"436","AZUAY","SANTA ISABEL",1,108,2022,21561,4,"Abril",21.561
"437","AZUAY","SANTA ISABEL",1,108,2022,21561,5,"Mayo",21.561
"438","AZUAY","SANTA ISABEL",1,108,2022,21561,6,"Junio",21.561
"439","AZUAY","SANTA ISABEL",1,108,2022,21561,7,"Julio",21.561
"440","AZUAY","SANTA ISABEL",1,108,2022,21561,8,"Agosto",21.561
"441","AZUAY","SANTA ISABEL",1,108,2022,21561,9,"Septiembre",21.561
"442","AZUAY","SANTA ISABEL",1,108,2022,21561,10,"Octubre",21.561
"443","AZUAY","SANTA ISABEL",1,108,2022,21561,11,"Noviembre",21.561
"444","AZUAY","SANTA ISABEL",1,108,2022,21561,12,"Diciembre",21.561
"445","AZUAY","SANTA ISABEL",1,108,2023,21240,1,"Enero",21.24
"446","AZUAY","SANTA ISABEL",1,108,2023,21240,2,"Febrero",21.24
"447","AZUAY","SANTA ISABEL",1,108,2023,21240,3,"Marzo",21.24
"448","AZUAY","SANTA ISABEL",1,108,2023,21240,4,"Abril",21.24
"449","AZUAY","SANTA ISABEL",1,108,2023,21240,5,"Mayo",21.24
"450","AZUAY","SANTA ISABEL",1,108,2023,21240,6,"Junio",21.24
"451","AZUAY","SANTA ISABEL",1,108,2023,21240,7,"Julio",21.24
"452","AZUAY","SANTA ISABEL",1,108,2023,21240,8,"Agosto",21.24
"453","AZUAY","SANTA ISABEL",1,108,2023,21240,9,"Septiembre",21.24
"454","AZUAY","SANTA ISABEL",1,108,2023,21240,10,"Octubre",21.24
"455","AZUAY","SANTA ISABEL",1,108,2023,21240,11,"Noviembre",21.24
"456","AZUAY","SANTA ISABEL",1,108,2023,21240,12,"Diciembre",21.24
"457","AZUAY","SANTA ISABEL",1,108,2024,20985,1,"Enero",20.985
"458","AZUAY","SANTA ISABEL",1,108,2024,20985,2,"Febrero",20.985
"459","AZUAY","SANTA ISABEL",1,108,2024,20985,3,"Marzo",20.985
"460","AZUAY","SANTA ISABEL",1,108,2024,20985,4,"Abril",20.985
"461","AZUAY","SANTA ISABEL",1,108,2024,20985,5,"Mayo",20.985
"462","AZUAY","SANTA ISABEL",1,108,2024,20985,6,"Junio",20.985
"463","AZUAY","SANTA ISABEL",1,108,2024,20985,7,"Julio",20.985
"464","AZUAY","SANTA ISABEL",1,108,2024,20985,8,"Agosto",20.985
"465","AZUAY","SANTA ISABEL",1,108,2024,20985,9,"Septiembre",20.985
"466","AZUAY","SANTA ISABEL",1,108,2024,20985,10,"Octubre",20.985
"467","AZUAY","SANTA ISABEL",1,108,2024,20985,11,"Noviembre",20.985
"468","AZUAY","SANTA ISABEL",1,108,2024,20985,12,"Diciembre",20.985
"469","AZUAY","SANTA ISABEL",1,108,2025,20785,1,"Enero",20.785
"470","AZUAY","SANTA ISABEL",1,108,2025,20785,2,"Febrero",20.785
"471","AZUAY","SANTA ISABEL",1,108,2025,20785,3,"Marzo",20.785
"472","AZUAY","SANTA ISABEL",1,108,2025,20785,4,"Abril",20.785
"473","AZUAY","SANTA ISABEL",1,108,2025,20785,5,"Mayo",20.785
"474","AZUAY","SANTA ISABEL",1,108,2025,20785,6,"Junio",20.785
"475","AZUAY","SANTA ISABEL",1,108,2025,20785,7,"Julio",20.785
"476","AZUAY","SANTA ISABEL",1,108,2025,20785,8,"Agosto",20.785
"477","AZUAY","SANTA ISABEL",1,108,2025,20785,9,"Septiembre",20.785
"478","AZUAY","SANTA ISABEL",1,108,2025,20785,10,"Octubre",20.785
"479","AZUAY","SANTA ISABEL",1,108,2025,20785,11,"Noviembre",20.785
"480","AZUAY","SANTA ISABEL",1,108,2025,20785,12,"Diciembre",20.785
"481","AZUAY","SIGSIG",1,109,2021,26686,1,"Enero",26.686
"482","AZUAY","SIGSIG",1,109,2021,26686,2,"Febrero",26.686
"483","AZUAY","SIGSIG",1,109,2021,26686,3,"Marzo",26.686
"484","AZUAY","SIGSIG",1,109,2021,26686,4,"Abril",26.686
"485","AZUAY","SIGSIG",1,109,2021,26686,5,"Mayo",26.686
"486","AZUAY","SIGSIG",1,109,2021,26686,6,"Junio",26.686
"487","AZUAY","SIGSIG",1,109,2021,26686,7,"Julio",26.686
"488","AZUAY","SIGSIG",1,109,2021,26686,8,"Agosto",26.686
"489","AZUAY","SIGSIG",1,109,2021,26686,9,"Septiembre",26.686
"490","AZUAY","SIGSIG",1,109,2021,26686,10,"Octubre",26.686
"491","AZUAY","SIGSIG",1,109,2021,26686,11,"Noviembre",26.686
"492","AZUAY","SIGSIG",1,109,2021,26686,12,"Diciembre",26.686
"493","AZUAY","SIGSIG",1,109,2022,26368,1,"Enero",26.368
"494","AZUAY","SIGSIG",1,109,2022,26368,2,"Febrero",26.368
"495","AZUAY","SIGSIG",1,109,2022,26368,3,"Marzo",26.368
"496","AZUAY","SIGSIG",1,109,2022,26368,4,"Abril",26.368
"497","AZUAY","SIGSIG",1,109,2022,26368,5,"Mayo",26.368
"498","AZUAY","SIGSIG",1,109,2022,26368,6,"Junio",26.368
"499","AZUAY","SIGSIG",1,109,2022,26368,7,"Julio",26.368
"500","AZUAY","SIGSIG",1,109,2022,26368,8,"Agosto",26.368
"501","AZUAY","SIGSIG",1,109,2022,26368,9,"Septiembre",26.368
"502","AZUAY","SIGSIG",1,109,2022,26368,10,"Octubre",26.368
"503","AZUAY","SIGSIG",1,109,2022,26368,11,"Noviembre",26.368
"504","AZUAY","SIGSIG",1,109,2022,26368,12,"Diciembre",26.368
"505","AZUAY","SIGSIG",1,109,2023,26115,1,"Enero",26.115
"506","AZUAY","SIGSIG",1,109,2023,26115,2,"Febrero",26.115
"507","AZUAY","SIGSIG",1,109,2023,26115,3,"Marzo",26.115
"508","AZUAY","SIGSIG",1,109,2023,26115,4,"Abril",26.115
"509","AZUAY","SIGSIG",1,109,2023,26115,5,"Mayo",26.115
"510","AZUAY","SIGSIG",1,109,2023,26115,6,"Junio",26.115
"511","AZUAY","SIGSIG",1,109,2023,26115,7,"Julio",26.115
"512","AZUAY","SIGSIG",1,109,2023,26115,8,"Agosto",26.115
"513","AZUAY","SIGSIG",1,109,2023,26115,9,"Septiembre",26.115
"514","AZUAY","SIGSIG",1,109,2023,26115,10,"Octubre",26.115
"515","AZUAY","SIGSIG",1,109,2023,26115,11,"Noviembre",26.115
"516","AZUAY","SIGSIG",1,109,2023,26115,12,"Diciembre",26.115
"517","AZUAY","SIGSIG",1,109,2024,25916,1,"Enero",25.916
"518","AZUAY","SIGSIG",1,109,2024,25916,2,"Febrero",25.916
"519","AZUAY","SIGSIG",1,109,2024,25916,3,"Marzo",25.916
"520","AZUAY","SIGSIG",1,109,2024,25916,4,"Abril",25.916
"521","AZUAY","SIGSIG",1,109,2024,25916,5,"Mayo",25.916
"522","AZUAY","SIGSIG",1,109,2024,25916,6,"Junio",25.916
"523","AZUAY","SIGSIG",1,109,2024,25916,7,"Julio",25.916
"524","AZUAY","SIGSIG",1,109,2024,25916,8,"Agosto",25.916
"525","AZUAY","SIGSIG",1,109,2024,25916,9,"Septiembre",25.916
"526","AZUAY","SIGSIG",1,109,2024,25916,10,"Octubre",25.916
"527","AZUAY","SIGSIG",1,109,2024,25916,11,"Noviembre",25.916
"528","AZUAY","SIGSIG",1,109,2024,25916,12,"Diciembre",25.916
"529","AZUAY","SIGSIG",1,109,2025,25756,1,"Enero",25.756
"530","AZUAY","SIGSIG",1,109,2025,25756,2,"Febrero",25.756
"531","AZUAY","SIGSIG",1,109,2025,25756,3,"Marzo",25.756
"532","AZUAY","SIGSIG",1,109,2025,25756,4,"Abril",25.756
"533","AZUAY","SIGSIG",1,109,2025,25756,5,"Mayo",25.756
"534","AZUAY","SIGSIG",1,109,2025,25756,6,"Junio",25.756
"535","AZUAY","SIGSIG",1,109,2025,25756,7,"Julio",25.756
"536","AZUAY","SIGSIG",1,109,2025,25756,8,"Agosto",25.756
"537","AZUAY","SIGSIG",1,109,2025,25756,9,"Septiembre",25.756
"538","AZUAY","SIGSIG",1,109,2025,25756,10,"Octubre",25.756
"539","AZUAY","SIGSIG",1,109,2025,25756,11,"Noviembre",25.756
"540","AZUAY","SIGSIG",1,109,2025,25756,12,"Diciembre",25.756
"541","AZUAY","OÑA",1,110,2021,3608,1,"Enero",3.608
"542","AZUAY","OÑA",1,110,2021,3608,2,"Febrero",3.608
"543","AZUAY","OÑA",1,110,2021,3608,3,"Marzo",3.608
"544","AZUAY","OÑA",1,110,2021,3608,4,"Abril",3.608
"545","AZUAY","OÑA",1,110,2021,3608,5,"Mayo",3.608
"546","AZUAY","OÑA",1,110,2021,3608,6,"Junio",3.608
"547","AZUAY","OÑA",1,110,2021,3608,7,"Julio",3.608
"548","AZUAY","OÑA",1,110,2021,3608,8,"Agosto",3.608
"549","AZUAY","OÑA",1,110,2021,3608,9,"Septiembre",3.608
"550","AZUAY","OÑA",1,110,2021,3608,10,"Octubre",3.608
"551","AZUAY","OÑA",1,110,2021,3608,11,"Noviembre",3.608
"552","AZUAY","OÑA",1,110,2021,3608,12,"Diciembre",3.608
"553","AZUAY","OÑA",1,110,2022,3565,1,"Enero",3.565
"554","AZUAY","OÑA",1,110,2022,3565,2,"Febrero",3.565
"555","AZUAY","OÑA",1,110,2022,3565,3,"Marzo",3.565
"556","AZUAY","OÑA",1,110,2022,3565,4,"Abril",3.565
"557","AZUAY","OÑA",1,110,2022,3565,5,"Mayo",3.565
"558","AZUAY","OÑA",1,110,2022,3565,6,"Junio",3.565
"559","AZUAY","OÑA",1,110,2022,3565,7,"Julio",3.565
"560","AZUAY","OÑA",1,110,2022,3565,8,"Agosto",3.565
"561","AZUAY","OÑA",1,110,2022,3565,9,"Septiembre",3.565
"562","AZUAY","OÑA",1,110,2022,3565,10,"Octubre",3.565
"563","AZUAY","OÑA",1,110,2022,3565,11,"Noviembre",3.565
"564","AZUAY","OÑA",1,110,2022,3565,12,"Diciembre",3.565
"565","AZUAY","OÑA",1,110,2023,3531,1,"Enero",3.531
"566","AZUAY","OÑA",1,110,2023,3531,2,"Febrero",3.531
"567","AZUAY","OÑA",1,110,2023,3531,3,"Marzo",3.531
"568","AZUAY","OÑA",1,110,2023,3531,4,"Abril",3.531
"569","AZUAY","OÑA",1,110,2023,3531,5,"Mayo",3.531
"570","AZUAY","OÑA",1,110,2023,3531,6,"Junio",3.531
"571","AZUAY","OÑA",1,110,2023,3531,7,"Julio",3.531
"572","AZUAY","OÑA",1,110,2023,3531,8,"Agosto",3.531
"573","AZUAY","OÑA",1,110,2023,3531,9,"Septiembre",3.531
"574","AZUAY","OÑA",1,110,2023,3531,10,"Octubre",3.531
"575","AZUAY","OÑA",1,110,2023,3531,11,"Noviembre",3.531
"576","AZUAY","OÑA",1,110,2023,3531,12,"Diciembre",3.531
"577","AZUAY","OÑA",1,110,2024,3503,1,"Enero",3.503
"578","AZUAY","OÑA",1,110,2024,3503,2,"Febrero",3.503
"579","AZUAY","OÑA",1,110,2024,3503,3,"Marzo",3.503
"580","AZUAY","OÑA",1,110,2024,3503,4,"Abril",3.503
"581","AZUAY","OÑA",1,110,2024,3503,5,"Mayo",3.503
"582","AZUAY","OÑA",1,110,2024,3503,6,"Junio",3.503
"583","AZUAY","OÑA",1,110,2024,3503,7,"Julio",3.503
"584","AZUAY","OÑA",1,110,2024,3503,8,"Agosto",3.503
"585","AZUAY","OÑA",1,110,2024,3503,9,"Septiembre",3.503
"586","AZUAY","OÑA",1,110,2024,3503,10,"Octubre",3.503
"587","AZUAY","OÑA",1,110,2024,3503,11,"Noviembre",3.503
"588","AZUAY","OÑA",1,110,2024,3503,12,"Diciembre",3.503
"589","AZUAY","OÑA",1,110,2025,3482,1,"Enero",3.482
"590","AZUAY","OÑA",1,110,2025,3482,2,"Febrero",3.482
"591","AZUAY","OÑA",1,110,2025,3482,3,"Marzo",3.482
"592","AZUAY","OÑA",1,110,2025,3482,4,"Abril",3.482
"593","AZUAY","OÑA",1,110,2025,3482,5,"Mayo",3.482
"594","AZUAY","OÑA",1,110,2025,3482,6,"Junio",3.482
"595","AZUAY","OÑA",1,110,2025,3482,7,"Julio",3.482
"596","AZUAY","OÑA",1,110,2025,3482,8,"Agosto",3.482
"597","AZUAY","OÑA",1,110,2025,3482,9,"Septiembre",3.482
"598","AZUAY","OÑA",1,110,2025,3482,10,"Octubre",3.482
"599","AZUAY","OÑA",1,110,2025,3482,11,"Noviembre",3.482
"600","AZUAY","OÑA",1,110,2025,3482,12,"Diciembre",3.482
"601","AZUAY","CHORDELEG",1,111,2021,12782,1,"Enero",12.782
"602","AZUAY","CHORDELEG",1,111,2021,12782,2,"Febrero",12.782
"603","AZUAY","CHORDELEG",1,111,2021,12782,3,"Marzo",12.782
"604","AZUAY","CHORDELEG",1,111,2021,12782,4,"Abril",12.782
"605","AZUAY","CHORDELEG",1,111,2021,12782,5,"Mayo",12.782
"606","AZUAY","CHORDELEG",1,111,2021,12782,6,"Junio",12.782
"607","AZUAY","CHORDELEG",1,111,2021,12782,7,"Julio",12.782
"608","AZUAY","CHORDELEG",1,111,2021,12782,8,"Agosto",12.782
"609","AZUAY","CHORDELEG",1,111,2021,12782,9,"Septiembre",12.782
"610","AZUAY","CHORDELEG",1,111,2021,12782,10,"Octubre",12.782
"611","AZUAY","CHORDELEG",1,111,2021,12782,11,"Noviembre",12.782
"612","AZUAY","CHORDELEG",1,111,2021,12782,12,"Diciembre",12.782
"613","AZUAY","CHORDELEG",1,111,2022,12637,1,"Enero",12.637
"614","AZUAY","CHORDELEG",1,111,2022,12637,2,"Febrero",12.637
"615","AZUAY","CHORDELEG",1,111,2022,12637,3,"Marzo",12.637
"616","AZUAY","CHORDELEG",1,111,2022,12637,4,"Abril",12.637
"617","AZUAY","CHORDELEG",1,111,2022,12637,5,"Mayo",12.637
"618","AZUAY","CHORDELEG",1,111,2022,12637,6,"Junio",12.637
"619","AZUAY","CHORDELEG",1,111,2022,12637,7,"Julio",12.637
"620","AZUAY","CHORDELEG",1,111,2022,12637,8,"Agosto",12.637
"621","AZUAY","CHORDELEG",1,111,2022,12637,9,"Septiembre",12.637
"622","AZUAY","CHORDELEG",1,111,2022,12637,10,"Octubre",12.637
"623","AZUAY","CHORDELEG",1,111,2022,12637,11,"Noviembre",12.637
"624","AZUAY","CHORDELEG",1,111,2022,12637,12,"Diciembre",12.637
"625","AZUAY","CHORDELEG",1,111,2023,12521,1,"Enero",12.521
"626","AZUAY","CHORDELEG",1,111,2023,12521,2,"Febrero",12.521
"627","AZUAY","CHORDELEG",1,111,2023,12521,3,"Marzo",12.521
"628","AZUAY","CHORDELEG",1,111,2023,12521,4,"Abril",12.521
"629","AZUAY","CHORDELEG",1,111,2023,12521,5,"Mayo",12.521
"630","AZUAY","CHORDELEG",1,111,2023,12521,6,"Junio",12.521
"631","AZUAY","CHORDELEG",1,111,2023,12521,7,"Julio",12.521
"632","AZUAY","CHORDELEG",1,111,2023,12521,8,"Agosto",12.521
"633","AZUAY","CHORDELEG",1,111,2023,12521,9,"Septiembre",12.521
"634","AZUAY","CHORDELEG",1,111,2023,12521,10,"Octubre",12.521
"635","AZUAY","CHORDELEG",1,111,2023,12521,11,"Noviembre",12.521
"636","AZUAY","CHORDELEG",1,111,2023,12521,12,"Diciembre",12.521
"637","AZUAY","CHORDELEG",1,111,2024,12432,1,"Enero",12.432
"638","AZUAY","CHORDELEG",1,111,2024,12432,2,"Febrero",12.432
"639","AZUAY","CHORDELEG",1,111,2024,12432,3,"Marzo",12.432
"640","AZUAY","CHORDELEG",1,111,2024,12432,4,"Abril",12.432
"641","AZUAY","CHORDELEG",1,111,2024,12432,5,"Mayo",12.432
"642","AZUAY","CHORDELEG",1,111,2024,12432,6,"Junio",12.432
"643","AZUAY","CHORDELEG",1,111,2024,12432,7,"Julio",12.432
"644","AZUAY","CHORDELEG",1,111,2024,12432,8,"Agosto",12.432
"645","AZUAY","CHORDELEG",1,111,2024,12432,9,"Septiembre",12.432
"646","AZUAY","CHORDELEG",1,111,2024,12432,10,"Octubre",12.432
"647","AZUAY","CHORDELEG",1,111,2024,12432,11,"Noviembre",12.432
"648","AZUAY","CHORDELEG",1,111,2024,12432,12,"Diciembre",12.432
"649","AZUAY","CHORDELEG",1,111,2025,12359,1,"Enero",12.359
"650","AZUAY","CHORDELEG",1,111,2025,12359,2,"Febrero",12.359
"651","AZUAY","CHORDELEG",1,111,2025,12359,3,"Marzo",12.359
"652","AZUAY","CHORDELEG",1,111,2025,12359,4,"Abril",12.359
"653","AZUAY","CHORDELEG",1,111,2025,12359,5,"Mayo",12.359
"654","AZUAY","CHORDELEG",1,111,2025,12359,6,"Junio",12.359
"655","AZUAY","CHORDELEG",1,111,2025,12359,7,"Julio",12.359
"656","AZUAY","CHORDELEG",1,111,2025,12359,8,"Agosto",12.359
"657","AZUAY","CHORDELEG",1,111,2025,12359,9,"Septiembre",12.359
"658","AZUAY","CHORDELEG",1,111,2025,12359,10,"Octubre",12.359
"659","AZUAY","CHORDELEG",1,111,2025,12359,11,"Noviembre",12.359
"660","AZUAY","CHORDELEG",1,111,2025,12359,12,"Diciembre",12.359
"661","AZUAY","EL PAN",1,112,2021,2897,1,"Enero",2.897
"662","AZUAY","EL PAN",1,112,2021,2897,2,"Febrero",2.897
"663","AZUAY","EL PAN",1,112,2021,2897,3,"Marzo",2.897
"664","AZUAY","EL PAN",1,112,2021,2897,4,"Abril",2.897
"665","AZUAY","EL PAN",1,112,2021,2897,5,"Mayo",2.897
"666","AZUAY","EL PAN",1,112,2021,2897,6,"Junio",2.897
"667","AZUAY","EL PAN",1,112,2021,2897,7,"Julio",2.897
"668","AZUAY","EL PAN",1,112,2021,2897,8,"Agosto",2.897
"669","AZUAY","EL PAN",1,112,2021,2897,9,"Septiembre",2.897
"670","AZUAY","EL PAN",1,112,2021,2897,10,"Octubre",2.897
"671","AZUAY","EL PAN",1,112,2021,2897,11,"Noviembre",2.897
"672","AZUAY","EL PAN",1,112,2021,2897,12,"Diciembre",2.897
"673","AZUAY","EL PAN",1,112,2022,2849,1,"Enero",2.849
"674","AZUAY","EL PAN",1,112,2022,2849,2,"Febrero",2.849
"675","AZUAY","EL PAN",1,112,2022,2849,3,"Marzo",2.849
"676","AZUAY","EL PAN",1,112,2022,2849,4,"Abril",2.849
"677","AZUAY","EL PAN",1,112,2022,2849,5,"Mayo",2.849
"678","AZUAY","EL PAN",1,112,2022,2849,6,"Junio",2.849
"679","AZUAY","EL PAN",1,112,2022,2849,7,"Julio",2.849
"680","AZUAY","EL PAN",1,112,2022,2849,8,"Agosto",2.849
"681","AZUAY","EL PAN",1,112,2022,2849,9,"Septiembre",2.849
"682","AZUAY","EL PAN",1,112,2022,2849,10,"Octubre",2.849
"683","AZUAY","EL PAN",1,112,2022,2849,11,"Noviembre",2.849
"684","AZUAY","EL PAN",1,112,2022,2849,12,"Diciembre",2.849
"685","AZUAY","EL PAN",1,112,2023,2810,1,"Enero",2.81
"686","AZUAY","EL PAN",1,112,2023,2810,2,"Febrero",2.81
"687","AZUAY","EL PAN",1,112,2023,2810,3,"Marzo",2.81
"688","AZUAY","EL PAN",1,112,2023,2810,4,"Abril",2.81
"689","AZUAY","EL PAN",1,112,2023,2810,5,"Mayo",2.81
"690","AZUAY","EL PAN",1,112,2023,2810,6,"Junio",2.81
"691","AZUAY","EL PAN",1,112,2023,2810,7,"Julio",2.81
"692","AZUAY","EL PAN",1,112,2023,2810,8,"Agosto",2.81
"693","AZUAY","EL PAN",1,112,2023,2810,9,"Septiembre",2.81
"694","AZUAY","EL PAN",1,112,2023,2810,10,"Octubre",2.81
"695","AZUAY","EL PAN",1,112,2023,2810,11,"Noviembre",2.81
"696","AZUAY","EL PAN",1,112,2023,2810,12,"Diciembre",2.81
"697","AZUAY","EL PAN",1,112,2024,2779,1,"Enero",2.779
"698","AZUAY","EL PAN",1,112,2024,2779,2,"Febrero",2.779
"699","AZUAY","EL PAN",1,112,2024,2779,3,"Marzo",2.779
"700","AZUAY","EL PAN",1,112,2024,2779,4,"Abril",2.779
"701","AZUAY","EL PAN",1,112,2024,2779,5,"Mayo",2.779
"702","AZUAY","EL PAN",1,112,2024,2779,6,"Junio",2.779
"703","AZUAY","EL PAN",1,112,2024,2779,7,"Julio",2.779
"704","AZUAY","EL PAN",1,112,2024,2779,8,"Agosto",2.779
"705","AZUAY","EL PAN",1,112,2024,2779,9,"Septiembre",2.779
"706","AZUAY","EL PAN",1,112,2024,2779,10,"Octubre",2.779
"707","AZUAY","EL PAN",1,112,2024,2779,11,"Noviembre",2.779
"708","AZUAY","EL PAN",1,112,2024,2779,12,"Diciembre",2.779
"709","AZUAY","EL PAN",1,112,2025,2755,1,"Enero",2.755
"710","AZUAY","EL PAN",1,112,2025,2755,2,"Febrero",2.755
"711","AZUAY","EL PAN",1,112,2025,2755,3,"Marzo",2.755
"712","AZUAY","EL PAN",1,112,2025,2755,4,"Abril",2.755
"713","AZUAY","EL PAN",1,112,2025,2755,5,"Mayo",2.755
"714","AZUAY","EL PAN",1,112,2025,2755,6,"Junio",2.755
"715","AZUAY","EL PAN",1,112,2025,2755,7,"Julio",2.755
"716","AZUAY","EL PAN",1,112,2025,2755,8,"Agosto",2.755
"717","AZUAY","EL PAN",1,112,2025,2755,9,"Septiembre",2.755
"718","AZUAY","EL PAN",1,112,2025,2755,10,"Octubre",2.755
"719","AZUAY","EL PAN",1,112,2025,2755,11,"Noviembre",2.755
"720","AZUAY","EL PAN",1,112,2025,2755,12,"Diciembre",2.755
"721","AZUAY","SEVILLA DE ORO",1,113,2021,4930,1,"Enero",4.93
"722","AZUAY","SEVILLA DE ORO",1,113,2021,4930,2,"Febrero",4.93
"723","AZUAY","SEVILLA DE ORO",1,113,2021,4930,3,"Marzo",4.93
"724","AZUAY","SEVILLA DE ORO",1,113,2021,4930,4,"Abril",4.93
"725","AZUAY","SEVILLA DE ORO",1,113,2021,4930,5,"Mayo",4.93
"726","AZUAY","SEVILLA DE ORO",1,113,2021,4930,6,"Junio",4.93
"727","AZUAY","SEVILLA DE ORO",1,113,2021,4930,7,"Julio",4.93
"728","AZUAY","SEVILLA DE ORO",1,113,2021,4930,8,"Agosto",4.93
"729","AZUAY","SEVILLA DE ORO",1,113,2021,4930,9,"Septiembre",4.93
"730","AZUAY","SEVILLA DE ORO",1,113,2021,4930,10,"Octubre",4.93
"731","AZUAY","SEVILLA DE ORO",1,113,2021,4930,11,"Noviembre",4.93
"732","AZUAY","SEVILLA DE ORO",1,113,2021,4930,12,"Diciembre",4.93
"733","AZUAY","SEVILLA DE ORO",1,113,2022,4800,1,"Enero",4.8
"734","AZUAY","SEVILLA DE ORO",1,113,2022,4800,2,"Febrero",4.8
"735","AZUAY","SEVILLA DE ORO",1,113,2022,4800,3,"Marzo",4.8
"736","AZUAY","SEVILLA DE ORO",1,113,2022,4800,4,"Abril",4.8
"737","AZUAY","SEVILLA DE ORO",1,113,2022,4800,5,"Mayo",4.8
"738","AZUAY","SEVILLA DE ORO",1,113,2022,4800,6,"Junio",4.8
"739","AZUAY","SEVILLA DE ORO",1,113,2022,4800,7,"Julio",4.8
"740","AZUAY","SEVILLA DE ORO",1,113,2022,4800,8,"Agosto",4.8
"741","AZUAY","SEVILLA DE ORO",1,113,2022,4800,9,"Septiembre",4.8
"742","AZUAY","SEVILLA DE ORO",1,113,2022,4800,10,"Octubre",4.8
"743","AZUAY","SEVILLA DE ORO",1,113,2022,4800,11,"Noviembre",4.8
"744","AZUAY","SEVILLA DE ORO",1,113,2022,4800,12,"Diciembre",4.8
"745","AZUAY","SEVILLA DE ORO",1,113,2023,4699,1,"Enero",4.699
"746","AZUAY","SEVILLA DE ORO",1,113,2023,4699,2,"Febrero",4.699
"747","AZUAY","SEVILLA DE ORO",1,113,2023,4699,3,"Marzo",4.699
"748","AZUAY","SEVILLA DE ORO",1,113,2023,4699,4,"Abril",4.699
"749","AZUAY","SEVILLA DE ORO",1,113,2023,4699,5,"Mayo",4.699
"750","AZUAY","SEVILLA DE ORO",1,113,2023,4699,6,"Junio",4.699
"751","AZUAY","SEVILLA DE ORO",1,113,2023,4699,7,"Julio",4.699
"752","AZUAY","SEVILLA DE ORO",1,113,2023,4699,8,"Agosto",4.699
"753","AZUAY","SEVILLA DE ORO",1,113,2023,4699,9,"Septiembre",4.699
"754","AZUAY","SEVILLA DE ORO",1,113,2023,4699,10,"Octubre",4.699
"755","AZUAY","SEVILLA DE ORO",1,113,2023,4699,11,"Noviembre",4.699
"756","AZUAY","SEVILLA DE ORO",1,113,2023,4699,12,"Diciembre",4.699
"757","AZUAY","SEVILLA DE ORO",1,113,2024,4621,1,"Enero",4.621
"758","AZUAY","SEVILLA DE ORO",1,113,2024,4621,2,"Febrero",4.621
"759","AZUAY","SEVILLA DE ORO",1,113,2024,4621,3,"Marzo",4.621
"760","AZUAY","SEVILLA DE ORO",1,113,2024,4621,4,"Abril",4.621
"761","AZUAY","SEVILLA DE ORO",1,113,2024,4621,5,"Mayo",4.621
"762","AZUAY","SEVILLA DE ORO",1,113,2024,4621,6,"Junio",4.621
"763","AZUAY","SEVILLA DE ORO",1,113,2024,4621,7,"Julio",4.621
"764","AZUAY","SEVILLA DE ORO",1,113,2024,4621,8,"Agosto",4.621
"765","AZUAY","SEVILLA DE ORO",1,113,2024,4621,9,"Septiembre",4.621
"766","AZUAY","SEVILLA DE ORO",1,113,2024,4621,10,"Octubre",4.621
"767","AZUAY","SEVILLA DE ORO",1,113,2024,4621,11,"Noviembre",4.621
"768","AZUAY","SEVILLA DE ORO",1,113,2024,4621,12,"Diciembre",4.621
"769","AZUAY","SEVILLA DE ORO",1,113,2025,4565,1,"Enero",4.565
"770","AZUAY","SEVILLA DE ORO",1,113,2025,4565,2,"Febrero",4.565
"771","AZUAY","SEVILLA DE ORO",1,113,2025,4565,3,"Marzo",4.565
"772","AZUAY","SEVILLA DE ORO",1,113,2025,4565,4,"Abril",4.565
"773","AZUAY","SEVILLA DE ORO",1,113,2025,4565,5,"Mayo",4.565
"774","AZUAY","SEVILLA DE ORO",1,113,2025,4565,6,"Junio",4.565
"775","AZUAY","SEVILLA DE ORO",1,113,2025,4565,7,"Julio",4.565
"776","AZUAY","SEVILLA DE ORO",1,113,2025,4565,8,"Agosto",4.565
"777","AZUAY","SEVILLA DE ORO",1,113,2025,4565,9,"Septiembre",4.565
"778","AZUAY","SEVILLA DE ORO",1,113,2025,4565,10,"Octubre",4.565
"779","AZUAY","SEVILLA DE ORO",1,113,2025,4565,11,"Noviembre",4.565
"780","AZUAY","SEVILLA DE ORO",1,113,2025,4565,12,"Diciembre",4.565
"781","AZUAY","GUACHAPALA",1,114,2021,3663,1,"Enero",3.663
"782","AZUAY","GUACHAPALA",1,114,2021,3663,2,"Febrero",3.663
"783","AZUAY","GUACHAPALA",1,114,2021,3663,3,"Marzo",3.663
"784","AZUAY","GUACHAPALA",1,114,2021,3663,4,"Abril",3.663
"785","AZUAY","GUACHAPALA",1,114,2021,3663,5,"Mayo",3.663
"786","AZUAY","GUACHAPALA",1,114,2021,3663,6,"Junio",3.663
"787","AZUAY","GUACHAPALA",1,114,2021,3663,7,"Julio",3.663
"788","AZUAY","GUACHAPALA",1,114,2021,3663,8,"Agosto",3.663
"789","AZUAY","GUACHAPALA",1,114,2021,3663,9,"Septiembre",3.663
"790","AZUAY","GUACHAPALA",1,114,2021,3663,10,"Octubre",3.663
"791","AZUAY","GUACHAPALA",1,114,2021,3663,11,"Noviembre",3.663
"792","AZUAY","GUACHAPALA",1,114,2021,3663,12,"Diciembre",3.663
"793","AZUAY","GUACHAPALA",1,114,2022,3650,1,"Enero",3.65
"794","AZUAY","GUACHAPALA",1,114,2022,3650,2,"Febrero",3.65
"795","AZUAY","GUACHAPALA",1,114,2022,3650,3,"Marzo",3.65
"796","AZUAY","GUACHAPALA",1,114,2022,3650,4,"Abril",3.65
"797","AZUAY","GUACHAPALA",1,114,2022,3650,5,"Mayo",3.65
"798","AZUAY","GUACHAPALA",1,114,2022,3650,6,"Junio",3.65
"799","AZUAY","GUACHAPALA",1,114,2022,3650,7,"Julio",3.65
"800","AZUAY","GUACHAPALA",1,114,2022,3650,8,"Agosto",3.65
"801","AZUAY","GUACHAPALA",1,114,2022,3650,9,"Septiembre",3.65
"802","AZUAY","GUACHAPALA",1,114,2022,3650,10,"Octubre",3.65
"803","AZUAY","GUACHAPALA",1,114,2022,3650,11,"Noviembre",3.65
"804","AZUAY","GUACHAPALA",1,114,2022,3650,12,"Diciembre",3.65
"805","AZUAY","GUACHAPALA",1,114,2023,3645,1,"Enero",3.645
"806","AZUAY","GUACHAPALA",1,114,2023,3645,2,"Febrero",3.645
"807","AZUAY","GUACHAPALA",1,114,2023,3645,3,"Marzo",3.645
"808","AZUAY","GUACHAPALA",1,114,2023,3645,4,"Abril",3.645
"809","AZUAY","GUACHAPALA",1,114,2023,3645,5,"Mayo",3.645
"810","AZUAY","GUACHAPALA",1,114,2023,3645,6,"Junio",3.645
"811","AZUAY","GUACHAPALA",1,114,2023,3645,7,"Julio",3.645
"812","AZUAY","GUACHAPALA",1,114,2023,3645,8,"Agosto",3.645
"813","AZUAY","GUACHAPALA",1,114,2023,3645,9,"Septiembre",3.645
"814","AZUAY","GUACHAPALA",1,114,2023,3645,10,"Octubre",3.645
"815","AZUAY","GUACHAPALA",1,114,2023,3645,11,"Noviembre",3.645
"816","AZUAY","GUACHAPALA",1,114,2023,3645,12,"Diciembre",3.645
"817","AZUAY","GUACHAPALA",1,114,2024,3648,1,"Enero",3.648
"818","AZUAY","GUACHAPALA",1,114,2024,3648,2,"Febrero",3.648
"819","AZUAY","GUACHAPALA",1,114,2024,3648,3,"Marzo",3.648
"820","AZUAY","GUACHAPALA",1,114,2024,3648,4,"Abril",3.648
"821","AZUAY","GUACHAPALA",1,114,2024,3648,5,"Mayo",3.648
"822","AZUAY","GUACHAPALA",1,114,2024,3648,6,"Junio",3.648
"823","AZUAY","GUACHAPALA",1,114,2024,3648,7,"Julio",3.648
"824","AZUAY","GUACHAPALA",1,114,2024,3648,8,"Agosto",3.648
"825","AZUAY","GUACHAPALA",1,114,2024,3648,9,"Septiembre",3.648
"826","AZUAY","GUACHAPALA",1,114,2024,3648,10,"Octubre",3.648
"827","AZUAY","GUACHAPALA",1,114,2024,3648,11,"Noviembre",3.648
"828","AZUAY","GUACHAPALA",1,114,2024,3648,12,"Diciembre",3.648
"829","AZUAY","GUACHAPALA",1,114,2025,3656,1,"Enero",3.656
"830","AZUAY","GUACHAPALA",1,114,2025,3656,2,"Febrero",3.656
"831","AZUAY","GUACHAPALA",1,114,2025,3656,3,"Marzo",3.656
"832","AZUAY","GUACHAPALA",1,114,2025,3656,4,"Abril",3.656
"833","AZUAY","GUACHAPALA",1,114,2025,3656,5,"Mayo",3.656
"834","AZUAY","GUACHAPALA",1,114,2025,3656,6,"Junio",3.656
"835","AZUAY","GUACHAPALA",1,114,2025,3656,7,"Julio",3.656
"836","AZUAY","GUACHAPALA",1,114,2025,3656,8,"Agosto",3.656
"837","AZUAY","GUACHAPALA",1,114,2025,3656,9,"Septiembre",3.656
"838","AZUAY","GUACHAPALA",1,114,2025,3656,10,"Octubre",3.656
"839","AZUAY","GUACHAPALA",1,114,2025,3656,11,"Noviembre",3.656
"840","AZUAY","GUACHAPALA",1,114,2025,3656,12,"Diciembre",3.656
"841","AZUAY","CAMILO PONCE ENRIQUEZ",1,115,2021,23432,1,"Enero",23.432
"842","AZUAY","CAMILO PONCE ENRIQUEZ",1,115,2021,23432,2,"Febrero",23.432
"843","AZUAY","CAMILO PONCE ENRIQUEZ",1,115,2021,23432,3,"Marzo",23.432
"844","AZUAY","CAMILO PONCE ENRIQUEZ",1,115,2021,23432,4,"Abril",23.432
"845","AZUAY","CAMILO PONCE ENRIQUEZ",1,115,2021,23432,5,"Mayo",23.432
"846","AZUAY","CAMILO PONCE ENRIQUEZ",1,115,2021,23432,6,"Junio",23.432
"847","AZUAY","CAMILO PONCE ENRIQUEZ",1,115,2021,23432,7,"Julio",23.432
"848","AZUAY","CAMILO PONCE ENRIQUEZ",1,115,2021,23432,8,"Agosto",23.432
"849","AZUAY","CAMILO PONCE ENRIQUEZ",1,115,2021,23432,9,"Septiembre",23.432
"850","AZUAY","CAMILO PONCE ENRIQUEZ",1,115,2021,23432,10,"Octubre",23.432
"851","AZUAY","CAMILO PONCE ENRIQUEZ",1,115,2021,23432,11,"Noviembre",23.432
"852","AZUAY","CAMILO PONCE ENRIQUEZ",1,115,2021,23432,12,"Diciembre",23.432
"853","AZUAY","CAMILO PONCE ENRIQUEZ",1,115,2022,23825,1,"Enero",23.825
"854","AZUAY","CAMILO PONCE ENRIQUEZ",1,115,2022,23825,2,"Febrero",23.825
"855","AZUAY","CAMILO PONCE ENRIQUEZ",1,115,2022,23825,3,"Marzo",23.825
"856","AZUAY","CAMILO PONCE ENRIQUEZ",1,115,2022,23825,4,"Abril",23.825
"857","AZUAY","CAMILO PONCE ENRIQUEZ",1,115,2022,23825,5,"Mayo",23.825
"858","AZUAY","CAMILO PONCE ENRIQUEZ",1,115,2022,23825,6,"Junio",23.825
"859","AZUAY","CAMILO PONCE ENRIQUEZ",1,115,2022,23825,7,"Julio",23.825
"860","AZUAY","CAMILO PONCE ENRIQUEZ",1,115,2022,23825,8,"Agosto",23.825
"861","AZUAY","CAMILO PONCE ENRIQUEZ",1,115,2022,23825,9,"Septiembre",23.825
"862","AZUAY","CAMILO PONCE ENRIQUEZ",1,115,2022,23825,10,"Octubre",23.825
"863","AZUAY","CAMILO PONCE ENRIQUEZ",1,115,2022,23825,11,"Noviembre",23.825
"864","AZUAY","CAMILO PONCE ENRIQUEZ",1,115,2022,23825,12,"Diciembre",23.825
"865","AZUAY","CAMILO PONCE ENRIQUEZ",1,115,2023,24226,1,"Enero",24.226
"866","AZUAY","CAMILO PONCE ENRIQUEZ",1,115,2023,24226,2,"Febrero",24.226
"867","AZUAY","CAMILO PONCE ENRIQUEZ",1,115,2023,24226,3,"Marzo",24.226
"868","AZUAY","CAMILO PONCE ENRIQUEZ",1,115,2023,24226,4,"Abril",24.226
"869","AZUAY","CAMILO PONCE ENRIQUEZ",1,115,2023,24226,5,"Mayo",24.226
"870","AZUAY","CAMILO PONCE ENRIQUEZ",1,115,2023,24226,6,"Junio",24.226
"871","AZUAY","CAMILO PONCE ENRIQUEZ",1,115,2023,24226,7,"Julio",24.226
"872","AZUAY","CAMILO PONCE ENRIQUEZ",1,115,2023,24226,8,"Agosto",24.226
"873","AZUAY","CAMILO PONCE ENRIQUEZ",1,115,2023,24226,9,"Septiembre",24.226
"874","AZUAY","CAMILO PONCE ENRIQUEZ",1,115,2023,24226,10,"Octubre",24.226
"875","AZUAY","CAMILO PONCE ENRIQUEZ",1,115,2023,24226,11,"Noviembre",24.226
"876","AZUAY","CAMILO PONCE ENRIQUEZ",1,115,2023,24226,12,"Diciembre",24.226
"877","AZUAY","CAMILO PONCE ENRIQUEZ",1,115,2024,24624,1,"Enero",24.624
"878","AZUAY","CAMILO PONCE ENRIQUEZ",1,115,2024,24624,2,"Febrero",24.624
"879","AZUAY","CAMILO PONCE ENRIQUEZ",1,115,2024,24624,3,"Marzo",24.624
"880","AZUAY","CAMILO PONCE ENRIQUEZ",1,115,2024,24624,4,"Abril",24.624
"881","AZUAY","CAMILO PONCE ENRIQUEZ",1,115,2024,24624,5,"Mayo",24.624
"882","AZUAY","CAMILO PONCE ENRIQUEZ",1,115,2024,24624,6,"Junio",24.624
"883","AZUAY","CAMILO PONCE ENRIQUEZ",1,115,2024,24624,7,"Julio",24.624
"884","AZUAY","CAMILO PONCE ENRIQUEZ",1,115,2024,24624,8,"Agosto",24.624
"885","AZUAY","CAMILO PONCE ENRIQUEZ",1,115,2024,24624,9,"Septiembre",24.624
"886","AZUAY","CAMILO PONCE ENRIQUEZ",1,115,2024,24624,10,"Octubre",24.624
"887","AZUAY","CAMILO PONCE ENRIQUEZ",1,115,2024,24624,11,"Noviembre",24.624
"888","AZUAY","CAMILO PONCE ENRIQUEZ",1,115,2024,24624,12,"Diciembre",24.624
"889","AZUAY","CAMILO PONCE ENRIQUEZ",1,115,2025,25005,1,"Enero",25.005
"890","AZUAY","CAMILO PONCE ENRIQUEZ",1,115,2025,25005,2,"Febrero",25.005
"891","AZUAY","CAMILO PONCE ENRIQUEZ",1,115,2025,25005,3,"Marzo",25.005
"892","AZUAY","CAMILO PONCE ENRIQUEZ",1,115,2025,25005,4,"Abril",25.005
"893","AZUAY","CAMILO PONCE ENRIQUEZ",1,115,2025,25005,5,"Mayo",25.005
"894","AZUAY","CAMILO PONCE ENRIQUEZ",1,115,2025,25005,6,"Junio",25.005
"895","AZUAY","CAMILO PONCE ENRIQUEZ",1,115,2025,25005,7,"Julio",25.005
"896","AZUAY","CAMILO PONCE ENRIQUEZ",1,115,2025,25005,8,"Agosto",25.005
"897","AZUAY","CAMILO PONCE ENRIQUEZ",1,115,2025,25005,9,"Septiembre",25.005
"898","AZUAY","CAMILO PONCE ENRIQUEZ",1,115,2025,25005,10,"Octubre",25.005
"899","AZUAY","CAMILO PONCE ENRIQUEZ",1,115,2025,25005,11,"Noviembre",25.005
"900","AZUAY","CAMILO PONCE ENRIQUEZ",1,115,2025,25005,12,"Diciembre",25.005
"901","BOLIVAR","GUARANDA",2,201,2021,101954,1,"Enero",101.954
"902","BOLIVAR","GUARANDA",2,201,2021,101954,2,"Febrero",101.954
"903","BOLIVAR","GUARANDA",2,201,2021,101954,3,"Marzo",101.954
"904","BOLIVAR","GUARANDA",2,201,2021,101954,4,"Abril",101.954
"905","BOLIVAR","GUARANDA",2,201,2021,101954,5,"Mayo",101.954
"906","BOLIVAR","GUARANDA",2,201,2021,101954,6,"Junio",101.954
"907","BOLIVAR","GUARANDA",2,201,2021,101954,7,"Julio",101.954
"908","BOLIVAR","GUARANDA",2,201,2021,101954,8,"Agosto",101.954
"909","BOLIVAR","GUARANDA",2,201,2021,101954,9,"Septiembre",101.954
"910","BOLIVAR","GUARANDA",2,201,2021,101954,10,"Octubre",101.954
"911","BOLIVAR","GUARANDA",2,201,2021,101954,11,"Noviembre",101.954
"912","BOLIVAR","GUARANDA",2,201,2021,101954,12,"Diciembre",101.954
"913","BOLIVAR","GUARANDA",2,201,2022,101309,1,"Enero",101.309
"914","BOLIVAR","GUARANDA",2,201,2022,101309,2,"Febrero",101.309
"915","BOLIVAR","GUARANDA",2,201,2022,101309,3,"Marzo",101.309
"916","BOLIVAR","GUARANDA",2,201,2022,101309,4,"Abril",101.309
"917","BOLIVAR","GUARANDA",2,201,2022,101309,5,"Mayo",101.309
"918","BOLIVAR","GUARANDA",2,201,2022,101309,6,"Junio",101.309
"919","BOLIVAR","GUARANDA",2,201,2022,101309,7,"Julio",101.309
"920","BOLIVAR","GUARANDA",2,201,2022,101309,8,"Agosto",101.309
"921","BOLIVAR","GUARANDA",2,201,2022,101309,9,"Septiembre",101.309
"922","BOLIVAR","GUARANDA",2,201,2022,101309,10,"Octubre",101.309
"923","BOLIVAR","GUARANDA",2,201,2022,101309,11,"Noviembre",101.309
"924","BOLIVAR","GUARANDA",2,201,2022,101309,12,"Diciembre",101.309
"925","BOLIVAR","GUARANDA",2,201,2023,100831,1,"Enero",100.831
"926","BOLIVAR","GUARANDA",2,201,2023,100831,2,"Febrero",100.831
"927","BOLIVAR","GUARANDA",2,201,2023,100831,3,"Marzo",100.831
"928","BOLIVAR","GUARANDA",2,201,2023,100831,4,"Abril",100.831
"929","BOLIVAR","GUARANDA",2,201,2023,100831,5,"Mayo",100.831
"930","BOLIVAR","GUARANDA",2,201,2023,100831,6,"Junio",100.831
"931","BOLIVAR","GUARANDA",2,201,2023,100831,7,"Julio",100.831
"932","BOLIVAR","GUARANDA",2,201,2023,100831,8,"Agosto",100.831
"933","BOLIVAR","GUARANDA",2,201,2023,100831,9,"Septiembre",100.831
"934","BOLIVAR","GUARANDA",2,201,2023,100831,10,"Octubre",100.831
"935","BOLIVAR","GUARANDA",2,201,2023,100831,11,"Noviembre",100.831
"936","BOLIVAR","GUARANDA",2,201,2023,100831,12,"Diciembre",100.831
"937","BOLIVAR","GUARANDA",2,201,2024,100508,1,"Enero",100.508
"938","BOLIVAR","GUARANDA",2,201,2024,100508,2,"Febrero",100.508
"939","BOLIVAR","GUARANDA",2,201,2024,100508,3,"Marzo",100.508
"940","BOLIVAR","GUARANDA",2,201,2024,100508,4,"Abril",100.508
"941","BOLIVAR","GUARANDA",2,201,2024,100508,5,"Mayo",100.508
"942","BOLIVAR","GUARANDA",2,201,2024,100508,6,"Junio",100.508
"943","BOLIVAR","GUARANDA",2,201,2024,100508,7,"Julio",100.508
"944","BOLIVAR","GUARANDA",2,201,2024,100508,8,"Agosto",100.508
"945","BOLIVAR","GUARANDA",2,201,2024,100508,9,"Septiembre",100.508
"946","BOLIVAR","GUARANDA",2,201,2024,100508,10,"Octubre",100.508
"947","BOLIVAR","GUARANDA",2,201,2024,100508,11,"Noviembre",100.508
"948","BOLIVAR","GUARANDA",2,201,2024,100508,12,"Diciembre",100.508
"949","BOLIVAR","GUARANDA",2,201,2025,100355,1,"Enero",100.355
"950","BOLIVAR","GUARANDA",2,201,2025,100355,2,"Febrero",100.355
"951","BOLIVAR","GUARANDA",2,201,2025,100355,3,"Marzo",100.355
"952","BOLIVAR","GUARANDA",2,201,2025,100355,4,"Abril",100.355
"953","BOLIVAR","GUARANDA",2,201,2025,100355,5,"Mayo",100.355
"954","BOLIVAR","GUARANDA",2,201,2025,100355,6,"Junio",100.355
"955","BOLIVAR","GUARANDA",2,201,2025,100355,7,"Julio",100.355
"956","BOLIVAR","GUARANDA",2,201,2025,100355,8,"Agosto",100.355
"957","BOLIVAR","GUARANDA",2,201,2025,100355,9,"Septiembre",100.355
"958","BOLIVAR","GUARANDA",2,201,2025,100355,10,"Octubre",100.355
"959","BOLIVAR","GUARANDA",2,201,2025,100355,11,"Noviembre",100.355
"960","BOLIVAR","GUARANDA",2,201,2025,100355,12,"Diciembre",100.355
"961","BOLIVAR","CHILLANES",2,202,2021,20234,1,"Enero",20.234
"962","BOLIVAR","CHILLANES",2,202,2021,20234,2,"Febrero",20.234
"963","BOLIVAR","CHILLANES",2,202,2021,20234,3,"Marzo",20.234
"964","BOLIVAR","CHILLANES",2,202,2021,20234,4,"Abril",20.234
"965","BOLIVAR","CHILLANES",2,202,2021,20234,5,"Mayo",20.234
"966","BOLIVAR","CHILLANES",2,202,2021,20234,6,"Junio",20.234
"967","BOLIVAR","CHILLANES",2,202,2021,20234,7,"Julio",20.234
"968","BOLIVAR","CHILLANES",2,202,2021,20234,8,"Agosto",20.234
"969","BOLIVAR","CHILLANES",2,202,2021,20234,9,"Septiembre",20.234
"970","BOLIVAR","CHILLANES",2,202,2021,20234,10,"Octubre",20.234
"971","BOLIVAR","CHILLANES",2,202,2021,20234,11,"Noviembre",20.234
"972","BOLIVAR","CHILLANES",2,202,2021,20234,12,"Diciembre",20.234
"973","BOLIVAR","CHILLANES",2,202,2022,20201,1,"Enero",20.201
"974","BOLIVAR","CHILLANES",2,202,2022,20201,2,"Febrero",20.201
"975","BOLIVAR","CHILLANES",2,202,2022,20201,3,"Marzo",20.201
"976","BOLIVAR","CHILLANES",2,202,2022,20201,4,"Abril",20.201
"977","BOLIVAR","CHILLANES",2,202,2022,20201,5,"Mayo",20.201
"978","BOLIVAR","CHILLANES",2,202,2022,20201,6,"Junio",20.201
"979","BOLIVAR","CHILLANES",2,202,2022,20201,7,"Julio",20.201
"980","BOLIVAR","CHILLANES",2,202,2022,20201,8,"Agosto",20.201
"981","BOLIVAR","CHILLANES",2,202,2022,20201,9,"Septiembre",20.201
"982","BOLIVAR","CHILLANES",2,202,2022,20201,10,"Octubre",20.201
"983","BOLIVAR","CHILLANES",2,202,2022,20201,11,"Noviembre",20.201
"984","BOLIVAR","CHILLANES",2,202,2022,20201,12,"Diciembre",20.201
"985","BOLIVAR","CHILLANES",2,202,2023,20198,1,"Enero",20.198
"986","BOLIVAR","CHILLANES",2,202,2023,20198,2,"Febrero",20.198
"987","BOLIVAR","CHILLANES",2,202,2023,20198,3,"Marzo",20.198
"988","BOLIVAR","CHILLANES",2,202,2023,20198,4,"Abril",20.198
"989","BOLIVAR","CHILLANES",2,202,2023,20198,5,"Mayo",20.198
"990","BOLIVAR","CHILLANES",2,202,2023,20198,6,"Junio",20.198
"991","BOLIVAR","CHILLANES",2,202,2023,20198,7,"Julio",20.198
"992","BOLIVAR","CHILLANES",2,202,2023,20198,8,"Agosto",20.198
"993","BOLIVAR","CHILLANES",2,202,2023,20198,9,"Septiembre",20.198
"994","BOLIVAR","CHILLANES",2,202,2023,20198,10,"Octubre",20.198
"995","BOLIVAR","CHILLANES",2,202,2023,20198,11,"Noviembre",20.198
"996","BOLIVAR","CHILLANES",2,202,2023,20198,12,"Diciembre",20.198
"997","BOLIVAR","CHILLANES",2,202,2024,20223,1,"Enero",20.223
"998","BOLIVAR","CHILLANES",2,202,2024,20223,2,"Febrero",20.223
"999","BOLIVAR","CHILLANES",2,202,2024,20223,3,"Marzo",20.223
"1000","BOLIVAR","CHILLANES",2,202,2024,20223,4,"Abril",20.223
"1001","BOLIVAR","CHILLANES",2,202,2024,20223,5,"Mayo",20.223
"1002","BOLIVAR","CHILLANES",2,202,2024,20223,6,"Junio",20.223
"1003","BOLIVAR","CHILLANES",2,202,2024,20223,7,"Julio",20.223
"1004","BOLIVAR","CHILLANES",2,202,2024,20223,8,"Agosto",20.223
"1005","BOLIVAR","CHILLANES",2,202,2024,20223,9,"Septiembre",20.223
"1006","BOLIVAR","CHILLANES",2,202,2024,20223,10,"Octubre",20.223
"1007","BOLIVAR","CHILLANES",2,202,2024,20223,11,"Noviembre",20.223
"1008","BOLIVAR","CHILLANES",2,202,2024,20223,12,"Diciembre",20.223
"1009","BOLIVAR","CHILLANES",2,202,2025,20280,1,"Enero",20.28
"1010","BOLIVAR","CHILLANES",2,202,2025,20280,2,"Febrero",20.28
"1011","BOLIVAR","CHILLANES",2,202,2025,20280,3,"Marzo",20.28
"1012","BOLIVAR","CHILLANES",2,202,2025,20280,4,"Abril",20.28
"1013","BOLIVAR","CHILLANES",2,202,2025,20280,5,"Mayo",20.28
"1014","BOLIVAR","CHILLANES",2,202,2025,20280,6,"Junio",20.28
"1015","BOLIVAR","CHILLANES",2,202,2025,20280,7,"Julio",20.28
"1016","BOLIVAR","CHILLANES",2,202,2025,20280,8,"Agosto",20.28
"1017","BOLIVAR","CHILLANES",2,202,2025,20280,9,"Septiembre",20.28
"1018","BOLIVAR","CHILLANES",2,202,2025,20280,10,"Octubre",20.28
"1019","BOLIVAR","CHILLANES",2,202,2025,20280,11,"Noviembre",20.28
"1020","BOLIVAR","CHILLANES",2,202,2025,20280,12,"Diciembre",20.28
"1021","BOLIVAR","CHIMBO",2,203,2021,16200,1,"Enero",16.2
"1022","BOLIVAR","CHIMBO",2,203,2021,16200,2,"Febrero",16.2
"1023","BOLIVAR","CHIMBO",2,203,2021,16200,3,"Marzo",16.2
"1024","BOLIVAR","CHIMBO",2,203,2021,16200,4,"Abril",16.2
"1025","BOLIVAR","CHIMBO",2,203,2021,16200,5,"Mayo",16.2
"1026","BOLIVAR","CHIMBO",2,203,2021,16200,6,"Junio",16.2
"1027","BOLIVAR","CHIMBO",2,203,2021,16200,7,"Julio",16.2
"1028","BOLIVAR","CHIMBO",2,203,2021,16200,8,"Agosto",16.2
"1029","BOLIVAR","CHIMBO",2,203,2021,16200,9,"Septiembre",16.2
"1030","BOLIVAR","CHIMBO",2,203,2021,16200,10,"Octubre",16.2
"1031","BOLIVAR","CHIMBO",2,203,2021,16200,11,"Noviembre",16.2
"1032","BOLIVAR","CHIMBO",2,203,2021,16200,12,"Diciembre",16.2
"1033","BOLIVAR","CHIMBO",2,203,2022,15987,1,"Enero",15.987
"1034","BOLIVAR","CHIMBO",2,203,2022,15987,2,"Febrero",15.987
"1035","BOLIVAR","CHIMBO",2,203,2022,15987,3,"Marzo",15.987
"1036","BOLIVAR","CHIMBO",2,203,2022,15987,4,"Abril",15.987
"1037","BOLIVAR","CHIMBO",2,203,2022,15987,5,"Mayo",15.987
"1038","BOLIVAR","CHIMBO",2,203,2022,15987,6,"Junio",15.987
"1039","BOLIVAR","CHIMBO",2,203,2022,15987,7,"Julio",15.987
"1040","BOLIVAR","CHIMBO",2,203,2022,15987,8,"Agosto",15.987
"1041","BOLIVAR","CHIMBO",2,203,2022,15987,9,"Septiembre",15.987
"1042","BOLIVAR","CHIMBO",2,203,2022,15987,10,"Octubre",15.987
"1043","BOLIVAR","CHIMBO",2,203,2022,15987,11,"Noviembre",15.987
"1044","BOLIVAR","CHIMBO",2,203,2022,15987,12,"Diciembre",15.987
"1045","BOLIVAR","CHIMBO",2,203,2023,15807,1,"Enero",15.807
"1046","BOLIVAR","CHIMBO",2,203,2023,15807,2,"Febrero",15.807
"1047","BOLIVAR","CHIMBO",2,203,2023,15807,3,"Marzo",15.807
"1048","BOLIVAR","CHIMBO",2,203,2023,15807,4,"Abril",15.807
"1049","BOLIVAR","CHIMBO",2,203,2023,15807,5,"Mayo",15.807
"1050","BOLIVAR","CHIMBO",2,203,2023,15807,6,"Junio",15.807
"1051","BOLIVAR","CHIMBO",2,203,2023,15807,7,"Julio",15.807
"1052","BOLIVAR","CHIMBO",2,203,2023,15807,8,"Agosto",15.807
"1053","BOLIVAR","CHIMBO",2,203,2023,15807,9,"Septiembre",15.807
"1054","BOLIVAR","CHIMBO",2,203,2023,15807,10,"Octubre",15.807
"1055","BOLIVAR","CHIMBO",2,203,2023,15807,11,"Noviembre",15.807
"1056","BOLIVAR","CHIMBO",2,203,2023,15807,12,"Diciembre",15.807
"1057","BOLIVAR","CHIMBO",2,203,2024,15659,1,"Enero",15.659
"1058","BOLIVAR","CHIMBO",2,203,2024,15659,2,"Febrero",15.659
"1059","BOLIVAR","CHIMBO",2,203,2024,15659,3,"Marzo",15.659
"1060","BOLIVAR","CHIMBO",2,203,2024,15659,4,"Abril",15.659
"1061","BOLIVAR","CHIMBO",2,203,2024,15659,5,"Mayo",15.659
"1062","BOLIVAR","CHIMBO",2,203,2024,15659,6,"Junio",15.659
"1063","BOLIVAR","CHIMBO",2,203,2024,15659,7,"Julio",15.659
"1064","BOLIVAR","CHIMBO",2,203,2024,15659,8,"Agosto",15.659
"1065","BOLIVAR","CHIMBO",2,203,2024,15659,9,"Septiembre",15.659
"1066","BOLIVAR","CHIMBO",2,203,2024,15659,10,"Octubre",15.659
"1067","BOLIVAR","CHIMBO",2,203,2024,15659,11,"Noviembre",15.659
"1068","BOLIVAR","CHIMBO",2,203,2024,15659,12,"Diciembre",15.659
"1069","BOLIVAR","CHIMBO",2,203,2025,15548,1,"Enero",15.548
"1070","BOLIVAR","CHIMBO",2,203,2025,15548,2,"Febrero",15.548
"1071","BOLIVAR","CHIMBO",2,203,2025,15548,3,"Marzo",15.548
"1072","BOLIVAR","CHIMBO",2,203,2025,15548,4,"Abril",15.548
"1073","BOLIVAR","CHIMBO",2,203,2025,15548,5,"Mayo",15.548
"1074","BOLIVAR","CHIMBO",2,203,2025,15548,6,"Junio",15.548
"1075","BOLIVAR","CHIMBO",2,203,2025,15548,7,"Julio",15.548
"1076","BOLIVAR","CHIMBO",2,203,2025,15548,8,"Agosto",15.548
"1077","BOLIVAR","CHIMBO",2,203,2025,15548,9,"Septiembre",15.548
"1078","BOLIVAR","CHIMBO",2,203,2025,15548,10,"Octubre",15.548
"1079","BOLIVAR","CHIMBO",2,203,2025,15548,11,"Noviembre",15.548
"1080","BOLIVAR","CHIMBO",2,203,2025,15548,12,"Diciembre",15.548
"1081","BOLIVAR","ECHEANDIA",2,204,2021,15333,1,"Enero",15.333
"1082","BOLIVAR","ECHEANDIA",2,204,2021,15333,2,"Febrero",15.333
"1083","BOLIVAR","ECHEANDIA",2,204,2021,15333,3,"Marzo",15.333
"1084","BOLIVAR","ECHEANDIA",2,204,2021,15333,4,"Abril",15.333
"1085","BOLIVAR","ECHEANDIA",2,204,2021,15333,5,"Mayo",15.333
"1086","BOLIVAR","ECHEANDIA",2,204,2021,15333,6,"Junio",15.333
"1087","BOLIVAR","ECHEANDIA",2,204,2021,15333,7,"Julio",15.333
"1088","BOLIVAR","ECHEANDIA",2,204,2021,15333,8,"Agosto",15.333
"1089","BOLIVAR","ECHEANDIA",2,204,2021,15333,9,"Septiembre",15.333
"1090","BOLIVAR","ECHEANDIA",2,204,2021,15333,10,"Octubre",15.333
"1091","BOLIVAR","ECHEANDIA",2,204,2021,15333,11,"Noviembre",15.333
"1092","BOLIVAR","ECHEANDIA",2,204,2021,15333,12,"Diciembre",15.333
"1093","BOLIVAR","ECHEANDIA",2,204,2022,15346,1,"Enero",15.346
"1094","BOLIVAR","ECHEANDIA",2,204,2022,15346,2,"Febrero",15.346
"1095","BOLIVAR","ECHEANDIA",2,204,2022,15346,3,"Marzo",15.346
"1096","BOLIVAR","ECHEANDIA",2,204,2022,15346,4,"Abril",15.346
"1097","BOLIVAR","ECHEANDIA",2,204,2022,15346,5,"Mayo",15.346
"1098","BOLIVAR","ECHEANDIA",2,204,2022,15346,6,"Junio",15.346
"1099","BOLIVAR","ECHEANDIA",2,204,2022,15346,7,"Julio",15.346
"1100","BOLIVAR","ECHEANDIA",2,204,2022,15346,8,"Agosto",15.346
"1101","BOLIVAR","ECHEANDIA",2,204,2022,15346,9,"Septiembre",15.346
"1102","BOLIVAR","ECHEANDIA",2,204,2022,15346,10,"Octubre",15.346
"1103","BOLIVAR","ECHEANDIA",2,204,2022,15346,11,"Noviembre",15.346
"1104","BOLIVAR","ECHEANDIA",2,204,2022,15346,12,"Diciembre",15.346
"1105","BOLIVAR","ECHEANDIA",2,204,2023,15380,1,"Enero",15.38
"1106","BOLIVAR","ECHEANDIA",2,204,2023,15380,2,"Febrero",15.38
"1107","BOLIVAR","ECHEANDIA",2,204,2023,15380,3,"Marzo",15.38
"1108","BOLIVAR","ECHEANDIA",2,204,2023,15380,4,"Abril",15.38
"1109","BOLIVAR","ECHEANDIA",2,204,2023,15380,5,"Mayo",15.38
"1110","BOLIVAR","ECHEANDIA",2,204,2023,15380,6,"Junio",15.38
"1111","BOLIVAR","ECHEANDIA",2,204,2023,15380,7,"Julio",15.38
"1112","BOLIVAR","ECHEANDIA",2,204,2023,15380,8,"Agosto",15.38
"1113","BOLIVAR","ECHEANDIA",2,204,2023,15380,9,"Septiembre",15.38
"1114","BOLIVAR","ECHEANDIA",2,204,2023,15380,10,"Octubre",15.38
"1115","BOLIVAR","ECHEANDIA",2,204,2023,15380,11,"Noviembre",15.38
"1116","BOLIVAR","ECHEANDIA",2,204,2023,15380,12,"Diciembre",15.38
"1117","BOLIVAR","ECHEANDIA",2,204,2024,15434,1,"Enero",15.434
"1118","BOLIVAR","ECHEANDIA",2,204,2024,15434,2,"Febrero",15.434
"1119","BOLIVAR","ECHEANDIA",2,204,2024,15434,3,"Marzo",15.434
"1120","BOLIVAR","ECHEANDIA",2,204,2024,15434,4,"Abril",15.434
"1121","BOLIVAR","ECHEANDIA",2,204,2024,15434,5,"Mayo",15.434
"1122","BOLIVAR","ECHEANDIA",2,204,2024,15434,6,"Junio",15.434
"1123","BOLIVAR","ECHEANDIA",2,204,2024,15434,7,"Julio",15.434
"1124","BOLIVAR","ECHEANDIA",2,204,2024,15434,8,"Agosto",15.434
"1125","BOLIVAR","ECHEANDIA",2,204,2024,15434,9,"Septiembre",15.434
"1126","BOLIVAR","ECHEANDIA",2,204,2024,15434,10,"Octubre",15.434
"1127","BOLIVAR","ECHEANDIA",2,204,2024,15434,11,"Noviembre",15.434
"1128","BOLIVAR","ECHEANDIA",2,204,2024,15434,12,"Diciembre",15.434
"1129","BOLIVAR","ECHEANDIA",2,204,2025,15511,1,"Enero",15.511
"1130","BOLIVAR","ECHEANDIA",2,204,2025,15511,2,"Febrero",15.511
"1131","BOLIVAR","ECHEANDIA",2,204,2025,15511,3,"Marzo",15.511
"1132","BOLIVAR","ECHEANDIA",2,204,2025,15511,4,"Abril",15.511
"1133","BOLIVAR","ECHEANDIA",2,204,2025,15511,5,"Mayo",15.511
"1134","BOLIVAR","ECHEANDIA",2,204,2025,15511,6,"Junio",15.511
"1135","BOLIVAR","ECHEANDIA",2,204,2025,15511,7,"Julio",15.511
"1136","BOLIVAR","ECHEANDIA",2,204,2025,15511,8,"Agosto",15.511
"1137","BOLIVAR","ECHEANDIA",2,204,2025,15511,9,"Septiembre",15.511
"1138","BOLIVAR","ECHEANDIA",2,204,2025,15511,10,"Octubre",15.511
"1139","BOLIVAR","ECHEANDIA",2,204,2025,15511,11,"Noviembre",15.511
"1140","BOLIVAR","ECHEANDIA",2,204,2025,15511,12,"Diciembre",15.511
"1141","BOLIVAR","SAN MIGUEL",2,205,2021,29368,1,"Enero",29.368
"1142","BOLIVAR","SAN MIGUEL",2,205,2021,29368,2,"Febrero",29.368
"1143","BOLIVAR","SAN MIGUEL",2,205,2021,29368,3,"Marzo",29.368
"1144","BOLIVAR","SAN MIGUEL",2,205,2021,29368,4,"Abril",29.368
"1145","BOLIVAR","SAN MIGUEL",2,205,2021,29368,5,"Mayo",29.368
"1146","BOLIVAR","SAN MIGUEL",2,205,2021,29368,6,"Junio",29.368
"1147","BOLIVAR","SAN MIGUEL",2,205,2021,29368,7,"Julio",29.368
"1148","BOLIVAR","SAN MIGUEL",2,205,2021,29368,8,"Agosto",29.368
"1149","BOLIVAR","SAN MIGUEL",2,205,2021,29368,9,"Septiembre",29.368
"1150","BOLIVAR","SAN MIGUEL",2,205,2021,29368,10,"Octubre",29.368
"1151","BOLIVAR","SAN MIGUEL",2,205,2021,29368,11,"Noviembre",29.368
"1152","BOLIVAR","SAN MIGUEL",2,205,2021,29368,12,"Diciembre",29.368
"1153","BOLIVAR","SAN MIGUEL",2,205,2022,29143,1,"Enero",29.143
"1154","BOLIVAR","SAN MIGUEL",2,205,2022,29143,2,"Febrero",29.143
"1155","BOLIVAR","SAN MIGUEL",2,205,2022,29143,3,"Marzo",29.143
"1156","BOLIVAR","SAN MIGUEL",2,205,2022,29143,4,"Abril",29.143
"1157","BOLIVAR","SAN MIGUEL",2,205,2022,29143,5,"Mayo",29.143
"1158","BOLIVAR","SAN MIGUEL",2,205,2022,29143,6,"Junio",29.143
"1159","BOLIVAR","SAN MIGUEL",2,205,2022,29143,7,"Julio",29.143
"1160","BOLIVAR","SAN MIGUEL",2,205,2022,29143,8,"Agosto",29.143
"1161","BOLIVAR","SAN MIGUEL",2,205,2022,29143,9,"Septiembre",29.143
"1162","BOLIVAR","SAN MIGUEL",2,205,2022,29143,10,"Octubre",29.143
"1163","BOLIVAR","SAN MIGUEL",2,205,2022,29143,11,"Noviembre",29.143
"1164","BOLIVAR","SAN MIGUEL",2,205,2022,29143,12,"Diciembre",29.143
"1165","BOLIVAR","SAN MIGUEL",2,205,2023,28975,1,"Enero",28.975
"1166","BOLIVAR","SAN MIGUEL",2,205,2023,28975,2,"Febrero",28.975
"1167","BOLIVAR","SAN MIGUEL",2,205,2023,28975,3,"Marzo",28.975
"1168","BOLIVAR","SAN MIGUEL",2,205,2023,28975,4,"Abril",28.975
"1169","BOLIVAR","SAN MIGUEL",2,205,2023,28975,5,"Mayo",28.975
"1170","BOLIVAR","SAN MIGUEL",2,205,2023,28975,6,"Junio",28.975
"1171","BOLIVAR","SAN MIGUEL",2,205,2023,28975,7,"Julio",28.975
"1172","BOLIVAR","SAN MIGUEL",2,205,2023,28975,8,"Agosto",28.975
"1173","BOLIVAR","SAN MIGUEL",2,205,2023,28975,9,"Septiembre",28.975
"1174","BOLIVAR","SAN MIGUEL",2,205,2023,28975,10,"Octubre",28.975
"1175","BOLIVAR","SAN MIGUEL",2,205,2023,28975,11,"Noviembre",28.975
"1176","BOLIVAR","SAN MIGUEL",2,205,2023,28975,12,"Diciembre",28.975
"1177","BOLIVAR","SAN MIGUEL",2,205,2024,28860,1,"Enero",28.86
"1178","BOLIVAR","SAN MIGUEL",2,205,2024,28860,2,"Febrero",28.86
"1179","BOLIVAR","SAN MIGUEL",2,205,2024,28860,3,"Marzo",28.86
"1180","BOLIVAR","SAN MIGUEL",2,205,2024,28860,4,"Abril",28.86
"1181","BOLIVAR","SAN MIGUEL",2,205,2024,28860,5,"Mayo",28.86
"1182","BOLIVAR","SAN MIGUEL",2,205,2024,28860,6,"Junio",28.86
"1183","BOLIVAR","SAN MIGUEL",2,205,2024,28860,7,"Julio",28.86
"1184","BOLIVAR","SAN MIGUEL",2,205,2024,28860,8,"Agosto",28.86
"1185","BOLIVAR","SAN MIGUEL",2,205,2024,28860,9,"Septiembre",28.86
"1186","BOLIVAR","SAN MIGUEL",2,205,2024,28860,10,"Octubre",28.86
"1187","BOLIVAR","SAN MIGUEL",2,205,2024,28860,11,"Noviembre",28.86
"1188","BOLIVAR","SAN MIGUEL",2,205,2024,28860,12,"Diciembre",28.86
"1189","BOLIVAR","SAN MIGUEL",2,205,2025,28800,1,"Enero",28.8
"1190","BOLIVAR","SAN MIGUEL",2,205,2025,28800,2,"Febrero",28.8
"1191","BOLIVAR","SAN MIGUEL",2,205,2025,28800,3,"Marzo",28.8
"1192","BOLIVAR","SAN MIGUEL",2,205,2025,28800,4,"Abril",28.8
"1193","BOLIVAR","SAN MIGUEL",2,205,2025,28800,5,"Mayo",28.8
"1194","BOLIVAR","SAN MIGUEL",2,205,2025,28800,6,"Junio",28.8
"1195","BOLIVAR","SAN MIGUEL",2,205,2025,28800,7,"Julio",28.8
"1196","BOLIVAR","SAN MIGUEL",2,205,2025,28800,8,"Agosto",28.8
"1197","BOLIVAR","SAN MIGUEL",2,205,2025,28800,9,"Septiembre",28.8
"1198","BOLIVAR","SAN MIGUEL",2,205,2025,28800,10,"Octubre",28.8
"1199","BOLIVAR","SAN MIGUEL",2,205,2025,28800,11,"Noviembre",28.8
"1200","BOLIVAR","SAN MIGUEL",2,205,2025,28800,12,"Diciembre",28.8
"1201","BOLIVAR","CALUMA",2,206,2021,16325,1,"Enero",16.325
"1202","BOLIVAR","CALUMA",2,206,2021,16325,2,"Febrero",16.325
"1203","BOLIVAR","CALUMA",2,206,2021,16325,3,"Marzo",16.325
"1204","BOLIVAR","CALUMA",2,206,2021,16325,4,"Abril",16.325
"1205","BOLIVAR","CALUMA",2,206,2021,16325,5,"Mayo",16.325
"1206","BOLIVAR","CALUMA",2,206,2021,16325,6,"Junio",16.325
"1207","BOLIVAR","CALUMA",2,206,2021,16325,7,"Julio",16.325
"1208","BOLIVAR","CALUMA",2,206,2021,16325,8,"Agosto",16.325
"1209","BOLIVAR","CALUMA",2,206,2021,16325,9,"Septiembre",16.325
"1210","BOLIVAR","CALUMA",2,206,2021,16325,10,"Octubre",16.325
"1211","BOLIVAR","CALUMA",2,206,2021,16325,11,"Noviembre",16.325
"1212","BOLIVAR","CALUMA",2,206,2021,16325,12,"Diciembre",16.325
"1213","BOLIVAR","CALUMA",2,206,2022,16337,1,"Enero",16.337
"1214","BOLIVAR","CALUMA",2,206,2022,16337,2,"Febrero",16.337
"1215","BOLIVAR","CALUMA",2,206,2022,16337,3,"Marzo",16.337
"1216","BOLIVAR","CALUMA",2,206,2022,16337,4,"Abril",16.337
"1217","BOLIVAR","CALUMA",2,206,2022,16337,5,"Mayo",16.337
"1218","BOLIVAR","CALUMA",2,206,2022,16337,6,"Junio",16.337
"1219","BOLIVAR","CALUMA",2,206,2022,16337,7,"Julio",16.337
"1220","BOLIVAR","CALUMA",2,206,2022,16337,8,"Agosto",16.337
"1221","BOLIVAR","CALUMA",2,206,2022,16337,9,"Septiembre",16.337
"1222","BOLIVAR","CALUMA",2,206,2022,16337,10,"Octubre",16.337
"1223","BOLIVAR","CALUMA",2,206,2022,16337,11,"Noviembre",16.337
"1224","BOLIVAR","CALUMA",2,206,2022,16337,12,"Diciembre",16.337
"1225","BOLIVAR","CALUMA",2,206,2023,16373,1,"Enero",16.373
"1226","BOLIVAR","CALUMA",2,206,2023,16373,2,"Febrero",16.373
"1227","BOLIVAR","CALUMA",2,206,2023,16373,3,"Marzo",16.373
"1228","BOLIVAR","CALUMA",2,206,2023,16373,4,"Abril",16.373
"1229","BOLIVAR","CALUMA",2,206,2023,16373,5,"Mayo",16.373
"1230","BOLIVAR","CALUMA",2,206,2023,16373,6,"Junio",16.373
"1231","BOLIVAR","CALUMA",2,206,2023,16373,7,"Julio",16.373
"1232","BOLIVAR","CALUMA",2,206,2023,16373,8,"Agosto",16.373
"1233","BOLIVAR","CALUMA",2,206,2023,16373,9,"Septiembre",16.373
"1234","BOLIVAR","CALUMA",2,206,2023,16373,10,"Octubre",16.373
"1235","BOLIVAR","CALUMA",2,206,2023,16373,11,"Noviembre",16.373
"1236","BOLIVAR","CALUMA",2,206,2023,16373,12,"Diciembre",16.373
"1237","BOLIVAR","CALUMA",2,206,2024,16429,1,"Enero",16.429
"1238","BOLIVAR","CALUMA",2,206,2024,16429,2,"Febrero",16.429
"1239","BOLIVAR","CALUMA",2,206,2024,16429,3,"Marzo",16.429
"1240","BOLIVAR","CALUMA",2,206,2024,16429,4,"Abril",16.429
"1241","BOLIVAR","CALUMA",2,206,2024,16429,5,"Mayo",16.429
"1242","BOLIVAR","CALUMA",2,206,2024,16429,6,"Junio",16.429
"1243","BOLIVAR","CALUMA",2,206,2024,16429,7,"Julio",16.429
"1244","BOLIVAR","CALUMA",2,206,2024,16429,8,"Agosto",16.429
"1245","BOLIVAR","CALUMA",2,206,2024,16429,9,"Septiembre",16.429
"1246","BOLIVAR","CALUMA",2,206,2024,16429,10,"Octubre",16.429
"1247","BOLIVAR","CALUMA",2,206,2024,16429,11,"Noviembre",16.429
"1248","BOLIVAR","CALUMA",2,206,2024,16429,12,"Diciembre",16.429
"1249","BOLIVAR","CALUMA",2,206,2025,16509,1,"Enero",16.509
"1250","BOLIVAR","CALUMA",2,206,2025,16509,2,"Febrero",16.509
"1251","BOLIVAR","CALUMA",2,206,2025,16509,3,"Marzo",16.509
"1252","BOLIVAR","CALUMA",2,206,2025,16509,4,"Abril",16.509
"1253","BOLIVAR","CALUMA",2,206,2025,16509,5,"Mayo",16.509
"1254","BOLIVAR","CALUMA",2,206,2025,16509,6,"Junio",16.509
"1255","BOLIVAR","CALUMA",2,206,2025,16509,7,"Julio",16.509
"1256","BOLIVAR","CALUMA",2,206,2025,16509,8,"Agosto",16.509
"1257","BOLIVAR","CALUMA",2,206,2025,16509,9,"Septiembre",16.509
"1258","BOLIVAR","CALUMA",2,206,2025,16509,10,"Octubre",16.509
"1259","BOLIVAR","CALUMA",2,206,2025,16509,11,"Noviembre",16.509
"1260","BOLIVAR","CALUMA",2,206,2025,16509,12,"Diciembre",16.509
"1261","BOLIVAR","LAS NAVES",2,207,2021,7194,1,"Enero",7.194
"1262","BOLIVAR","LAS NAVES",2,207,2021,7194,2,"Febrero",7.194
"1263","BOLIVAR","LAS NAVES",2,207,2021,7194,3,"Marzo",7.194
"1264","BOLIVAR","LAS NAVES",2,207,2021,7194,4,"Abril",7.194
"1265","BOLIVAR","LAS NAVES",2,207,2021,7194,5,"Mayo",7.194
"1266","BOLIVAR","LAS NAVES",2,207,2021,7194,6,"Junio",7.194
"1267","BOLIVAR","LAS NAVES",2,207,2021,7194,7,"Julio",7.194
"1268","BOLIVAR","LAS NAVES",2,207,2021,7194,8,"Agosto",7.194
"1269","BOLIVAR","LAS NAVES",2,207,2021,7194,9,"Septiembre",7.194
"1270","BOLIVAR","LAS NAVES",2,207,2021,7194,10,"Octubre",7.194
"1271","BOLIVAR","LAS NAVES",2,207,2021,7194,11,"Noviembre",7.194
"1272","BOLIVAR","LAS NAVES",2,207,2021,7194,12,"Diciembre",7.194
"1273","BOLIVAR","LAS NAVES",2,207,2022,7221,1,"Enero",7.221
"1274","BOLIVAR","LAS NAVES",2,207,2022,7221,2,"Febrero",7.221
"1275","BOLIVAR","LAS NAVES",2,207,2022,7221,3,"Marzo",7.221
"1276","BOLIVAR","LAS NAVES",2,207,2022,7221,4,"Abril",7.221
"1277","BOLIVAR","LAS NAVES",2,207,2022,7221,5,"Mayo",7.221
"1278","BOLIVAR","LAS NAVES",2,207,2022,7221,6,"Junio",7.221
"1279","BOLIVAR","LAS NAVES",2,207,2022,7221,7,"Julio",7.221
"1280","BOLIVAR","LAS NAVES",2,207,2022,7221,8,"Agosto",7.221
"1281","BOLIVAR","LAS NAVES",2,207,2022,7221,9,"Septiembre",7.221
"1282","BOLIVAR","LAS NAVES",2,207,2022,7221,10,"Octubre",7.221
"1283","BOLIVAR","LAS NAVES",2,207,2022,7221,11,"Noviembre",7.221
"1284","BOLIVAR","LAS NAVES",2,207,2022,7221,12,"Diciembre",7.221
"1285","BOLIVAR","LAS NAVES",2,207,2023,7255,1,"Enero",7.255
"1286","BOLIVAR","LAS NAVES",2,207,2023,7255,2,"Febrero",7.255
"1287","BOLIVAR","LAS NAVES",2,207,2023,7255,3,"Marzo",7.255
"1288","BOLIVAR","LAS NAVES",2,207,2023,7255,4,"Abril",7.255
"1289","BOLIVAR","LAS NAVES",2,207,2023,7255,5,"Mayo",7.255
"1290","BOLIVAR","LAS NAVES",2,207,2023,7255,6,"Junio",7.255
"1291","BOLIVAR","LAS NAVES",2,207,2023,7255,7,"Julio",7.255
"1292","BOLIVAR","LAS NAVES",2,207,2023,7255,8,"Agosto",7.255
"1293","BOLIVAR","LAS NAVES",2,207,2023,7255,9,"Septiembre",7.255
"1294","BOLIVAR","LAS NAVES",2,207,2023,7255,10,"Octubre",7.255
"1295","BOLIVAR","LAS NAVES",2,207,2023,7255,11,"Noviembre",7.255
"1296","BOLIVAR","LAS NAVES",2,207,2023,7255,12,"Diciembre",7.255
"1297","BOLIVAR","LAS NAVES",2,207,2024,7297,1,"Enero",7.297
"1298","BOLIVAR","LAS NAVES",2,207,2024,7297,2,"Febrero",7.297
"1299","BOLIVAR","LAS NAVES",2,207,2024,7297,3,"Marzo",7.297
"1300","BOLIVAR","LAS NAVES",2,207,2024,7297,4,"Abril",7.297
"1301","BOLIVAR","LAS NAVES",2,207,2024,7297,5,"Mayo",7.297
"1302","BOLIVAR","LAS NAVES",2,207,2024,7297,6,"Junio",7.297
"1303","BOLIVAR","LAS NAVES",2,207,2024,7297,7,"Julio",7.297
"1304","BOLIVAR","LAS NAVES",2,207,2024,7297,8,"Agosto",7.297
"1305","BOLIVAR","LAS NAVES",2,207,2024,7297,9,"Septiembre",7.297
"1306","BOLIVAR","LAS NAVES",2,207,2024,7297,10,"Octubre",7.297
"1307","BOLIVAR","LAS NAVES",2,207,2024,7297,11,"Noviembre",7.297
"1308","BOLIVAR","LAS NAVES",2,207,2024,7297,12,"Diciembre",7.297
"1309","BOLIVAR","LAS NAVES",2,207,2025,7348,1,"Enero",7.348
"1310","BOLIVAR","LAS NAVES",2,207,2025,7348,2,"Febrero",7.348
"1311","BOLIVAR","LAS NAVES",2,207,2025,7348,3,"Marzo",7.348
"1312","BOLIVAR","LAS NAVES",2,207,2025,7348,4,"Abril",7.348
"1313","BOLIVAR","LAS NAVES",2,207,2025,7348,5,"Mayo",7.348
"1314","BOLIVAR","LAS NAVES",2,207,2025,7348,6,"Junio",7.348
"1315","BOLIVAR","LAS NAVES",2,207,2025,7348,7,"Julio",7.348
"1316","BOLIVAR","LAS NAVES",2,207,2025,7348,8,"Agosto",7.348
"1317","BOLIVAR","LAS NAVES",2,207,2025,7348,9,"Septiembre",7.348
"1318","BOLIVAR","LAS NAVES",2,207,2025,7348,10,"Octubre",7.348
"1319","BOLIVAR","LAS NAVES",2,207,2025,7348,11,"Noviembre",7.348
"1320","BOLIVAR","LAS NAVES",2,207,2025,7348,12,"Diciembre",7.348
"1321","CAÑAR","AZOGUES",3,301,2021,77227,1,"Enero",77.227
"1322","CAÑAR","AZOGUES",3,301,2021,77227,2,"Febrero",77.227
"1323","CAÑAR","AZOGUES",3,301,2021,77227,3,"Marzo",77.227
"1324","CAÑAR","AZOGUES",3,301,2021,77227,4,"Abril",77.227
"1325","CAÑAR","AZOGUES",3,301,2021,77227,5,"Mayo",77.227
"1326","CAÑAR","AZOGUES",3,301,2021,77227,6,"Junio",77.227
"1327","CAÑAR","AZOGUES",3,301,2021,77227,7,"Julio",77.227
"1328","CAÑAR","AZOGUES",3,301,2021,77227,8,"Agosto",77.227
"1329","CAÑAR","AZOGUES",3,301,2021,77227,9,"Septiembre",77.227
"1330","CAÑAR","AZOGUES",3,301,2021,77227,10,"Octubre",77.227
"1331","CAÑAR","AZOGUES",3,301,2021,77227,11,"Noviembre",77.227
"1332","CAÑAR","AZOGUES",3,301,2021,77227,12,"Diciembre",77.227
"1333","CAÑAR","AZOGUES",3,301,2022,77367,1,"Enero",77.367
"1334","CAÑAR","AZOGUES",3,301,2022,77367,2,"Febrero",77.367
"1335","CAÑAR","AZOGUES",3,301,2022,77367,3,"Marzo",77.367
"1336","CAÑAR","AZOGUES",3,301,2022,77367,4,"Abril",77.367
"1337","CAÑAR","AZOGUES",3,301,2022,77367,5,"Mayo",77.367
"1338","CAÑAR","AZOGUES",3,301,2022,77367,6,"Junio",77.367
"1339","CAÑAR","AZOGUES",3,301,2022,77367,7,"Julio",77.367
"1340","CAÑAR","AZOGUES",3,301,2022,77367,8,"Agosto",77.367
"1341","CAÑAR","AZOGUES",3,301,2022,77367,9,"Septiembre",77.367
"1342","CAÑAR","AZOGUES",3,301,2022,77367,10,"Octubre",77.367
"1343","CAÑAR","AZOGUES",3,301,2022,77367,11,"Noviembre",77.367
"1344","CAÑAR","AZOGUES",3,301,2022,77367,12,"Diciembre",77.367
"1345","CAÑAR","AZOGUES",3,301,2023,77533,1,"Enero",77.533
"1346","CAÑAR","AZOGUES",3,301,2023,77533,2,"Febrero",77.533
"1347","CAÑAR","AZOGUES",3,301,2023,77533,3,"Marzo",77.533
"1348","CAÑAR","AZOGUES",3,301,2023,77533,4,"Abril",77.533
"1349","CAÑAR","AZOGUES",3,301,2023,77533,5,"Mayo",77.533
"1350","CAÑAR","AZOGUES",3,301,2023,77533,6,"Junio",77.533
"1351","CAÑAR","AZOGUES",3,301,2023,77533,7,"Julio",77.533
"1352","CAÑAR","AZOGUES",3,301,2023,77533,8,"Agosto",77.533
"1353","CAÑAR","AZOGUES",3,301,2023,77533,9,"Septiembre",77.533
"1354","CAÑAR","AZOGUES",3,301,2023,77533,10,"Octubre",77.533
"1355","CAÑAR","AZOGUES",3,301,2023,77533,11,"Noviembre",77.533
"1356","CAÑAR","AZOGUES",3,301,2023,77533,12,"Diciembre",77.533
"1357","CAÑAR","AZOGUES",3,301,2024,77677,1,"Enero",77.677
"1358","CAÑAR","AZOGUES",3,301,2024,77677,2,"Febrero",77.677
"1359","CAÑAR","AZOGUES",3,301,2024,77677,3,"Marzo",77.677
"1360","CAÑAR","AZOGUES",3,301,2024,77677,4,"Abril",77.677
"1361","CAÑAR","AZOGUES",3,301,2024,77677,5,"Mayo",77.677
"1362","CAÑAR","AZOGUES",3,301,2024,77677,6,"Junio",77.677
"1363","CAÑAR","AZOGUES",3,301,2024,77677,7,"Julio",77.677
"1364","CAÑAR","AZOGUES",3,301,2024,77677,8,"Agosto",77.677
"1365","CAÑAR","AZOGUES",3,301,2024,77677,9,"Septiembre",77.677
"1366","CAÑAR","AZOGUES",3,301,2024,77677,10,"Octubre",77.677
"1367","CAÑAR","AZOGUES",3,301,2024,77677,11,"Noviembre",77.677
"1368","CAÑAR","AZOGUES",3,301,2024,77677,12,"Diciembre",77.677
"1369","CAÑAR","AZOGUES",3,301,2025,77819,1,"Enero",77.819
"1370","CAÑAR","AZOGUES",3,301,2025,77819,2,"Febrero",77.819
"1371","CAÑAR","AZOGUES",3,301,2025,77819,3,"Marzo",77.819
"1372","CAÑAR","AZOGUES",3,301,2025,77819,4,"Abril",77.819
"1373","CAÑAR","AZOGUES",3,301,2025,77819,5,"Mayo",77.819
"1374","CAÑAR","AZOGUES",3,301,2025,77819,6,"Junio",77.819
"1375","CAÑAR","AZOGUES",3,301,2025,77819,7,"Julio",77.819
"1376","CAÑAR","AZOGUES",3,301,2025,77819,8,"Agosto",77.819
"1377","CAÑAR","AZOGUES",3,301,2025,77819,9,"Septiembre",77.819
"1378","CAÑAR","AZOGUES",3,301,2025,77819,10,"Octubre",77.819
"1379","CAÑAR","AZOGUES",3,301,2025,77819,11,"Noviembre",77.819
"1380","CAÑAR","AZOGUES",3,301,2025,77819,12,"Diciembre",77.819
"1381","CAÑAR","BIBLIAN",3,302,2021,19604,1,"Enero",19.604
"1382","CAÑAR","BIBLIAN",3,302,2021,19604,2,"Febrero",19.604
"1383","CAÑAR","BIBLIAN",3,302,2021,19604,3,"Marzo",19.604
"1384","CAÑAR","BIBLIAN",3,302,2021,19604,4,"Abril",19.604
"1385","CAÑAR","BIBLIAN",3,302,2021,19604,5,"Mayo",19.604
"1386","CAÑAR","BIBLIAN",3,302,2021,19604,6,"Junio",19.604
"1387","CAÑAR","BIBLIAN",3,302,2021,19604,7,"Julio",19.604
"1388","CAÑAR","BIBLIAN",3,302,2021,19604,8,"Agosto",19.604
"1389","CAÑAR","BIBLIAN",3,302,2021,19604,9,"Septiembre",19.604
"1390","CAÑAR","BIBLIAN",3,302,2021,19604,10,"Octubre",19.604
"1391","CAÑAR","BIBLIAN",3,302,2021,19604,11,"Noviembre",19.604
"1392","CAÑAR","BIBLIAN",3,302,2021,19604,12,"Diciembre",19.604
"1393","CAÑAR","BIBLIAN",3,302,2022,19370,1,"Enero",19.37
"1394","CAÑAR","BIBLIAN",3,302,2022,19370,2,"Febrero",19.37
"1395","CAÑAR","BIBLIAN",3,302,2022,19370,3,"Marzo",19.37
"1396","CAÑAR","BIBLIAN",3,302,2022,19370,4,"Abril",19.37
"1397","CAÑAR","BIBLIAN",3,302,2022,19370,5,"Mayo",19.37
"1398","CAÑAR","BIBLIAN",3,302,2022,19370,6,"Junio",19.37
"1399","CAÑAR","BIBLIAN",3,302,2022,19370,7,"Julio",19.37
"1400","CAÑAR","BIBLIAN",3,302,2022,19370,8,"Agosto",19.37
"1401","CAÑAR","BIBLIAN",3,302,2022,19370,9,"Septiembre",19.37
"1402","CAÑAR","BIBLIAN",3,302,2022,19370,10,"Octubre",19.37
"1403","CAÑAR","BIBLIAN",3,302,2022,19370,11,"Noviembre",19.37
"1404","CAÑAR","BIBLIAN",3,302,2022,19370,12,"Diciembre",19.37
"1405","CAÑAR","BIBLIAN",3,302,2023,19167,1,"Enero",19.167
"1406","CAÑAR","BIBLIAN",3,302,2023,19167,2,"Febrero",19.167
"1407","CAÑAR","BIBLIAN",3,302,2023,19167,3,"Marzo",19.167
"1408","CAÑAR","BIBLIAN",3,302,2023,19167,4,"Abril",19.167
"1409","CAÑAR","BIBLIAN",3,302,2023,19167,5,"Mayo",19.167
"1410","CAÑAR","BIBLIAN",3,302,2023,19167,6,"Junio",19.167
"1411","CAÑAR","BIBLIAN",3,302,2023,19167,7,"Julio",19.167
"1412","CAÑAR","BIBLIAN",3,302,2023,19167,8,"Agosto",19.167
"1413","CAÑAR","BIBLIAN",3,302,2023,19167,9,"Septiembre",19.167
"1414","CAÑAR","BIBLIAN",3,302,2023,19167,10,"Octubre",19.167
"1415","CAÑAR","BIBLIAN",3,302,2023,19167,11,"Noviembre",19.167
"1416","CAÑAR","BIBLIAN",3,302,2023,19167,12,"Diciembre",19.167
"1417","CAÑAR","BIBLIAN",3,302,2024,18986,1,"Enero",18.986
"1418","CAÑAR","BIBLIAN",3,302,2024,18986,2,"Febrero",18.986
"1419","CAÑAR","BIBLIAN",3,302,2024,18986,3,"Marzo",18.986
"1420","CAÑAR","BIBLIAN",3,302,2024,18986,4,"Abril",18.986
"1421","CAÑAR","BIBLIAN",3,302,2024,18986,5,"Mayo",18.986
"1422","CAÑAR","BIBLIAN",3,302,2024,18986,6,"Junio",18.986
"1423","CAÑAR","BIBLIAN",3,302,2024,18986,7,"Julio",18.986
"1424","CAÑAR","BIBLIAN",3,302,2024,18986,8,"Agosto",18.986
"1425","CAÑAR","BIBLIAN",3,302,2024,18986,9,"Septiembre",18.986
"1426","CAÑAR","BIBLIAN",3,302,2024,18986,10,"Octubre",18.986
"1427","CAÑAR","BIBLIAN",3,302,2024,18986,11,"Noviembre",18.986
"1428","CAÑAR","BIBLIAN",3,302,2024,18986,12,"Diciembre",18.986
"1429","CAÑAR","BIBLIAN",3,302,2025,18828,1,"Enero",18.828
"1430","CAÑAR","BIBLIAN",3,302,2025,18828,2,"Febrero",18.828
"1431","CAÑAR","BIBLIAN",3,302,2025,18828,3,"Marzo",18.828
"1432","CAÑAR","BIBLIAN",3,302,2025,18828,4,"Abril",18.828
"1433","CAÑAR","BIBLIAN",3,302,2025,18828,5,"Mayo",18.828
"1434","CAÑAR","BIBLIAN",3,302,2025,18828,6,"Junio",18.828
"1435","CAÑAR","BIBLIAN",3,302,2025,18828,7,"Julio",18.828
"1436","CAÑAR","BIBLIAN",3,302,2025,18828,8,"Agosto",18.828
"1437","CAÑAR","BIBLIAN",3,302,2025,18828,9,"Septiembre",18.828
"1438","CAÑAR","BIBLIAN",3,302,2025,18828,10,"Octubre",18.828
"1439","CAÑAR","BIBLIAN",3,302,2025,18828,11,"Noviembre",18.828
"1440","CAÑAR","BIBLIAN",3,302,2025,18828,12,"Diciembre",18.828
"1441","CAÑAR","CAÑAR",3,303,2021,54354,1,"Enero",54.354
"1442","CAÑAR","CAÑAR",3,303,2021,54354,2,"Febrero",54.354
"1443","CAÑAR","CAÑAR",3,303,2021,54354,3,"Marzo",54.354
"1444","CAÑAR","CAÑAR",3,303,2021,54354,4,"Abril",54.354
"1445","CAÑAR","CAÑAR",3,303,2021,54354,5,"Mayo",54.354
"1446","CAÑAR","CAÑAR",3,303,2021,54354,6,"Junio",54.354
"1447","CAÑAR","CAÑAR",3,303,2021,54354,7,"Julio",54.354
"1448","CAÑAR","CAÑAR",3,303,2021,54354,8,"Agosto",54.354
"1449","CAÑAR","CAÑAR",3,303,2021,54354,9,"Septiembre",54.354
"1450","CAÑAR","CAÑAR",3,303,2021,54354,10,"Octubre",54.354
"1451","CAÑAR","CAÑAR",3,303,2021,54354,11,"Noviembre",54.354
"1452","CAÑAR","CAÑAR",3,303,2021,54354,12,"Diciembre",54.354
"1453","CAÑAR","CAÑAR",3,303,2022,53686,1,"Enero",53.686
"1454","CAÑAR","CAÑAR",3,303,2022,53686,2,"Febrero",53.686
"1455","CAÑAR","CAÑAR",3,303,2022,53686,3,"Marzo",53.686
"1456","CAÑAR","CAÑAR",3,303,2022,53686,4,"Abril",53.686
"1457","CAÑAR","CAÑAR",3,303,2022,53686,5,"Mayo",53.686
"1458","CAÑAR","CAÑAR",3,303,2022,53686,6,"Junio",53.686
"1459","CAÑAR","CAÑAR",3,303,2022,53686,7,"Julio",53.686
"1460","CAÑAR","CAÑAR",3,303,2022,53686,8,"Agosto",53.686
"1461","CAÑAR","CAÑAR",3,303,2022,53686,9,"Septiembre",53.686
"1462","CAÑAR","CAÑAR",3,303,2022,53686,10,"Octubre",53.686
"1463","CAÑAR","CAÑAR",3,303,2022,53686,11,"Noviembre",53.686
"1464","CAÑAR","CAÑAR",3,303,2022,53686,12,"Diciembre",53.686
"1465","CAÑAR","CAÑAR",3,303,2023,53114,1,"Enero",53.114
"1466","CAÑAR","CAÑAR",3,303,2023,53114,2,"Febrero",53.114
"1467","CAÑAR","CAÑAR",3,303,2023,53114,3,"Marzo",53.114
"1468","CAÑAR","CAÑAR",3,303,2023,53114,4,"Abril",53.114
"1469","CAÑAR","CAÑAR",3,303,2023,53114,5,"Mayo",53.114
"1470","CAÑAR","CAÑAR",3,303,2023,53114,6,"Junio",53.114
"1471","CAÑAR","CAÑAR",3,303,2023,53114,7,"Julio",53.114
"1472","CAÑAR","CAÑAR",3,303,2023,53114,8,"Agosto",53.114
"1473","CAÑAR","CAÑAR",3,303,2023,53114,9,"Septiembre",53.114
"1474","CAÑAR","CAÑAR",3,303,2023,53114,10,"Octubre",53.114
"1475","CAÑAR","CAÑAR",3,303,2023,53114,11,"Noviembre",53.114
"1476","CAÑAR","CAÑAR",3,303,2023,53114,12,"Diciembre",53.114
"1477","CAÑAR","CAÑAR",3,303,2024,52602,1,"Enero",52.602
"1478","CAÑAR","CAÑAR",3,303,2024,52602,2,"Febrero",52.602
"1479","CAÑAR","CAÑAR",3,303,2024,52602,3,"Marzo",52.602
"1480","CAÑAR","CAÑAR",3,303,2024,52602,4,"Abril",52.602
"1481","CAÑAR","CAÑAR",3,303,2024,52602,5,"Mayo",52.602
"1482","CAÑAR","CAÑAR",3,303,2024,52602,6,"Junio",52.602
"1483","CAÑAR","CAÑAR",3,303,2024,52602,7,"Julio",52.602
"1484","CAÑAR","CAÑAR",3,303,2024,52602,8,"Agosto",52.602
"1485","CAÑAR","CAÑAR",3,303,2024,52602,9,"Septiembre",52.602
"1486","CAÑAR","CAÑAR",3,303,2024,52602,10,"Octubre",52.602
"1487","CAÑAR","CAÑAR",3,303,2024,52602,11,"Noviembre",52.602
"1488","CAÑAR","CAÑAR",3,303,2024,52602,12,"Diciembre",52.602
"1489","CAÑAR","CAÑAR",3,303,2025,52160,1,"Enero",52.16
"1490","CAÑAR","CAÑAR",3,303,2025,52160,2,"Febrero",52.16
"1491","CAÑAR","CAÑAR",3,303,2025,52160,3,"Marzo",52.16
"1492","CAÑAR","CAÑAR",3,303,2025,52160,4,"Abril",52.16
"1493","CAÑAR","CAÑAR",3,303,2025,52160,5,"Mayo",52.16
"1494","CAÑAR","CAÑAR",3,303,2025,52160,6,"Junio",52.16
"1495","CAÑAR","CAÑAR",3,303,2025,52160,7,"Julio",52.16
"1496","CAÑAR","CAÑAR",3,303,2025,52160,8,"Agosto",52.16
"1497","CAÑAR","CAÑAR",3,303,2025,52160,9,"Septiembre",52.16
"1498","CAÑAR","CAÑAR",3,303,2025,52160,10,"Octubre",52.16
"1499","CAÑAR","CAÑAR",3,303,2025,52160,11,"Noviembre",52.16
"1500","CAÑAR","CAÑAR",3,303,2025,52160,12,"Diciembre",52.16
"1501","CAÑAR","LA TRONCAL",3,304,2021,65703,1,"Enero",65.703
"1502","CAÑAR","LA TRONCAL",3,304,2021,65703,2,"Febrero",65.703
"1503","CAÑAR","LA TRONCAL",3,304,2021,65703,3,"Marzo",65.703
"1504","CAÑAR","LA TRONCAL",3,304,2021,65703,4,"Abril",65.703
"1505","CAÑAR","LA TRONCAL",3,304,2021,65703,5,"Mayo",65.703
"1506","CAÑAR","LA TRONCAL",3,304,2021,65703,6,"Junio",65.703
"1507","CAÑAR","LA TRONCAL",3,304,2021,65703,7,"Julio",65.703
"1508","CAÑAR","LA TRONCAL",3,304,2021,65703,8,"Agosto",65.703
"1509","CAÑAR","LA TRONCAL",3,304,2021,65703,9,"Septiembre",65.703
"1510","CAÑAR","LA TRONCAL",3,304,2021,65703,10,"Octubre",65.703
"1511","CAÑAR","LA TRONCAL",3,304,2021,65703,11,"Noviembre",65.703
"1512","CAÑAR","LA TRONCAL",3,304,2021,65703,12,"Diciembre",65.703
"1513","CAÑAR","LA TRONCAL",3,304,2022,66369,1,"Enero",66.369
"1514","CAÑAR","LA TRONCAL",3,304,2022,66369,2,"Febrero",66.369
"1515","CAÑAR","LA TRONCAL",3,304,2022,66369,3,"Marzo",66.369
"1516","CAÑAR","LA TRONCAL",3,304,2022,66369,4,"Abril",66.369
"1517","CAÑAR","LA TRONCAL",3,304,2022,66369,5,"Mayo",66.369
"1518","CAÑAR","LA TRONCAL",3,304,2022,66369,6,"Junio",66.369
"1519","CAÑAR","LA TRONCAL",3,304,2022,66369,7,"Julio",66.369
"1520","CAÑAR","LA TRONCAL",3,304,2022,66369,8,"Agosto",66.369
"1521","CAÑAR","LA TRONCAL",3,304,2022,66369,9,"Septiembre",66.369
"1522","CAÑAR","LA TRONCAL",3,304,2022,66369,10,"Octubre",66.369
"1523","CAÑAR","LA TRONCAL",3,304,2022,66369,11,"Noviembre",66.369
"1524","CAÑAR","LA TRONCAL",3,304,2022,66369,12,"Diciembre",66.369
"1525","CAÑAR","LA TRONCAL",3,304,2023,67016,1,"Enero",67.016
"1526","CAÑAR","LA TRONCAL",3,304,2023,67016,2,"Febrero",67.016
"1527","CAÑAR","LA TRONCAL",3,304,2023,67016,3,"Marzo",67.016
"1528","CAÑAR","LA TRONCAL",3,304,2023,67016,4,"Abril",67.016
"1529","CAÑAR","LA TRONCAL",3,304,2023,67016,5,"Mayo",67.016
"1530","CAÑAR","LA TRONCAL",3,304,2023,67016,6,"Junio",67.016
"1531","CAÑAR","LA TRONCAL",3,304,2023,67016,7,"Julio",67.016
"1532","CAÑAR","LA TRONCAL",3,304,2023,67016,8,"Agosto",67.016
"1533","CAÑAR","LA TRONCAL",3,304,2023,67016,9,"Septiembre",67.016
"1534","CAÑAR","LA TRONCAL",3,304,2023,67016,10,"Octubre",67.016
"1535","CAÑAR","LA TRONCAL",3,304,2023,67016,11,"Noviembre",67.016
"1536","CAÑAR","LA TRONCAL",3,304,2023,67016,12,"Diciembre",67.016
"1537","CAÑAR","LA TRONCAL",3,304,2024,67598,1,"Enero",67.598
"1538","CAÑAR","LA TRONCAL",3,304,2024,67598,2,"Febrero",67.598
"1539","CAÑAR","LA TRONCAL",3,304,2024,67598,3,"Marzo",67.598
"1540","CAÑAR","LA TRONCAL",3,304,2024,67598,4,"Abril",67.598
"1541","CAÑAR","LA TRONCAL",3,304,2024,67598,5,"Mayo",67.598
"1542","CAÑAR","LA TRONCAL",3,304,2024,67598,6,"Junio",67.598
"1543","CAÑAR","LA TRONCAL",3,304,2024,67598,7,"Julio",67.598
"1544","CAÑAR","LA TRONCAL",3,304,2024,67598,8,"Agosto",67.598
"1545","CAÑAR","LA TRONCAL",3,304,2024,67598,9,"Septiembre",67.598
"1546","CAÑAR","LA TRONCAL",3,304,2024,67598,10,"Octubre",67.598
"1547","CAÑAR","LA TRONCAL",3,304,2024,67598,11,"Noviembre",67.598
"1548","CAÑAR","LA TRONCAL",3,304,2024,67598,12,"Diciembre",67.598
"1549","CAÑAR","LA TRONCAL",3,304,2025,68127,1,"Enero",68.127
"1550","CAÑAR","LA TRONCAL",3,304,2025,68127,2,"Febrero",68.127
"1551","CAÑAR","LA TRONCAL",3,304,2025,68127,3,"Marzo",68.127
"1552","CAÑAR","LA TRONCAL",3,304,2025,68127,4,"Abril",68.127
"1553","CAÑAR","LA TRONCAL",3,304,2025,68127,5,"Mayo",68.127
"1554","CAÑAR","LA TRONCAL",3,304,2025,68127,6,"Junio",68.127
"1555","CAÑAR","LA TRONCAL",3,304,2025,68127,7,"Julio",68.127
"1556","CAÑAR","LA TRONCAL",3,304,2025,68127,8,"Agosto",68.127
"1557","CAÑAR","LA TRONCAL",3,304,2025,68127,9,"Septiembre",68.127
"1558","CAÑAR","LA TRONCAL",3,304,2025,68127,10,"Octubre",68.127
"1559","CAÑAR","LA TRONCAL",3,304,2025,68127,11,"Noviembre",68.127
"1560","CAÑAR","LA TRONCAL",3,304,2025,68127,12,"Diciembre",68.127
"1561","CAÑAR","EL TAMBO",3,305,2021,9769,1,"Enero",9.769
"1562","CAÑAR","EL TAMBO",3,305,2021,9769,2,"Febrero",9.769
"1563","CAÑAR","EL TAMBO",3,305,2021,9769,3,"Marzo",9.769
"1564","CAÑAR","EL TAMBO",3,305,2021,9769,4,"Abril",9.769
"1565","CAÑAR","EL TAMBO",3,305,2021,9769,5,"Mayo",9.769
"1566","CAÑAR","EL TAMBO",3,305,2021,9769,6,"Junio",9.769
"1567","CAÑAR","EL TAMBO",3,305,2021,9769,7,"Julio",9.769
"1568","CAÑAR","EL TAMBO",3,305,2021,9769,8,"Agosto",9.769
"1569","CAÑAR","EL TAMBO",3,305,2021,9769,9,"Septiembre",9.769
"1570","CAÑAR","EL TAMBO",3,305,2021,9769,10,"Octubre",9.769
"1571","CAÑAR","EL TAMBO",3,305,2021,9769,11,"Noviembre",9.769
"1572","CAÑAR","EL TAMBO",3,305,2021,9769,12,"Diciembre",9.769
"1573","CAÑAR","EL TAMBO",3,305,2022,9732,1,"Enero",9.732
"1574","CAÑAR","EL TAMBO",3,305,2022,9732,2,"Febrero",9.732
"1575","CAÑAR","EL TAMBO",3,305,2022,9732,3,"Marzo",9.732
"1576","CAÑAR","EL TAMBO",3,305,2022,9732,4,"Abril",9.732
"1577","CAÑAR","EL TAMBO",3,305,2022,9732,5,"Mayo",9.732
"1578","CAÑAR","EL TAMBO",3,305,2022,9732,6,"Junio",9.732
"1579","CAÑAR","EL TAMBO",3,305,2022,9732,7,"Julio",9.732
"1580","CAÑAR","EL TAMBO",3,305,2022,9732,8,"Agosto",9.732
"1581","CAÑAR","EL TAMBO",3,305,2022,9732,9,"Septiembre",9.732
"1582","CAÑAR","EL TAMBO",3,305,2022,9732,10,"Octubre",9.732
"1583","CAÑAR","EL TAMBO",3,305,2022,9732,11,"Noviembre",9.732
"1584","CAÑAR","EL TAMBO",3,305,2022,9732,12,"Diciembre",9.732
"1585","CAÑAR","EL TAMBO",3,305,2023,9701,1,"Enero",9.701
"1586","CAÑAR","EL TAMBO",3,305,2023,9701,2,"Febrero",9.701
"1587","CAÑAR","EL TAMBO",3,305,2023,9701,3,"Marzo",9.701
"1588","CAÑAR","EL TAMBO",3,305,2023,9701,4,"Abril",9.701
"1589","CAÑAR","EL TAMBO",3,305,2023,9701,5,"Mayo",9.701
"1590","CAÑAR","EL TAMBO",3,305,2023,9701,6,"Junio",9.701
"1591","CAÑAR","EL TAMBO",3,305,2023,9701,7,"Julio",9.701
"1592","CAÑAR","EL TAMBO",3,305,2023,9701,8,"Agosto",9.701
"1593","CAÑAR","EL TAMBO",3,305,2023,9701,9,"Septiembre",9.701
"1594","CAÑAR","EL TAMBO",3,305,2023,9701,10,"Octubre",9.701
"1595","CAÑAR","EL TAMBO",3,305,2023,9701,11,"Noviembre",9.701
"1596","CAÑAR","EL TAMBO",3,305,2023,9701,12,"Diciembre",9.701
"1597","CAÑAR","EL TAMBO",3,305,2024,9670,1,"Enero",9.67
"1598","CAÑAR","EL TAMBO",3,305,2024,9670,2,"Febrero",9.67
"1599","CAÑAR","EL TAMBO",3,305,2024,9670,3,"Marzo",9.67
"1600","CAÑAR","EL TAMBO",3,305,2024,9670,4,"Abril",9.67
"1601","CAÑAR","EL TAMBO",3,305,2024,9670,5,"Mayo",9.67
"1602","CAÑAR","EL TAMBO",3,305,2024,9670,6,"Junio",9.67
"1603","CAÑAR","EL TAMBO",3,305,2024,9670,7,"Julio",9.67
"1604","CAÑAR","EL TAMBO",3,305,2024,9670,8,"Agosto",9.67
"1605","CAÑAR","EL TAMBO",3,305,2024,9670,9,"Septiembre",9.67
"1606","CAÑAR","EL TAMBO",3,305,2024,9670,10,"Octubre",9.67
"1607","CAÑAR","EL TAMBO",3,305,2024,9670,11,"Noviembre",9.67
"1608","CAÑAR","EL TAMBO",3,305,2024,9670,12,"Diciembre",9.67
"1609","CAÑAR","EL TAMBO",3,305,2025,9643,1,"Enero",9.643
"1610","CAÑAR","EL TAMBO",3,305,2025,9643,2,"Febrero",9.643
"1611","CAÑAR","EL TAMBO",3,305,2025,9643,3,"Marzo",9.643
"1612","CAÑAR","EL TAMBO",3,305,2025,9643,4,"Abril",9.643
"1613","CAÑAR","EL TAMBO",3,305,2025,9643,5,"Mayo",9.643
"1614","CAÑAR","EL TAMBO",3,305,2025,9643,6,"Junio",9.643
"1615","CAÑAR","EL TAMBO",3,305,2025,9643,7,"Julio",9.643
"1616","CAÑAR","EL TAMBO",3,305,2025,9643,8,"Agosto",9.643
"1617","CAÑAR","EL TAMBO",3,305,2025,9643,9,"Septiembre",9.643
"1618","CAÑAR","EL TAMBO",3,305,2025,9643,10,"Octubre",9.643
"1619","CAÑAR","EL TAMBO",3,305,2025,9643,11,"Noviembre",9.643
"1620","CAÑAR","EL TAMBO",3,305,2025,9643,12,"Diciembre",9.643
"1621","CAÑAR","DELEG",3,306,2021,6331,1,"Enero",6.331
"1622","CAÑAR","DELEG",3,306,2021,6331,2,"Febrero",6.331
"1623","CAÑAR","DELEG",3,306,2021,6331,3,"Marzo",6.331
"1624","CAÑAR","DELEG",3,306,2021,6331,4,"Abril",6.331
"1625","CAÑAR","DELEG",3,306,2021,6331,5,"Mayo",6.331
"1626","CAÑAR","DELEG",3,306,2021,6331,6,"Junio",6.331
"1627","CAÑAR","DELEG",3,306,2021,6331,7,"Julio",6.331
"1628","CAÑAR","DELEG",3,306,2021,6331,8,"Agosto",6.331
"1629","CAÑAR","DELEG",3,306,2021,6331,9,"Septiembre",6.331
"1630","CAÑAR","DELEG",3,306,2021,6331,10,"Octubre",6.331
"1631","CAÑAR","DELEG",3,306,2021,6331,11,"Noviembre",6.331
"1632","CAÑAR","DELEG",3,306,2021,6331,12,"Diciembre",6.331
"1633","CAÑAR","DELEG",3,306,2022,6309,1,"Enero",6.309
"1634","CAÑAR","DELEG",3,306,2022,6309,2,"Febrero",6.309
"1635","CAÑAR","DELEG",3,306,2022,6309,3,"Marzo",6.309
"1636","CAÑAR","DELEG",3,306,2022,6309,4,"Abril",6.309
"1637","CAÑAR","DELEG",3,306,2022,6309,5,"Mayo",6.309
"1638","CAÑAR","DELEG",3,306,2022,6309,6,"Junio",6.309
"1639","CAÑAR","DELEG",3,306,2022,6309,7,"Julio",6.309
"1640","CAÑAR","DELEG",3,306,2022,6309,8,"Agosto",6.309
"1641","CAÑAR","DELEG",3,306,2022,6309,9,"Septiembre",6.309
"1642","CAÑAR","DELEG",3,306,2022,6309,10,"Octubre",6.309
"1643","CAÑAR","DELEG",3,306,2022,6309,11,"Noviembre",6.309
"1644","CAÑAR","DELEG",3,306,2022,6309,12,"Diciembre",6.309
"1645","CAÑAR","DELEG",3,306,2023,6290,1,"Enero",6.29
"1646","CAÑAR","DELEG",3,306,2023,6290,2,"Febrero",6.29
"1647","CAÑAR","DELEG",3,306,2023,6290,3,"Marzo",6.29
"1648","CAÑAR","DELEG",3,306,2023,6290,4,"Abril",6.29
"1649","CAÑAR","DELEG",3,306,2023,6290,5,"Mayo",6.29
"1650","CAÑAR","DELEG",3,306,2023,6290,6,"Junio",6.29
"1651","CAÑAR","DELEG",3,306,2023,6290,7,"Julio",6.29
"1652","CAÑAR","DELEG",3,306,2023,6290,8,"Agosto",6.29
"1653","CAÑAR","DELEG",3,306,2023,6290,9,"Septiembre",6.29
"1654","CAÑAR","DELEG",3,306,2023,6290,10,"Octubre",6.29
"1655","CAÑAR","DELEG",3,306,2023,6290,11,"Noviembre",6.29
"1656","CAÑAR","DELEG",3,306,2023,6290,12,"Diciembre",6.29
"1657","CAÑAR","DELEG",3,306,2024,6272,1,"Enero",6.272
"1658","CAÑAR","DELEG",3,306,2024,6272,2,"Febrero",6.272
"1659","CAÑAR","DELEG",3,306,2024,6272,3,"Marzo",6.272
"1660","CAÑAR","DELEG",3,306,2024,6272,4,"Abril",6.272
"1661","CAÑAR","DELEG",3,306,2024,6272,5,"Mayo",6.272
"1662","CAÑAR","DELEG",3,306,2024,6272,6,"Junio",6.272
"1663","CAÑAR","DELEG",3,306,2024,6272,7,"Julio",6.272
"1664","CAÑAR","DELEG",3,306,2024,6272,8,"Agosto",6.272
"1665","CAÑAR","DELEG",3,306,2024,6272,9,"Septiembre",6.272
"1666","CAÑAR","DELEG",3,306,2024,6272,10,"Octubre",6.272
"1667","CAÑAR","DELEG",3,306,2024,6272,11,"Noviembre",6.272
"1668","CAÑAR","DELEG",3,306,2024,6272,12,"Diciembre",6.272
"1669","CAÑAR","DELEG",3,306,2025,6255,1,"Enero",6.255
"1670","CAÑAR","DELEG",3,306,2025,6255,2,"Febrero",6.255
"1671","CAÑAR","DELEG",3,306,2025,6255,3,"Marzo",6.255
"1672","CAÑAR","DELEG",3,306,2025,6255,4,"Abril",6.255
"1673","CAÑAR","DELEG",3,306,2025,6255,5,"Mayo",6.255
"1674","CAÑAR","DELEG",3,306,2025,6255,6,"Junio",6.255
"1675","CAÑAR","DELEG",3,306,2025,6255,7,"Julio",6.255
"1676","CAÑAR","DELEG",3,306,2025,6255,8,"Agosto",6.255
"1677","CAÑAR","DELEG",3,306,2025,6255,9,"Septiembre",6.255
"1678","CAÑAR","DELEG",3,306,2025,6255,10,"Octubre",6.255
"1679","CAÑAR","DELEG",3,306,2025,6255,11,"Noviembre",6.255
"1680","CAÑAR","DELEG",3,306,2025,6255,12,"Diciembre",6.255
"1681","CAÑAR","SUSCAL",3,307,2021,4802,1,"Enero",4.802
"1682","CAÑAR","SUSCAL",3,307,2021,4802,2,"Febrero",4.802
"1683","CAÑAR","SUSCAL",3,307,2021,4802,3,"Marzo",4.802
"1684","CAÑAR","SUSCAL",3,307,2021,4802,4,"Abril",4.802
"1685","CAÑAR","SUSCAL",3,307,2021,4802,5,"Mayo",4.802
"1686","CAÑAR","SUSCAL",3,307,2021,4802,6,"Junio",4.802
"1687","CAÑAR","SUSCAL",3,307,2021,4802,7,"Julio",4.802
"1688","CAÑAR","SUSCAL",3,307,2021,4802,8,"Agosto",4.802
"1689","CAÑAR","SUSCAL",3,307,2021,4802,9,"Septiembre",4.802
"1690","CAÑAR","SUSCAL",3,307,2021,4802,10,"Octubre",4.802
"1691","CAÑAR","SUSCAL",3,307,2021,4802,11,"Noviembre",4.802
"1692","CAÑAR","SUSCAL",3,307,2021,4802,12,"Diciembre",4.802
"1693","CAÑAR","SUSCAL",3,307,2022,4751,1,"Enero",4.751
"1694","CAÑAR","SUSCAL",3,307,2022,4751,2,"Febrero",4.751
"1695","CAÑAR","SUSCAL",3,307,2022,4751,3,"Marzo",4.751
"1696","CAÑAR","SUSCAL",3,307,2022,4751,4,"Abril",4.751
"1697","CAÑAR","SUSCAL",3,307,2022,4751,5,"Mayo",4.751
"1698","CAÑAR","SUSCAL",3,307,2022,4751,6,"Junio",4.751
"1699","CAÑAR","SUSCAL",3,307,2022,4751,7,"Julio",4.751
"1700","CAÑAR","SUSCAL",3,307,2022,4751,8,"Agosto",4.751
"1701","CAÑAR","SUSCAL",3,307,2022,4751,9,"Septiembre",4.751
"1702","CAÑAR","SUSCAL",3,307,2022,4751,10,"Octubre",4.751
"1703","CAÑAR","SUSCAL",3,307,2022,4751,11,"Noviembre",4.751
"1704","CAÑAR","SUSCAL",3,307,2022,4751,12,"Diciembre",4.751
"1705","CAÑAR","SUSCAL",3,307,2023,4706,1,"Enero",4.706
"1706","CAÑAR","SUSCAL",3,307,2023,4706,2,"Febrero",4.706
"1707","CAÑAR","SUSCAL",3,307,2023,4706,3,"Marzo",4.706
"1708","CAÑAR","SUSCAL",3,307,2023,4706,4,"Abril",4.706
"1709","CAÑAR","SUSCAL",3,307,2023,4706,5,"Mayo",4.706
"1710","CAÑAR","SUSCAL",3,307,2023,4706,6,"Junio",4.706
"1711","CAÑAR","SUSCAL",3,307,2023,4706,7,"Julio",4.706
"1712","CAÑAR","SUSCAL",3,307,2023,4706,8,"Agosto",4.706
"1713","CAÑAR","SUSCAL",3,307,2023,4706,9,"Septiembre",4.706
"1714","CAÑAR","SUSCAL",3,307,2023,4706,10,"Octubre",4.706
"1715","CAÑAR","SUSCAL",3,307,2023,4706,11,"Noviembre",4.706
"1716","CAÑAR","SUSCAL",3,307,2023,4706,12,"Diciembre",4.706
"1717","CAÑAR","SUSCAL",3,307,2024,4665,1,"Enero",4.665
"1718","CAÑAR","SUSCAL",3,307,2024,4665,2,"Febrero",4.665
"1719","CAÑAR","SUSCAL",3,307,2024,4665,3,"Marzo",4.665
"1720","CAÑAR","SUSCAL",3,307,2024,4665,4,"Abril",4.665
"1721","CAÑAR","SUSCAL",3,307,2024,4665,5,"Mayo",4.665
"1722","CAÑAR","SUSCAL",3,307,2024,4665,6,"Junio",4.665
"1723","CAÑAR","SUSCAL",3,307,2024,4665,7,"Julio",4.665
"1724","CAÑAR","SUSCAL",3,307,2024,4665,8,"Agosto",4.665
"1725","CAÑAR","SUSCAL",3,307,2024,4665,9,"Septiembre",4.665
"1726","CAÑAR","SUSCAL",3,307,2024,4665,10,"Octubre",4.665
"1727","CAÑAR","SUSCAL",3,307,2024,4665,11,"Noviembre",4.665
"1728","CAÑAR","SUSCAL",3,307,2024,4665,12,"Diciembre",4.665
"1729","CAÑAR","SUSCAL",3,307,2025,4628,1,"Enero",4.628
"1730","CAÑAR","SUSCAL",3,307,2025,4628,2,"Febrero",4.628
"1731","CAÑAR","SUSCAL",3,307,2025,4628,3,"Marzo",4.628
"1732","CAÑAR","SUSCAL",3,307,2025,4628,4,"Abril",4.628
"1733","CAÑAR","SUSCAL",3,307,2025,4628,5,"Mayo",4.628
"1734","CAÑAR","SUSCAL",3,307,2025,4628,6,"Junio",4.628
"1735","CAÑAR","SUSCAL",3,307,2025,4628,7,"Julio",4.628
"1736","CAÑAR","SUSCAL",3,307,2025,4628,8,"Agosto",4.628
"1737","CAÑAR","SUSCAL",3,307,2025,4628,9,"Septiembre",4.628
"1738","CAÑAR","SUSCAL",3,307,2025,4628,10,"Octubre",4.628
"1739","CAÑAR","SUSCAL",3,307,2025,4628,11,"Noviembre",4.628
"1740","CAÑAR","SUSCAL",3,307,2025,4628,12,"Diciembre",4.628
"1741","CARCHI","TULCAN",4,401,2021,97597,1,"Enero",97.597
"1742","CARCHI","TULCAN",4,401,2021,97597,2,"Febrero",97.597
"1743","CARCHI","TULCAN",4,401,2021,97597,3,"Marzo",97.597
"1744","CARCHI","TULCAN",4,401,2021,97597,4,"Abril",97.597
"1745","CARCHI","TULCAN",4,401,2021,97597,5,"Mayo",97.597
"1746","CARCHI","TULCAN",4,401,2021,97597,6,"Junio",97.597
"1747","CARCHI","TULCAN",4,401,2021,97597,7,"Julio",97.597
"1748","CARCHI","TULCAN",4,401,2021,97597,8,"Agosto",97.597
"1749","CARCHI","TULCAN",4,401,2021,97597,9,"Septiembre",97.597
"1750","CARCHI","TULCAN",4,401,2021,97597,10,"Octubre",97.597
"1751","CARCHI","TULCAN",4,401,2021,97597,11,"Noviembre",97.597
"1752","CARCHI","TULCAN",4,401,2021,97597,12,"Diciembre",97.597
"1753","CARCHI","TULCAN",4,401,2022,96812,1,"Enero",96.812
"1754","CARCHI","TULCAN",4,401,2022,96812,2,"Febrero",96.812
"1755","CARCHI","TULCAN",4,401,2022,96812,3,"Marzo",96.812
"1756","CARCHI","TULCAN",4,401,2022,96812,4,"Abril",96.812
"1757","CARCHI","TULCAN",4,401,2022,96812,5,"Mayo",96.812
"1758","CARCHI","TULCAN",4,401,2022,96812,6,"Junio",96.812
"1759","CARCHI","TULCAN",4,401,2022,96812,7,"Julio",96.812
"1760","CARCHI","TULCAN",4,401,2022,96812,8,"Agosto",96.812
"1761","CARCHI","TULCAN",4,401,2022,96812,9,"Septiembre",96.812
"1762","CARCHI","TULCAN",4,401,2022,96812,10,"Octubre",96.812
"1763","CARCHI","TULCAN",4,401,2022,96812,11,"Noviembre",96.812
"1764","CARCHI","TULCAN",4,401,2022,96812,12,"Diciembre",96.812
"1765","CARCHI","TULCAN",4,401,2023,96038,1,"Enero",96.038
"1766","CARCHI","TULCAN",4,401,2023,96038,2,"Febrero",96.038
"1767","CARCHI","TULCAN",4,401,2023,96038,3,"Marzo",96.038
"1768","CARCHI","TULCAN",4,401,2023,96038,4,"Abril",96.038
"1769","CARCHI","TULCAN",4,401,2023,96038,5,"Mayo",96.038
"1770","CARCHI","TULCAN",4,401,2023,96038,6,"Junio",96.038
"1771","CARCHI","TULCAN",4,401,2023,96038,7,"Julio",96.038
"1772","CARCHI","TULCAN",4,401,2023,96038,8,"Agosto",96.038
"1773","CARCHI","TULCAN",4,401,2023,96038,9,"Septiembre",96.038
"1774","CARCHI","TULCAN",4,401,2023,96038,10,"Octubre",96.038
"1775","CARCHI","TULCAN",4,401,2023,96038,11,"Noviembre",96.038
"1776","CARCHI","TULCAN",4,401,2023,96038,12,"Diciembre",96.038
"1777","CARCHI","TULCAN",4,401,2024,95422,1,"Enero",95.422
"1778","CARCHI","TULCAN",4,401,2024,95422,2,"Febrero",95.422
"1779","CARCHI","TULCAN",4,401,2024,95422,3,"Marzo",95.422
"1780","CARCHI","TULCAN",4,401,2024,95422,4,"Abril",95.422
"1781","CARCHI","TULCAN",4,401,2024,95422,5,"Mayo",95.422
"1782","CARCHI","TULCAN",4,401,2024,95422,6,"Junio",95.422
"1783","CARCHI","TULCAN",4,401,2024,95422,7,"Julio",95.422
"1784","CARCHI","TULCAN",4,401,2024,95422,8,"Agosto",95.422
"1785","CARCHI","TULCAN",4,401,2024,95422,9,"Septiembre",95.422
"1786","CARCHI","TULCAN",4,401,2024,95422,10,"Octubre",95.422
"1787","CARCHI","TULCAN",4,401,2024,95422,11,"Noviembre",95.422
"1788","CARCHI","TULCAN",4,401,2024,95422,12,"Diciembre",95.422
"1789","CARCHI","TULCAN",4,401,2025,95087,1,"Enero",95.087
"1790","CARCHI","TULCAN",4,401,2025,95087,2,"Febrero",95.087
"1791","CARCHI","TULCAN",4,401,2025,95087,3,"Marzo",95.087
"1792","CARCHI","TULCAN",4,401,2025,95087,4,"Abril",95.087
"1793","CARCHI","TULCAN",4,401,2025,95087,5,"Mayo",95.087
"1794","CARCHI","TULCAN",4,401,2025,95087,6,"Junio",95.087
"1795","CARCHI","TULCAN",4,401,2025,95087,7,"Julio",95.087
"1796","CARCHI","TULCAN",4,401,2025,95087,8,"Agosto",95.087
"1797","CARCHI","TULCAN",4,401,2025,95087,9,"Septiembre",95.087
"1798","CARCHI","TULCAN",4,401,2025,95087,10,"Octubre",95.087
"1799","CARCHI","TULCAN",4,401,2025,95087,11,"Noviembre",95.087
"1800","CARCHI","TULCAN",4,401,2025,95087,12,"Diciembre",95.087
"1801","CARCHI","BOLIVAR",4,402,2021,16541,1,"Enero",16.541
"1802","CARCHI","BOLIVAR",4,402,2021,16541,2,"Febrero",16.541
"1803","CARCHI","BOLIVAR",4,402,2021,16541,3,"Marzo",16.541
"1804","CARCHI","BOLIVAR",4,402,2021,16541,4,"Abril",16.541
"1805","CARCHI","BOLIVAR",4,402,2021,16541,5,"Mayo",16.541
"1806","CARCHI","BOLIVAR",4,402,2021,16541,6,"Junio",16.541
"1807","CARCHI","BOLIVAR",4,402,2021,16541,7,"Julio",16.541
"1808","CARCHI","BOLIVAR",4,402,2021,16541,8,"Agosto",16.541
"1809","CARCHI","BOLIVAR",4,402,2021,16541,9,"Septiembre",16.541
"1810","CARCHI","BOLIVAR",4,402,2021,16541,10,"Octubre",16.541
"1811","CARCHI","BOLIVAR",4,402,2021,16541,11,"Noviembre",16.541
"1812","CARCHI","BOLIVAR",4,402,2021,16541,12,"Diciembre",16.541
"1813","CARCHI","BOLIVAR",4,402,2022,16476,1,"Enero",16.476
"1814","CARCHI","BOLIVAR",4,402,2022,16476,2,"Febrero",16.476
"1815","CARCHI","BOLIVAR",4,402,2022,16476,3,"Marzo",16.476
"1816","CARCHI","BOLIVAR",4,402,2022,16476,4,"Abril",16.476
"1817","CARCHI","BOLIVAR",4,402,2022,16476,5,"Mayo",16.476
"1818","CARCHI","BOLIVAR",4,402,2022,16476,6,"Junio",16.476
"1819","CARCHI","BOLIVAR",4,402,2022,16476,7,"Julio",16.476
"1820","CARCHI","BOLIVAR",4,402,2022,16476,8,"Agosto",16.476
"1821","CARCHI","BOLIVAR",4,402,2022,16476,9,"Septiembre",16.476
"1822","CARCHI","BOLIVAR",4,402,2022,16476,10,"Octubre",16.476
"1823","CARCHI","BOLIVAR",4,402,2022,16476,11,"Noviembre",16.476
"1824","CARCHI","BOLIVAR",4,402,2022,16476,12,"Diciembre",16.476
"1825","CARCHI","BOLIVAR",4,402,2023,16410,1,"Enero",16.41
"1826","CARCHI","BOLIVAR",4,402,2023,16410,2,"Febrero",16.41
"1827","CARCHI","BOLIVAR",4,402,2023,16410,3,"Marzo",16.41
"1828","CARCHI","BOLIVAR",4,402,2023,16410,4,"Abril",16.41
"1829","CARCHI","BOLIVAR",4,402,2023,16410,5,"Mayo",16.41
"1830","CARCHI","BOLIVAR",4,402,2023,16410,6,"Junio",16.41
"1831","CARCHI","BOLIVAR",4,402,2023,16410,7,"Julio",16.41
"1832","CARCHI","BOLIVAR",4,402,2023,16410,8,"Agosto",16.41
"1833","CARCHI","BOLIVAR",4,402,2023,16410,9,"Septiembre",16.41
"1834","CARCHI","BOLIVAR",4,402,2023,16410,10,"Octubre",16.41
"1835","CARCHI","BOLIVAR",4,402,2023,16410,11,"Noviembre",16.41
"1836","CARCHI","BOLIVAR",4,402,2023,16410,12,"Diciembre",16.41
"1837","CARCHI","BOLIVAR",4,402,2024,16366,1,"Enero",16.366
"1838","CARCHI","BOLIVAR",4,402,2024,16366,2,"Febrero",16.366
"1839","CARCHI","BOLIVAR",4,402,2024,16366,3,"Marzo",16.366
"1840","CARCHI","BOLIVAR",4,402,2024,16366,4,"Abril",16.366
"1841","CARCHI","BOLIVAR",4,402,2024,16366,5,"Mayo",16.366
"1842","CARCHI","BOLIVAR",4,402,2024,16366,6,"Junio",16.366
"1843","CARCHI","BOLIVAR",4,402,2024,16366,7,"Julio",16.366
"1844","CARCHI","BOLIVAR",4,402,2024,16366,8,"Agosto",16.366
"1845","CARCHI","BOLIVAR",4,402,2024,16366,9,"Septiembre",16.366
"1846","CARCHI","BOLIVAR",4,402,2024,16366,10,"Octubre",16.366
"1847","CARCHI","BOLIVAR",4,402,2024,16366,11,"Noviembre",16.366
"1848","CARCHI","BOLIVAR",4,402,2024,16366,12,"Diciembre",16.366
"1849","CARCHI","BOLIVAR",4,402,2025,16368,1,"Enero",16.368
"1850","CARCHI","BOLIVAR",4,402,2025,16368,2,"Febrero",16.368
"1851","CARCHI","BOLIVAR",4,402,2025,16368,3,"Marzo",16.368
"1852","CARCHI","BOLIVAR",4,402,2025,16368,4,"Abril",16.368
"1853","CARCHI","BOLIVAR",4,402,2025,16368,5,"Mayo",16.368
"1854","CARCHI","BOLIVAR",4,402,2025,16368,6,"Junio",16.368
"1855","CARCHI","BOLIVAR",4,402,2025,16368,7,"Julio",16.368
"1856","CARCHI","BOLIVAR",4,402,2025,16368,8,"Agosto",16.368
"1857","CARCHI","BOLIVAR",4,402,2025,16368,9,"Septiembre",16.368
"1858","CARCHI","BOLIVAR",4,402,2025,16368,10,"Octubre",16.368
"1859","CARCHI","BOLIVAR",4,402,2025,16368,11,"Noviembre",16.368
"1860","CARCHI","BOLIVAR",4,402,2025,16368,12,"Diciembre",16.368
"1861","CARCHI","ESPEJO",4,403,2021,15080,1,"Enero",15.08
"1862","CARCHI","ESPEJO",4,403,2021,15080,2,"Febrero",15.08
"1863","CARCHI","ESPEJO",4,403,2021,15080,3,"Marzo",15.08
"1864","CARCHI","ESPEJO",4,403,2021,15080,4,"Abril",15.08
"1865","CARCHI","ESPEJO",4,403,2021,15080,5,"Mayo",15.08
"1866","CARCHI","ESPEJO",4,403,2021,15080,6,"Junio",15.08
"1867","CARCHI","ESPEJO",4,403,2021,15080,7,"Julio",15.08
"1868","CARCHI","ESPEJO",4,403,2021,15080,8,"Agosto",15.08
"1869","CARCHI","ESPEJO",4,403,2021,15080,9,"Septiembre",15.08
"1870","CARCHI","ESPEJO",4,403,2021,15080,10,"Octubre",15.08
"1871","CARCHI","ESPEJO",4,403,2021,15080,11,"Noviembre",15.08
"1872","CARCHI","ESPEJO",4,403,2021,15080,12,"Diciembre",15.08
"1873","CARCHI","ESPEJO",4,403,2022,14933,1,"Enero",14.933
"1874","CARCHI","ESPEJO",4,403,2022,14933,2,"Febrero",14.933
"1875","CARCHI","ESPEJO",4,403,2022,14933,3,"Marzo",14.933
"1876","CARCHI","ESPEJO",4,403,2022,14933,4,"Abril",14.933
"1877","CARCHI","ESPEJO",4,403,2022,14933,5,"Mayo",14.933
"1878","CARCHI","ESPEJO",4,403,2022,14933,6,"Junio",14.933
"1879","CARCHI","ESPEJO",4,403,2022,14933,7,"Julio",14.933
"1880","CARCHI","ESPEJO",4,403,2022,14933,8,"Agosto",14.933
"1881","CARCHI","ESPEJO",4,403,2022,14933,9,"Septiembre",14.933
"1882","CARCHI","ESPEJO",4,403,2022,14933,10,"Octubre",14.933
"1883","CARCHI","ESPEJO",4,403,2022,14933,11,"Noviembre",14.933
"1884","CARCHI","ESPEJO",4,403,2022,14933,12,"Diciembre",14.933
"1885","CARCHI","ESPEJO",4,403,2023,14788,1,"Enero",14.788
"1886","CARCHI","ESPEJO",4,403,2023,14788,2,"Febrero",14.788
"1887","CARCHI","ESPEJO",4,403,2023,14788,3,"Marzo",14.788
"1888","CARCHI","ESPEJO",4,403,2023,14788,4,"Abril",14.788
"1889","CARCHI","ESPEJO",4,403,2023,14788,5,"Mayo",14.788
"1890","CARCHI","ESPEJO",4,403,2023,14788,6,"Junio",14.788
"1891","CARCHI","ESPEJO",4,403,2023,14788,7,"Julio",14.788
"1892","CARCHI","ESPEJO",4,403,2023,14788,8,"Agosto",14.788
"1893","CARCHI","ESPEJO",4,403,2023,14788,9,"Septiembre",14.788
"1894","CARCHI","ESPEJO",4,403,2023,14788,10,"Octubre",14.788
"1895","CARCHI","ESPEJO",4,403,2023,14788,11,"Noviembre",14.788
"1896","CARCHI","ESPEJO",4,403,2023,14788,12,"Diciembre",14.788
"1897","CARCHI","ESPEJO",4,403,2024,14669,1,"Enero",14.669
"1898","CARCHI","ESPEJO",4,403,2024,14669,2,"Febrero",14.669
"1899","CARCHI","ESPEJO",4,403,2024,14669,3,"Marzo",14.669
"1900","CARCHI","ESPEJO",4,403,2024,14669,4,"Abril",14.669
"1901","CARCHI","ESPEJO",4,403,2024,14669,5,"Mayo",14.669
"1902","CARCHI","ESPEJO",4,403,2024,14669,6,"Junio",14.669
"1903","CARCHI","ESPEJO",4,403,2024,14669,7,"Julio",14.669
"1904","CARCHI","ESPEJO",4,403,2024,14669,8,"Agosto",14.669
"1905","CARCHI","ESPEJO",4,403,2024,14669,9,"Septiembre",14.669
"1906","CARCHI","ESPEJO",4,403,2024,14669,10,"Octubre",14.669
"1907","CARCHI","ESPEJO",4,403,2024,14669,11,"Noviembre",14.669
"1908","CARCHI","ESPEJO",4,403,2024,14669,12,"Diciembre",14.669
"1909","CARCHI","ESPEJO",4,403,2025,14593,1,"Enero",14.593
"1910","CARCHI","ESPEJO",4,403,2025,14593,2,"Febrero",14.593
"1911","CARCHI","ESPEJO",4,403,2025,14593,3,"Marzo",14.593
"1912","CARCHI","ESPEJO",4,403,2025,14593,4,"Abril",14.593
"1913","CARCHI","ESPEJO",4,403,2025,14593,5,"Mayo",14.593
"1914","CARCHI","ESPEJO",4,403,2025,14593,6,"Junio",14.593
"1915","CARCHI","ESPEJO",4,403,2025,14593,7,"Julio",14.593
"1916","CARCHI","ESPEJO",4,403,2025,14593,8,"Agosto",14.593
"1917","CARCHI","ESPEJO",4,403,2025,14593,9,"Septiembre",14.593
"1918","CARCHI","ESPEJO",4,403,2025,14593,10,"Octubre",14.593
"1919","CARCHI","ESPEJO",4,403,2025,14593,11,"Noviembre",14.593
"1920","CARCHI","ESPEJO",4,403,2025,14593,12,"Diciembre",14.593
"1921","CARCHI","MIRA",4,404,2021,13339,1,"Enero",13.339
"1922","CARCHI","MIRA",4,404,2021,13339,2,"Febrero",13.339
"1923","CARCHI","MIRA",4,404,2021,13339,3,"Marzo",13.339
"1924","CARCHI","MIRA",4,404,2021,13339,4,"Abril",13.339
"1925","CARCHI","MIRA",4,404,2021,13339,5,"Mayo",13.339
"1926","CARCHI","MIRA",4,404,2021,13339,6,"Junio",13.339
"1927","CARCHI","MIRA",4,404,2021,13339,7,"Julio",13.339
"1928","CARCHI","MIRA",4,404,2021,13339,8,"Agosto",13.339
"1929","CARCHI","MIRA",4,404,2021,13339,9,"Septiembre",13.339
"1930","CARCHI","MIRA",4,404,2021,13339,10,"Octubre",13.339
"1931","CARCHI","MIRA",4,404,2021,13339,11,"Noviembre",13.339
"1932","CARCHI","MIRA",4,404,2021,13339,12,"Diciembre",13.339
"1933","CARCHI","MIRA",4,404,2022,13193,1,"Enero",13.193
"1934","CARCHI","MIRA",4,404,2022,13193,2,"Febrero",13.193
"1935","CARCHI","MIRA",4,404,2022,13193,3,"Marzo",13.193
"1936","CARCHI","MIRA",4,404,2022,13193,4,"Abril",13.193
"1937","CARCHI","MIRA",4,404,2022,13193,5,"Mayo",13.193
"1938","CARCHI","MIRA",4,404,2022,13193,6,"Junio",13.193
"1939","CARCHI","MIRA",4,404,2022,13193,7,"Julio",13.193
"1940","CARCHI","MIRA",4,404,2022,13193,8,"Agosto",13.193
"1941","CARCHI","MIRA",4,404,2022,13193,9,"Septiembre",13.193
"1942","CARCHI","MIRA",4,404,2022,13193,10,"Octubre",13.193
"1943","CARCHI","MIRA",4,404,2022,13193,11,"Noviembre",13.193
"1944","CARCHI","MIRA",4,404,2022,13193,12,"Diciembre",13.193
"1945","CARCHI","MIRA",4,404,2023,13053,1,"Enero",13.053
"1946","CARCHI","MIRA",4,404,2023,13053,2,"Febrero",13.053
"1947","CARCHI","MIRA",4,404,2023,13053,3,"Marzo",13.053
"1948","CARCHI","MIRA",4,404,2023,13053,4,"Abril",13.053
"1949","CARCHI","MIRA",4,404,2023,13053,5,"Mayo",13.053
"1950","CARCHI","MIRA",4,404,2023,13053,6,"Junio",13.053
"1951","CARCHI","MIRA",4,404,2023,13053,7,"Julio",13.053
"1952","CARCHI","MIRA",4,404,2023,13053,8,"Agosto",13.053
"1953","CARCHI","MIRA",4,404,2023,13053,9,"Septiembre",13.053
"1954","CARCHI","MIRA",4,404,2023,13053,10,"Octubre",13.053
"1955","CARCHI","MIRA",4,404,2023,13053,11,"Noviembre",13.053
"1956","CARCHI","MIRA",4,404,2023,13053,12,"Diciembre",13.053
"1957","CARCHI","MIRA",4,404,2024,12935,1,"Enero",12.935
"1958","CARCHI","MIRA",4,404,2024,12935,2,"Febrero",12.935
"1959","CARCHI","MIRA",4,404,2024,12935,3,"Marzo",12.935
"1960","CARCHI","MIRA",4,404,2024,12935,4,"Abril",12.935
"1961","CARCHI","MIRA",4,404,2024,12935,5,"Mayo",12.935
"1962","CARCHI","MIRA",4,404,2024,12935,6,"Junio",12.935
"1963","CARCHI","MIRA",4,404,2024,12935,7,"Julio",12.935
"1964","CARCHI","MIRA",4,404,2024,12935,8,"Agosto",12.935
"1965","CARCHI","MIRA",4,404,2024,12935,9,"Septiembre",12.935
"1966","CARCHI","MIRA",4,404,2024,12935,10,"Octubre",12.935
"1967","CARCHI","MIRA",4,404,2024,12935,11,"Noviembre",12.935
"1968","CARCHI","MIRA",4,404,2024,12935,12,"Diciembre",12.935
"1969","CARCHI","MIRA",4,404,2025,12859,1,"Enero",12.859
"1970","CARCHI","MIRA",4,404,2025,12859,2,"Febrero",12.859
"1971","CARCHI","MIRA",4,404,2025,12859,3,"Marzo",12.859
"1972","CARCHI","MIRA",4,404,2025,12859,4,"Abril",12.859
"1973","CARCHI","MIRA",4,404,2025,12859,5,"Mayo",12.859
"1974","CARCHI","MIRA",4,404,2025,12859,6,"Junio",12.859
"1975","CARCHI","MIRA",4,404,2025,12859,7,"Julio",12.859
"1976","CARCHI","MIRA",4,404,2025,12859,8,"Agosto",12.859
"1977","CARCHI","MIRA",4,404,2025,12859,9,"Septiembre",12.859
"1978","CARCHI","MIRA",4,404,2025,12859,10,"Octubre",12.859
"1979","CARCHI","MIRA",4,404,2025,12859,11,"Noviembre",12.859
"1980","CARCHI","MIRA",4,404,2025,12859,12,"Diciembre",12.859
"1981","CARCHI","MONTUFAR",4,405,2021,31649,1,"Enero",31.649
"1982","CARCHI","MONTUFAR",4,405,2021,31649,2,"Febrero",31.649
"1983","CARCHI","MONTUFAR",4,405,2021,31649,3,"Marzo",31.649
"1984","CARCHI","MONTUFAR",4,405,2021,31649,4,"Abril",31.649
"1985","CARCHI","MONTUFAR",4,405,2021,31649,5,"Mayo",31.649
"1986","CARCHI","MONTUFAR",4,405,2021,31649,6,"Junio",31.649
"1987","CARCHI","MONTUFAR",4,405,2021,31649,7,"Julio",31.649
"1988","CARCHI","MONTUFAR",4,405,2021,31649,8,"Agosto",31.649
"1989","CARCHI","MONTUFAR",4,405,2021,31649,9,"Septiembre",31.649
"1990","CARCHI","MONTUFAR",4,405,2021,31649,10,"Octubre",31.649
"1991","CARCHI","MONTUFAR",4,405,2021,31649,11,"Noviembre",31.649
"1992","CARCHI","MONTUFAR",4,405,2021,31649,12,"Diciembre",31.649
"1993","CARCHI","MONTUFAR",4,405,2022,31211,1,"Enero",31.211
"1994","CARCHI","MONTUFAR",4,405,2022,31211,2,"Febrero",31.211
"1995","CARCHI","MONTUFAR",4,405,2022,31211,3,"Marzo",31.211
"1996","CARCHI","MONTUFAR",4,405,2022,31211,4,"Abril",31.211
"1997","CARCHI","MONTUFAR",4,405,2022,31211,5,"Mayo",31.211
"1998","CARCHI","MONTUFAR",4,405,2022,31211,6,"Junio",31.211
"1999","CARCHI","MONTUFAR",4,405,2022,31211,7,"Julio",31.211
"2000","CARCHI","MONTUFAR",4,405,2022,31211,8,"Agosto",31.211
"2001","CARCHI","MONTUFAR",4,405,2022,31211,9,"Septiembre",31.211
"2002","CARCHI","MONTUFAR",4,405,2022,31211,10,"Octubre",31.211
"2003","CARCHI","MONTUFAR",4,405,2022,31211,11,"Noviembre",31.211
"2004","CARCHI","MONTUFAR",4,405,2022,31211,12,"Diciembre",31.211
"2005","CARCHI","MONTUFAR",4,405,2023,30788,1,"Enero",30.788
"2006","CARCHI","MONTUFAR",4,405,2023,30788,2,"Febrero",30.788
"2007","CARCHI","MONTUFAR",4,405,2023,30788,3,"Marzo",30.788
"2008","CARCHI","MONTUFAR",4,405,2023,30788,4,"Abril",30.788
"2009","CARCHI","MONTUFAR",4,405,2023,30788,5,"Mayo",30.788
"2010","CARCHI","MONTUFAR",4,405,2023,30788,6,"Junio",30.788
"2011","CARCHI","MONTUFAR",4,405,2023,30788,7,"Julio",30.788
"2012","CARCHI","MONTUFAR",4,405,2023,30788,8,"Agosto",30.788
"2013","CARCHI","MONTUFAR",4,405,2023,30788,9,"Septiembre",30.788
"2014","CARCHI","MONTUFAR",4,405,2023,30788,10,"Octubre",30.788
"2015","CARCHI","MONTUFAR",4,405,2023,30788,11,"Noviembre",30.788
"2016","CARCHI","MONTUFAR",4,405,2023,30788,12,"Diciembre",30.788
"2017","CARCHI","MONTUFAR",4,405,2024,30427,1,"Enero",30.427
"2018","CARCHI","MONTUFAR",4,405,2024,30427,2,"Febrero",30.427
"2019","CARCHI","MONTUFAR",4,405,2024,30427,3,"Marzo",30.427
"2020","CARCHI","MONTUFAR",4,405,2024,30427,4,"Abril",30.427
"2021","CARCHI","MONTUFAR",4,405,2024,30427,5,"Mayo",30.427
"2022","CARCHI","MONTUFAR",4,405,2024,30427,6,"Junio",30.427
"2023","CARCHI","MONTUFAR",4,405,2024,30427,7,"Julio",30.427
"2024","CARCHI","MONTUFAR",4,405,2024,30427,8,"Agosto",30.427
"2025","CARCHI","MONTUFAR",4,405,2024,30427,9,"Septiembre",30.427
"2026","CARCHI","MONTUFAR",4,405,2024,30427,10,"Octubre",30.427
"2027","CARCHI","MONTUFAR",4,405,2024,30427,11,"Noviembre",30.427
"2028","CARCHI","MONTUFAR",4,405,2024,30427,12,"Diciembre",30.427
"2029","CARCHI","MONTUFAR",4,405,2025,30165,1,"Enero",30.165
"2030","CARCHI","MONTUFAR",4,405,2025,30165,2,"Febrero",30.165
"2031","CARCHI","MONTUFAR",4,405,2025,30165,3,"Marzo",30.165
"2032","CARCHI","MONTUFAR",4,405,2025,30165,4,"Abril",30.165
"2033","CARCHI","MONTUFAR",4,405,2025,30165,5,"Mayo",30.165
"2034","CARCHI","MONTUFAR",4,405,2025,30165,6,"Junio",30.165
"2035","CARCHI","MONTUFAR",4,405,2025,30165,7,"Julio",30.165
"2036","CARCHI","MONTUFAR",4,405,2025,30165,8,"Agosto",30.165
"2037","CARCHI","MONTUFAR",4,405,2025,30165,9,"Septiembre",30.165
"2038","CARCHI","MONTUFAR",4,405,2025,30165,10,"Octubre",30.165
"2039","CARCHI","MONTUFAR",4,405,2025,30165,11,"Noviembre",30.165
"2040","CARCHI","MONTUFAR",4,405,2025,30165,12,"Diciembre",30.165
"2041","CARCHI","SAN PEDRO DE HUACA",4,406,2021,8239,1,"Enero",8.239
"2042","CARCHI","SAN PEDRO DE HUACA",4,406,2021,8239,2,"Febrero",8.239
"2043","CARCHI","SAN PEDRO DE HUACA",4,406,2021,8239,3,"Marzo",8.239
"2044","CARCHI","SAN PEDRO DE HUACA",4,406,2021,8239,4,"Abril",8.239
"2045","CARCHI","SAN PEDRO DE HUACA",4,406,2021,8239,5,"Mayo",8.239
"2046","CARCHI","SAN PEDRO DE HUACA",4,406,2021,8239,6,"Junio",8.239
"2047","CARCHI","SAN PEDRO DE HUACA",4,406,2021,8239,7,"Julio",8.239
"2048","CARCHI","SAN PEDRO DE HUACA",4,406,2021,8239,8,"Agosto",8.239
"2049","CARCHI","SAN PEDRO DE HUACA",4,406,2021,8239,9,"Septiembre",8.239
"2050","CARCHI","SAN PEDRO DE HUACA",4,406,2021,8239,10,"Octubre",8.239
"2051","CARCHI","SAN PEDRO DE HUACA",4,406,2021,8239,11,"Noviembre",8.239
"2052","CARCHI","SAN PEDRO DE HUACA",4,406,2021,8239,12,"Diciembre",8.239
"2053","CARCHI","SAN PEDRO DE HUACA",4,406,2022,8151,1,"Enero",8.151
"2054","CARCHI","SAN PEDRO DE HUACA",4,406,2022,8151,2,"Febrero",8.151
"2055","CARCHI","SAN PEDRO DE HUACA",4,406,2022,8151,3,"Marzo",8.151
"2056","CARCHI","SAN PEDRO DE HUACA",4,406,2022,8151,4,"Abril",8.151
"2057","CARCHI","SAN PEDRO DE HUACA",4,406,2022,8151,5,"Mayo",8.151
"2058","CARCHI","SAN PEDRO DE HUACA",4,406,2022,8151,6,"Junio",8.151
"2059","CARCHI","SAN PEDRO DE HUACA",4,406,2022,8151,7,"Julio",8.151
"2060","CARCHI","SAN PEDRO DE HUACA",4,406,2022,8151,8,"Agosto",8.151
"2061","CARCHI","SAN PEDRO DE HUACA",4,406,2022,8151,9,"Septiembre",8.151
"2062","CARCHI","SAN PEDRO DE HUACA",4,406,2022,8151,10,"Octubre",8.151
"2063","CARCHI","SAN PEDRO DE HUACA",4,406,2022,8151,11,"Noviembre",8.151
"2064","CARCHI","SAN PEDRO DE HUACA",4,406,2022,8151,12,"Diciembre",8.151
"2065","CARCHI","SAN PEDRO DE HUACA",4,406,2023,8065,1,"Enero",8.065
"2066","CARCHI","SAN PEDRO DE HUACA",4,406,2023,8065,2,"Febrero",8.065
"2067","CARCHI","SAN PEDRO DE HUACA",4,406,2023,8065,3,"Marzo",8.065
"2068","CARCHI","SAN PEDRO DE HUACA",4,406,2023,8065,4,"Abril",8.065
"2069","CARCHI","SAN PEDRO DE HUACA",4,406,2023,8065,5,"Mayo",8.065
"2070","CARCHI","SAN PEDRO DE HUACA",4,406,2023,8065,6,"Junio",8.065
"2071","CARCHI","SAN PEDRO DE HUACA",4,406,2023,8065,7,"Julio",8.065
"2072","CARCHI","SAN PEDRO DE HUACA",4,406,2023,8065,8,"Agosto",8.065
"2073","CARCHI","SAN PEDRO DE HUACA",4,406,2023,8065,9,"Septiembre",8.065
"2074","CARCHI","SAN PEDRO DE HUACA",4,406,2023,8065,10,"Octubre",8.065
"2075","CARCHI","SAN PEDRO DE HUACA",4,406,2023,8065,11,"Noviembre",8.065
"2076","CARCHI","SAN PEDRO DE HUACA",4,406,2023,8065,12,"Diciembre",8.065
"2077","CARCHI","SAN PEDRO DE HUACA",4,406,2024,7994,1,"Enero",7.994
"2078","CARCHI","SAN PEDRO DE HUACA",4,406,2024,7994,2,"Febrero",7.994
"2079","CARCHI","SAN PEDRO DE HUACA",4,406,2024,7994,3,"Marzo",7.994
"2080","CARCHI","SAN PEDRO DE HUACA",4,406,2024,7994,4,"Abril",7.994
"2081","CARCHI","SAN PEDRO DE HUACA",4,406,2024,7994,5,"Mayo",7.994
"2082","CARCHI","SAN PEDRO DE HUACA",4,406,2024,7994,6,"Junio",7.994
"2083","CARCHI","SAN PEDRO DE HUACA",4,406,2024,7994,7,"Julio",7.994
"2084","CARCHI","SAN PEDRO DE HUACA",4,406,2024,7994,8,"Agosto",7.994
"2085","CARCHI","SAN PEDRO DE HUACA",4,406,2024,7994,9,"Septiembre",7.994
"2086","CARCHI","SAN PEDRO DE HUACA",4,406,2024,7994,10,"Octubre",7.994
"2087","CARCHI","SAN PEDRO DE HUACA",4,406,2024,7994,11,"Noviembre",7.994
"2088","CARCHI","SAN PEDRO DE HUACA",4,406,2024,7994,12,"Diciembre",7.994
"2089","CARCHI","SAN PEDRO DE HUACA",4,406,2025,7948,1,"Enero",7.948
"2090","CARCHI","SAN PEDRO DE HUACA",4,406,2025,7948,2,"Febrero",7.948
"2091","CARCHI","SAN PEDRO DE HUACA",4,406,2025,7948,3,"Marzo",7.948
"2092","CARCHI","SAN PEDRO DE HUACA",4,406,2025,7948,4,"Abril",7.948
"2093","CARCHI","SAN PEDRO DE HUACA",4,406,2025,7948,5,"Mayo",7.948
"2094","CARCHI","SAN PEDRO DE HUACA",4,406,2025,7948,6,"Junio",7.948
"2095","CARCHI","SAN PEDRO DE HUACA",4,406,2025,7948,7,"Julio",7.948
"2096","CARCHI","SAN PEDRO DE HUACA",4,406,2025,7948,8,"Agosto",7.948
"2097","CARCHI","SAN PEDRO DE HUACA",4,406,2025,7948,9,"Septiembre",7.948
"2098","CARCHI","SAN PEDRO DE HUACA",4,406,2025,7948,10,"Octubre",7.948
"2099","CARCHI","SAN PEDRO DE HUACA",4,406,2025,7948,11,"Noviembre",7.948
"2100","CARCHI","SAN PEDRO DE HUACA",4,406,2025,7948,12,"Diciembre",7.948
"2101","COTOPAXI","LATACUNGA",5,501,2021,217580,1,"Enero",217.58
"2102","COTOPAXI","LATACUNGA",5,501,2021,217580,2,"Febrero",217.58
"2103","COTOPAXI","LATACUNGA",5,501,2021,217580,3,"Marzo",217.58
"2104","COTOPAXI","LATACUNGA",5,501,2021,217580,4,"Abril",217.58
"2105","COTOPAXI","LATACUNGA",5,501,2021,217580,5,"Mayo",217.58
"2106","COTOPAXI","LATACUNGA",5,501,2021,217580,6,"Junio",217.58
"2107","COTOPAXI","LATACUNGA",5,501,2021,217580,7,"Julio",217.58
"2108","COTOPAXI","LATACUNGA",5,501,2021,217580,8,"Agosto",217.58
"2109","COTOPAXI","LATACUNGA",5,501,2021,217580,9,"Septiembre",217.58
"2110","COTOPAXI","LATACUNGA",5,501,2021,217580,10,"Octubre",217.58
"2111","COTOPAXI","LATACUNGA",5,501,2021,217580,11,"Noviembre",217.58
"2112","COTOPAXI","LATACUNGA",5,501,2021,217580,12,"Diciembre",217.58
"2113","COTOPAXI","LATACUNGA",5,501,2022,221033,1,"Enero",221.033
"2114","COTOPAXI","LATACUNGA",5,501,2022,221033,2,"Febrero",221.033
"2115","COTOPAXI","LATACUNGA",5,501,2022,221033,3,"Marzo",221.033
"2116","COTOPAXI","LATACUNGA",5,501,2022,221033,4,"Abril",221.033
"2117","COTOPAXI","LATACUNGA",5,501,2022,221033,5,"Mayo",221.033
"2118","COTOPAXI","LATACUNGA",5,501,2022,221033,6,"Junio",221.033
"2119","COTOPAXI","LATACUNGA",5,501,2022,221033,7,"Julio",221.033
"2120","COTOPAXI","LATACUNGA",5,501,2022,221033,8,"Agosto",221.033
"2121","COTOPAXI","LATACUNGA",5,501,2022,221033,9,"Septiembre",221.033
"2122","COTOPAXI","LATACUNGA",5,501,2022,221033,10,"Octubre",221.033
"2123","COTOPAXI","LATACUNGA",5,501,2022,221033,11,"Noviembre",221.033
"2124","COTOPAXI","LATACUNGA",5,501,2022,221033,12,"Diciembre",221.033
"2125","COTOPAXI","LATACUNGA",5,501,2023,224463,1,"Enero",224.463
"2126","COTOPAXI","LATACUNGA",5,501,2023,224463,2,"Febrero",224.463
"2127","COTOPAXI","LATACUNGA",5,501,2023,224463,3,"Marzo",224.463
"2128","COTOPAXI","LATACUNGA",5,501,2023,224463,4,"Abril",224.463
"2129","COTOPAXI","LATACUNGA",5,501,2023,224463,5,"Mayo",224.463
"2130","COTOPAXI","LATACUNGA",5,501,2023,224463,6,"Junio",224.463
"2131","COTOPAXI","LATACUNGA",5,501,2023,224463,7,"Julio",224.463
"2132","COTOPAXI","LATACUNGA",5,501,2023,224463,8,"Agosto",224.463
"2133","COTOPAXI","LATACUNGA",5,501,2023,224463,9,"Septiembre",224.463
"2134","COTOPAXI","LATACUNGA",5,501,2023,224463,10,"Octubre",224.463
"2135","COTOPAXI","LATACUNGA",5,501,2023,224463,11,"Noviembre",224.463
"2136","COTOPAXI","LATACUNGA",5,501,2023,224463,12,"Diciembre",224.463
"2137","COTOPAXI","LATACUNGA",5,501,2024,227737,1,"Enero",227.737
"2138","COTOPAXI","LATACUNGA",5,501,2024,227737,2,"Febrero",227.737
"2139","COTOPAXI","LATACUNGA",5,501,2024,227737,3,"Marzo",227.737
"2140","COTOPAXI","LATACUNGA",5,501,2024,227737,4,"Abril",227.737
"2141","COTOPAXI","LATACUNGA",5,501,2024,227737,5,"Mayo",227.737
"2142","COTOPAXI","LATACUNGA",5,501,2024,227737,6,"Junio",227.737
"2143","COTOPAXI","LATACUNGA",5,501,2024,227737,7,"Julio",227.737
"2144","COTOPAXI","LATACUNGA",5,501,2024,227737,8,"Agosto",227.737
"2145","COTOPAXI","LATACUNGA",5,501,2024,227737,9,"Septiembre",227.737
"2146","COTOPAXI","LATACUNGA",5,501,2024,227737,10,"Octubre",227.737
"2147","COTOPAXI","LATACUNGA",5,501,2024,227737,11,"Noviembre",227.737
"2148","COTOPAXI","LATACUNGA",5,501,2024,227737,12,"Diciembre",227.737
"2149","COTOPAXI","LATACUNGA",5,501,2025,230875,1,"Enero",230.875
"2150","COTOPAXI","LATACUNGA",5,501,2025,230875,2,"Febrero",230.875
"2151","COTOPAXI","LATACUNGA",5,501,2025,230875,3,"Marzo",230.875
"2152","COTOPAXI","LATACUNGA",5,501,2025,230875,4,"Abril",230.875
"2153","COTOPAXI","LATACUNGA",5,501,2025,230875,5,"Mayo",230.875
"2154","COTOPAXI","LATACUNGA",5,501,2025,230875,6,"Junio",230.875
"2155","COTOPAXI","LATACUNGA",5,501,2025,230875,7,"Julio",230.875
"2156","COTOPAXI","LATACUNGA",5,501,2025,230875,8,"Agosto",230.875
"2157","COTOPAXI","LATACUNGA",5,501,2025,230875,9,"Septiembre",230.875
"2158","COTOPAXI","LATACUNGA",5,501,2025,230875,10,"Octubre",230.875
"2159","COTOPAXI","LATACUNGA",5,501,2025,230875,11,"Noviembre",230.875
"2160","COTOPAXI","LATACUNGA",5,501,2025,230875,12,"Diciembre",230.875
"2161","COTOPAXI","LA MANA",5,502,2021,54523,1,"Enero",54.523
"2162","COTOPAXI","LA MANA",5,502,2021,54523,2,"Febrero",54.523
"2163","COTOPAXI","LA MANA",5,502,2021,54523,3,"Marzo",54.523
"2164","COTOPAXI","LA MANA",5,502,2021,54523,4,"Abril",54.523
"2165","COTOPAXI","LA MANA",5,502,2021,54523,5,"Mayo",54.523
"2166","COTOPAXI","LA MANA",5,502,2021,54523,6,"Junio",54.523
"2167","COTOPAXI","LA MANA",5,502,2021,54523,7,"Julio",54.523
"2168","COTOPAXI","LA MANA",5,502,2021,54523,8,"Agosto",54.523
"2169","COTOPAXI","LA MANA",5,502,2021,54523,9,"Septiembre",54.523
"2170","COTOPAXI","LA MANA",5,502,2021,54523,10,"Octubre",54.523
"2171","COTOPAXI","LA MANA",5,502,2021,54523,11,"Noviembre",54.523
"2172","COTOPAXI","LA MANA",5,502,2021,54523,12,"Diciembre",54.523
"2173","COTOPAXI","LA MANA",5,502,2022,55421,1,"Enero",55.421
"2174","COTOPAXI","LA MANA",5,502,2022,55421,2,"Febrero",55.421
"2175","COTOPAXI","LA MANA",5,502,2022,55421,3,"Marzo",55.421
"2176","COTOPAXI","LA MANA",5,502,2022,55421,4,"Abril",55.421
"2177","COTOPAXI","LA MANA",5,502,2022,55421,5,"Mayo",55.421
"2178","COTOPAXI","LA MANA",5,502,2022,55421,6,"Junio",55.421
"2179","COTOPAXI","LA MANA",5,502,2022,55421,7,"Julio",55.421
"2180","COTOPAXI","LA MANA",5,502,2022,55421,8,"Agosto",55.421
"2181","COTOPAXI","LA MANA",5,502,2022,55421,9,"Septiembre",55.421
"2182","COTOPAXI","LA MANA",5,502,2022,55421,10,"Octubre",55.421
"2183","COTOPAXI","LA MANA",5,502,2022,55421,11,"Noviembre",55.421
"2184","COTOPAXI","LA MANA",5,502,2022,55421,12,"Diciembre",55.421
"2185","COTOPAXI","LA MANA",5,502,2023,56312,1,"Enero",56.312
"2186","COTOPAXI","LA MANA",5,502,2023,56312,2,"Febrero",56.312
"2187","COTOPAXI","LA MANA",5,502,2023,56312,3,"Marzo",56.312
"2188","COTOPAXI","LA MANA",5,502,2023,56312,4,"Abril",56.312
"2189","COTOPAXI","LA MANA",5,502,2023,56312,5,"Mayo",56.312
"2190","COTOPAXI","LA MANA",5,502,2023,56312,6,"Junio",56.312
"2191","COTOPAXI","LA MANA",5,502,2023,56312,7,"Julio",56.312
"2192","COTOPAXI","LA MANA",5,502,2023,56312,8,"Agosto",56.312
"2193","COTOPAXI","LA MANA",5,502,2023,56312,9,"Septiembre",56.312
"2194","COTOPAXI","LA MANA",5,502,2023,56312,10,"Octubre",56.312
"2195","COTOPAXI","LA MANA",5,502,2023,56312,11,"Noviembre",56.312
"2196","COTOPAXI","LA MANA",5,502,2023,56312,12,"Diciembre",56.312
"2197","COTOPAXI","LA MANA",5,502,2024,57161,1,"Enero",57.161
"2198","COTOPAXI","LA MANA",5,502,2024,57161,2,"Febrero",57.161
"2199","COTOPAXI","LA MANA",5,502,2024,57161,3,"Marzo",57.161
"2200","COTOPAXI","LA MANA",5,502,2024,57161,4,"Abril",57.161
"2201","COTOPAXI","LA MANA",5,502,2024,57161,5,"Mayo",57.161
"2202","COTOPAXI","LA MANA",5,502,2024,57161,6,"Junio",57.161
"2203","COTOPAXI","LA MANA",5,502,2024,57161,7,"Julio",57.161
"2204","COTOPAXI","LA MANA",5,502,2024,57161,8,"Agosto",57.161
"2205","COTOPAXI","LA MANA",5,502,2024,57161,9,"Septiembre",57.161
"2206","COTOPAXI","LA MANA",5,502,2024,57161,10,"Octubre",57.161
"2207","COTOPAXI","LA MANA",5,502,2024,57161,11,"Noviembre",57.161
"2208","COTOPAXI","LA MANA",5,502,2024,57161,12,"Diciembre",57.161
"2209","COTOPAXI","LA MANA",5,502,2025,57972,1,"Enero",57.972
"2210","COTOPAXI","LA MANA",5,502,2025,57972,2,"Febrero",57.972
"2211","COTOPAXI","LA MANA",5,502,2025,57972,3,"Marzo",57.972
"2212","COTOPAXI","LA MANA",5,502,2025,57972,4,"Abril",57.972
"2213","COTOPAXI","LA MANA",5,502,2025,57972,5,"Mayo",57.972
"2214","COTOPAXI","LA MANA",5,502,2025,57972,6,"Junio",57.972
"2215","COTOPAXI","LA MANA",5,502,2025,57972,7,"Julio",57.972
"2216","COTOPAXI","LA MANA",5,502,2025,57972,8,"Agosto",57.972
"2217","COTOPAXI","LA MANA",5,502,2025,57972,9,"Septiembre",57.972
"2218","COTOPAXI","LA MANA",5,502,2025,57972,10,"Octubre",57.972
"2219","COTOPAXI","LA MANA",5,502,2025,57972,11,"Noviembre",57.972
"2220","COTOPAXI","LA MANA",5,502,2025,57972,12,"Diciembre",57.972
"2221","COTOPAXI","PANGUA",5,503,2021,22292,1,"Enero",22.292
"2222","COTOPAXI","PANGUA",5,503,2021,22292,2,"Febrero",22.292
"2223","COTOPAXI","PANGUA",5,503,2021,22292,3,"Marzo",22.292
"2224","COTOPAXI","PANGUA",5,503,2021,22292,4,"Abril",22.292
"2225","COTOPAXI","PANGUA",5,503,2021,22292,5,"Mayo",22.292
"2226","COTOPAXI","PANGUA",5,503,2021,22292,6,"Junio",22.292
"2227","COTOPAXI","PANGUA",5,503,2021,22292,7,"Julio",22.292
"2228","COTOPAXI","PANGUA",5,503,2021,22292,8,"Agosto",22.292
"2229","COTOPAXI","PANGUA",5,503,2021,22292,9,"Septiembre",22.292
"2230","COTOPAXI","PANGUA",5,503,2021,22292,10,"Octubre",22.292
"2231","COTOPAXI","PANGUA",5,503,2021,22292,11,"Noviembre",22.292
"2232","COTOPAXI","PANGUA",5,503,2021,22292,12,"Diciembre",22.292
"2233","COTOPAXI","PANGUA",5,503,2022,22380,1,"Enero",22.38
"2234","COTOPAXI","PANGUA",5,503,2022,22380,2,"Febrero",22.38
"2235","COTOPAXI","PANGUA",5,503,2022,22380,3,"Marzo",22.38
"2236","COTOPAXI","PANGUA",5,503,2022,22380,4,"Abril",22.38
"2237","COTOPAXI","PANGUA",5,503,2022,22380,5,"Mayo",22.38
"2238","COTOPAXI","PANGUA",5,503,2022,22380,6,"Junio",22.38
"2239","COTOPAXI","PANGUA",5,503,2022,22380,7,"Julio",22.38
"2240","COTOPAXI","PANGUA",5,503,2022,22380,8,"Agosto",22.38
"2241","COTOPAXI","PANGUA",5,503,2022,22380,9,"Septiembre",22.38
"2242","COTOPAXI","PANGUA",5,503,2022,22380,10,"Octubre",22.38
"2243","COTOPAXI","PANGUA",5,503,2022,22380,11,"Noviembre",22.38
"2244","COTOPAXI","PANGUA",5,503,2022,22380,12,"Diciembre",22.38
"2245","COTOPAXI","PANGUA",5,503,2023,22489,1,"Enero",22.489
"2246","COTOPAXI","PANGUA",5,503,2023,22489,2,"Febrero",22.489
"2247","COTOPAXI","PANGUA",5,503,2023,22489,3,"Marzo",22.489
"2248","COTOPAXI","PANGUA",5,503,2023,22489,4,"Abril",22.489
"2249","COTOPAXI","PANGUA",5,503,2023,22489,5,"Mayo",22.489
"2250","COTOPAXI","PANGUA",5,503,2023,22489,6,"Junio",22.489
"2251","COTOPAXI","PANGUA",5,503,2023,22489,7,"Julio",22.489
"2252","COTOPAXI","PANGUA",5,503,2023,22489,8,"Agosto",22.489
"2253","COTOPAXI","PANGUA",5,503,2023,22489,9,"Septiembre",22.489
"2254","COTOPAXI","PANGUA",5,503,2023,22489,10,"Octubre",22.489
"2255","COTOPAXI","PANGUA",5,503,2023,22489,11,"Noviembre",22.489
"2256","COTOPAXI","PANGUA",5,503,2023,22489,12,"Diciembre",22.489
"2257","COTOPAXI","PANGUA",5,503,2024,22602,1,"Enero",22.602
"2258","COTOPAXI","PANGUA",5,503,2024,22602,2,"Febrero",22.602
"2259","COTOPAXI","PANGUA",5,503,2024,22602,3,"Marzo",22.602
"2260","COTOPAXI","PANGUA",5,503,2024,22602,4,"Abril",22.602
"2261","COTOPAXI","PANGUA",5,503,2024,22602,5,"Mayo",22.602
"2262","COTOPAXI","PANGUA",5,503,2024,22602,6,"Junio",22.602
"2263","COTOPAXI","PANGUA",5,503,2024,22602,7,"Julio",22.602
"2264","COTOPAXI","PANGUA",5,503,2024,22602,8,"Agosto",22.602
"2265","COTOPAXI","PANGUA",5,503,2024,22602,9,"Septiembre",22.602
"2266","COTOPAXI","PANGUA",5,503,2024,22602,10,"Octubre",22.602
"2267","COTOPAXI","PANGUA",5,503,2024,22602,11,"Noviembre",22.602
"2268","COTOPAXI","PANGUA",5,503,2024,22602,12,"Diciembre",22.602
"2269","COTOPAXI","PANGUA",5,503,2025,22719,1,"Enero",22.719
"2270","COTOPAXI","PANGUA",5,503,2025,22719,2,"Febrero",22.719
"2271","COTOPAXI","PANGUA",5,503,2025,22719,3,"Marzo",22.719
"2272","COTOPAXI","PANGUA",5,503,2025,22719,4,"Abril",22.719
"2273","COTOPAXI","PANGUA",5,503,2025,22719,5,"Mayo",22.719
"2274","COTOPAXI","PANGUA",5,503,2025,22719,6,"Junio",22.719
"2275","COTOPAXI","PANGUA",5,503,2025,22719,7,"Julio",22.719
"2276","COTOPAXI","PANGUA",5,503,2025,22719,8,"Agosto",22.719
"2277","COTOPAXI","PANGUA",5,503,2025,22719,9,"Septiembre",22.719
"2278","COTOPAXI","PANGUA",5,503,2025,22719,10,"Octubre",22.719
"2279","COTOPAXI","PANGUA",5,503,2025,22719,11,"Noviembre",22.719
"2280","COTOPAXI","PANGUA",5,503,2025,22719,12,"Diciembre",22.719
"2281","COTOPAXI","PUJILI",5,504,2021,69017,1,"Enero",69.017
"2282","COTOPAXI","PUJILI",5,504,2021,69017,2,"Febrero",69.017
"2283","COTOPAXI","PUJILI",5,504,2021,69017,3,"Marzo",69.017
"2284","COTOPAXI","PUJILI",5,504,2021,69017,4,"Abril",69.017
"2285","COTOPAXI","PUJILI",5,504,2021,69017,5,"Mayo",69.017
"2286","COTOPAXI","PUJILI",5,504,2021,69017,6,"Junio",69.017
"2287","COTOPAXI","PUJILI",5,504,2021,69017,7,"Julio",69.017
"2288","COTOPAXI","PUJILI",5,504,2021,69017,8,"Agosto",69.017
"2289","COTOPAXI","PUJILI",5,504,2021,69017,9,"Septiembre",69.017
"2290","COTOPAXI","PUJILI",5,504,2021,69017,10,"Octubre",69.017
"2291","COTOPAXI","PUJILI",5,504,2021,69017,11,"Noviembre",69.017
"2292","COTOPAXI","PUJILI",5,504,2021,69017,12,"Diciembre",69.017
"2293","COTOPAXI","PUJILI",5,504,2022,68780,1,"Enero",68.78
"2294","COTOPAXI","PUJILI",5,504,2022,68780,2,"Febrero",68.78
"2295","COTOPAXI","PUJILI",5,504,2022,68780,3,"Marzo",68.78
"2296","COTOPAXI","PUJILI",5,504,2022,68780,4,"Abril",68.78
"2297","COTOPAXI","PUJILI",5,504,2022,68780,5,"Mayo",68.78
"2298","COTOPAXI","PUJILI",5,504,2022,68780,6,"Junio",68.78
"2299","COTOPAXI","PUJILI",5,504,2022,68780,7,"Julio",68.78
"2300","COTOPAXI","PUJILI",5,504,2022,68780,8,"Agosto",68.78
"2301","COTOPAXI","PUJILI",5,504,2022,68780,9,"Septiembre",68.78
"2302","COTOPAXI","PUJILI",5,504,2022,68780,10,"Octubre",68.78
"2303","COTOPAXI","PUJILI",5,504,2022,68780,11,"Noviembre",68.78
"2304","COTOPAXI","PUJILI",5,504,2022,68780,12,"Diciembre",68.78
"2305","COTOPAXI","PUJILI",5,504,2023,68594,1,"Enero",68.594
"2306","COTOPAXI","PUJILI",5,504,2023,68594,2,"Febrero",68.594
"2307","COTOPAXI","PUJILI",5,504,2023,68594,3,"Marzo",68.594
"2308","COTOPAXI","PUJILI",5,504,2023,68594,4,"Abril",68.594
"2309","COTOPAXI","PUJILI",5,504,2023,68594,5,"Mayo",68.594
"2310","COTOPAXI","PUJILI",5,504,2023,68594,6,"Junio",68.594
"2311","COTOPAXI","PUJILI",5,504,2023,68594,7,"Julio",68.594
"2312","COTOPAXI","PUJILI",5,504,2023,68594,8,"Agosto",68.594
"2313","COTOPAXI","PUJILI",5,504,2023,68594,9,"Septiembre",68.594
"2314","COTOPAXI","PUJILI",5,504,2023,68594,10,"Octubre",68.594
"2315","COTOPAXI","PUJILI",5,504,2023,68594,11,"Noviembre",68.594
"2316","COTOPAXI","PUJILI",5,504,2023,68594,12,"Diciembre",68.594
"2317","COTOPAXI","PUJILI",5,504,2024,68420,1,"Enero",68.42
"2318","COTOPAXI","PUJILI",5,504,2024,68420,2,"Febrero",68.42
"2319","COTOPAXI","PUJILI",5,504,2024,68420,3,"Marzo",68.42
"2320","COTOPAXI","PUJILI",5,504,2024,68420,4,"Abril",68.42
"2321","COTOPAXI","PUJILI",5,504,2024,68420,5,"Mayo",68.42
"2322","COTOPAXI","PUJILI",5,504,2024,68420,6,"Junio",68.42
"2323","COTOPAXI","PUJILI",5,504,2024,68420,7,"Julio",68.42
"2324","COTOPAXI","PUJILI",5,504,2024,68420,8,"Agosto",68.42
"2325","COTOPAXI","PUJILI",5,504,2024,68420,9,"Septiembre",68.42
"2326","COTOPAXI","PUJILI",5,504,2024,68420,10,"Octubre",68.42
"2327","COTOPAXI","PUJILI",5,504,2024,68420,11,"Noviembre",68.42
"2328","COTOPAXI","PUJILI",5,504,2024,68420,12,"Diciembre",68.42
"2329","COTOPAXI","PUJILI",5,504,2025,68269,1,"Enero",68.269
"2330","COTOPAXI","PUJILI",5,504,2025,68269,2,"Febrero",68.269
"2331","COTOPAXI","PUJILI",5,504,2025,68269,3,"Marzo",68.269
"2332","COTOPAXI","PUJILI",5,504,2025,68269,4,"Abril",68.269
"2333","COTOPAXI","PUJILI",5,504,2025,68269,5,"Mayo",68.269
"2334","COTOPAXI","PUJILI",5,504,2025,68269,6,"Junio",68.269
"2335","COTOPAXI","PUJILI",5,504,2025,68269,7,"Julio",68.269
"2336","COTOPAXI","PUJILI",5,504,2025,68269,8,"Agosto",68.269
"2337","COTOPAXI","PUJILI",5,504,2025,68269,9,"Septiembre",68.269
"2338","COTOPAXI","PUJILI",5,504,2025,68269,10,"Octubre",68.269
"2339","COTOPAXI","PUJILI",5,504,2025,68269,11,"Noviembre",68.269
"2340","COTOPAXI","PUJILI",5,504,2025,68269,12,"Diciembre",68.269
"2341","COTOPAXI","SALCEDO",5,505,2021,68083,1,"Enero",68.083
"2342","COTOPAXI","SALCEDO",5,505,2021,68083,2,"Febrero",68.083
"2343","COTOPAXI","SALCEDO",5,505,2021,68083,3,"Marzo",68.083
"2344","COTOPAXI","SALCEDO",5,505,2021,68083,4,"Abril",68.083
"2345","COTOPAXI","SALCEDO",5,505,2021,68083,5,"Mayo",68.083
"2346","COTOPAXI","SALCEDO",5,505,2021,68083,6,"Junio",68.083
"2347","COTOPAXI","SALCEDO",5,505,2021,68083,7,"Julio",68.083
"2348","COTOPAXI","SALCEDO",5,505,2021,68083,8,"Agosto",68.083
"2349","COTOPAXI","SALCEDO",5,505,2021,68083,9,"Septiembre",68.083
"2350","COTOPAXI","SALCEDO",5,505,2021,68083,10,"Octubre",68.083
"2351","COTOPAXI","SALCEDO",5,505,2021,68083,11,"Noviembre",68.083
"2352","COTOPAXI","SALCEDO",5,505,2021,68083,12,"Diciembre",68.083
"2353","COTOPAXI","SALCEDO",5,505,2022,68671,1,"Enero",68.671
"2354","COTOPAXI","SALCEDO",5,505,2022,68671,2,"Febrero",68.671
"2355","COTOPAXI","SALCEDO",5,505,2022,68671,3,"Marzo",68.671
"2356","COTOPAXI","SALCEDO",5,505,2022,68671,4,"Abril",68.671
"2357","COTOPAXI","SALCEDO",5,505,2022,68671,5,"Mayo",68.671
"2358","COTOPAXI","SALCEDO",5,505,2022,68671,6,"Junio",68.671
"2359","COTOPAXI","SALCEDO",5,505,2022,68671,7,"Julio",68.671
"2360","COTOPAXI","SALCEDO",5,505,2022,68671,8,"Agosto",68.671
"2361","COTOPAXI","SALCEDO",5,505,2022,68671,9,"Septiembre",68.671
"2362","COTOPAXI","SALCEDO",5,505,2022,68671,10,"Octubre",68.671
"2363","COTOPAXI","SALCEDO",5,505,2022,68671,11,"Noviembre",68.671
"2364","COTOPAXI","SALCEDO",5,505,2022,68671,12,"Diciembre",68.671
"2365","COTOPAXI","SALCEDO",5,505,2023,69261,1,"Enero",69.261
"2366","COTOPAXI","SALCEDO",5,505,2023,69261,2,"Febrero",69.261
"2367","COTOPAXI","SALCEDO",5,505,2023,69261,3,"Marzo",69.261
"2368","COTOPAXI","SALCEDO",5,505,2023,69261,4,"Abril",69.261
"2369","COTOPAXI","SALCEDO",5,505,2023,69261,5,"Mayo",69.261
"2370","COTOPAXI","SALCEDO",5,505,2023,69261,6,"Junio",69.261
"2371","COTOPAXI","SALCEDO",5,505,2023,69261,7,"Julio",69.261
"2372","COTOPAXI","SALCEDO",5,505,2023,69261,8,"Agosto",69.261
"2373","COTOPAXI","SALCEDO",5,505,2023,69261,9,"Septiembre",69.261
"2374","COTOPAXI","SALCEDO",5,505,2023,69261,10,"Octubre",69.261
"2375","COTOPAXI","SALCEDO",5,505,2023,69261,11,"Noviembre",69.261
"2376","COTOPAXI","SALCEDO",5,505,2023,69261,12,"Diciembre",69.261
"2377","COTOPAXI","SALCEDO",5,505,2024,69816,1,"Enero",69.816
"2378","COTOPAXI","SALCEDO",5,505,2024,69816,2,"Febrero",69.816
"2379","COTOPAXI","SALCEDO",5,505,2024,69816,3,"Marzo",69.816
"2380","COTOPAXI","SALCEDO",5,505,2024,69816,4,"Abril",69.816
"2381","COTOPAXI","SALCEDO",5,505,2024,69816,5,"Mayo",69.816
"2382","COTOPAXI","SALCEDO",5,505,2024,69816,6,"Junio",69.816
"2383","COTOPAXI","SALCEDO",5,505,2024,69816,7,"Julio",69.816
"2384","COTOPAXI","SALCEDO",5,505,2024,69816,8,"Agosto",69.816
"2385","COTOPAXI","SALCEDO",5,505,2024,69816,9,"Septiembre",69.816
"2386","COTOPAXI","SALCEDO",5,505,2024,69816,10,"Octubre",69.816
"2387","COTOPAXI","SALCEDO",5,505,2024,69816,11,"Noviembre",69.816
"2388","COTOPAXI","SALCEDO",5,505,2024,69816,12,"Diciembre",69.816
"2389","COTOPAXI","SALCEDO",5,505,2025,70344,1,"Enero",70.344
"2390","COTOPAXI","SALCEDO",5,505,2025,70344,2,"Febrero",70.344
"2391","COTOPAXI","SALCEDO",5,505,2025,70344,3,"Marzo",70.344
"2392","COTOPAXI","SALCEDO",5,505,2025,70344,4,"Abril",70.344
"2393","COTOPAXI","SALCEDO",5,505,2025,70344,5,"Mayo",70.344
"2394","COTOPAXI","SALCEDO",5,505,2025,70344,6,"Junio",70.344
"2395","COTOPAXI","SALCEDO",5,505,2025,70344,7,"Julio",70.344
"2396","COTOPAXI","SALCEDO",5,505,2025,70344,8,"Agosto",70.344
"2397","COTOPAXI","SALCEDO",5,505,2025,70344,9,"Septiembre",70.344
"2398","COTOPAXI","SALCEDO",5,505,2025,70344,10,"Octubre",70.344
"2399","COTOPAXI","SALCEDO",5,505,2025,70344,11,"Noviembre",70.344
"2400","COTOPAXI","SALCEDO",5,505,2025,70344,12,"Diciembre",70.344
"2401","COTOPAXI","SAQUISILI",5,506,2021,25063,1,"Enero",25.063
"2402","COTOPAXI","SAQUISILI",5,506,2021,25063,2,"Febrero",25.063
"2403","COTOPAXI","SAQUISILI",5,506,2021,25063,3,"Marzo",25.063
"2404","COTOPAXI","SAQUISILI",5,506,2021,25063,4,"Abril",25.063
"2405","COTOPAXI","SAQUISILI",5,506,2021,25063,5,"Mayo",25.063
"2406","COTOPAXI","SAQUISILI",5,506,2021,25063,6,"Junio",25.063
"2407","COTOPAXI","SAQUISILI",5,506,2021,25063,7,"Julio",25.063
"2408","COTOPAXI","SAQUISILI",5,506,2021,25063,8,"Agosto",25.063
"2409","COTOPAXI","SAQUISILI",5,506,2021,25063,9,"Septiembre",25.063
"2410","COTOPAXI","SAQUISILI",5,506,2021,25063,10,"Octubre",25.063
"2411","COTOPAXI","SAQUISILI",5,506,2021,25063,11,"Noviembre",25.063
"2412","COTOPAXI","SAQUISILI",5,506,2021,25063,12,"Diciembre",25.063
"2413","COTOPAXI","SAQUISILI",5,506,2022,24974,1,"Enero",24.974
"2414","COTOPAXI","SAQUISILI",5,506,2022,24974,2,"Febrero",24.974
"2415","COTOPAXI","SAQUISILI",5,506,2022,24974,3,"Marzo",24.974
"2416","COTOPAXI","SAQUISILI",5,506,2022,24974,4,"Abril",24.974
"2417","COTOPAXI","SAQUISILI",5,506,2022,24974,5,"Mayo",24.974
"2418","COTOPAXI","SAQUISILI",5,506,2022,24974,6,"Junio",24.974
"2419","COTOPAXI","SAQUISILI",5,506,2022,24974,7,"Julio",24.974
"2420","COTOPAXI","SAQUISILI",5,506,2022,24974,8,"Agosto",24.974
"2421","COTOPAXI","SAQUISILI",5,506,2022,24974,9,"Septiembre",24.974
"2422","COTOPAXI","SAQUISILI",5,506,2022,24974,10,"Octubre",24.974
"2423","COTOPAXI","SAQUISILI",5,506,2022,24974,11,"Noviembre",24.974
"2424","COTOPAXI","SAQUISILI",5,506,2022,24974,12,"Diciembre",24.974
"2425","COTOPAXI","SAQUISILI",5,506,2023,24904,1,"Enero",24.904
"2426","COTOPAXI","SAQUISILI",5,506,2023,24904,2,"Febrero",24.904
"2427","COTOPAXI","SAQUISILI",5,506,2023,24904,3,"Marzo",24.904
"2428","COTOPAXI","SAQUISILI",5,506,2023,24904,4,"Abril",24.904
"2429","COTOPAXI","SAQUISILI",5,506,2023,24904,5,"Mayo",24.904
"2430","COTOPAXI","SAQUISILI",5,506,2023,24904,6,"Junio",24.904
"2431","COTOPAXI","SAQUISILI",5,506,2023,24904,7,"Julio",24.904
"2432","COTOPAXI","SAQUISILI",5,506,2023,24904,8,"Agosto",24.904
"2433","COTOPAXI","SAQUISILI",5,506,2023,24904,9,"Septiembre",24.904
"2434","COTOPAXI","SAQUISILI",5,506,2023,24904,10,"Octubre",24.904
"2435","COTOPAXI","SAQUISILI",5,506,2023,24904,11,"Noviembre",24.904
"2436","COTOPAXI","SAQUISILI",5,506,2023,24904,12,"Diciembre",24.904
"2437","COTOPAXI","SAQUISILI",5,506,2024,24838,1,"Enero",24.838
"2438","COTOPAXI","SAQUISILI",5,506,2024,24838,2,"Febrero",24.838
"2439","COTOPAXI","SAQUISILI",5,506,2024,24838,3,"Marzo",24.838
"2440","COTOPAXI","SAQUISILI",5,506,2024,24838,4,"Abril",24.838
"2441","COTOPAXI","SAQUISILI",5,506,2024,24838,5,"Mayo",24.838
"2442","COTOPAXI","SAQUISILI",5,506,2024,24838,6,"Junio",24.838
"2443","COTOPAXI","SAQUISILI",5,506,2024,24838,7,"Julio",24.838
"2444","COTOPAXI","SAQUISILI",5,506,2024,24838,8,"Agosto",24.838
"2445","COTOPAXI","SAQUISILI",5,506,2024,24838,9,"Septiembre",24.838
"2446","COTOPAXI","SAQUISILI",5,506,2024,24838,10,"Octubre",24.838
"2447","COTOPAXI","SAQUISILI",5,506,2024,24838,11,"Noviembre",24.838
"2448","COTOPAXI","SAQUISILI",5,506,2024,24838,12,"Diciembre",24.838
"2449","COTOPAXI","SAQUISILI",5,506,2025,24780,1,"Enero",24.78
"2450","COTOPAXI","SAQUISILI",5,506,2025,24780,2,"Febrero",24.78
"2451","COTOPAXI","SAQUISILI",5,506,2025,24780,3,"Marzo",24.78
"2452","COTOPAXI","SAQUISILI",5,506,2025,24780,4,"Abril",24.78
"2453","COTOPAXI","SAQUISILI",5,506,2025,24780,5,"Mayo",24.78
"2454","COTOPAXI","SAQUISILI",5,506,2025,24780,6,"Junio",24.78
"2455","COTOPAXI","SAQUISILI",5,506,2025,24780,7,"Julio",24.78
"2456","COTOPAXI","SAQUISILI",5,506,2025,24780,8,"Agosto",24.78
"2457","COTOPAXI","SAQUISILI",5,506,2025,24780,9,"Septiembre",24.78
"2458","COTOPAXI","SAQUISILI",5,506,2025,24780,10,"Octubre",24.78
"2459","COTOPAXI","SAQUISILI",5,506,2025,24780,11,"Noviembre",24.78
"2460","COTOPAXI","SAQUISILI",5,506,2025,24780,12,"Diciembre",24.78
"2461","COTOPAXI","SIGCHOS",5,507,2021,19312,1,"Enero",19.312
"2462","COTOPAXI","SIGCHOS",5,507,2021,19312,2,"Febrero",19.312
"2463","COTOPAXI","SIGCHOS",5,507,2021,19312,3,"Marzo",19.312
"2464","COTOPAXI","SIGCHOS",5,507,2021,19312,4,"Abril",19.312
"2465","COTOPAXI","SIGCHOS",5,507,2021,19312,5,"Mayo",19.312
"2466","COTOPAXI","SIGCHOS",5,507,2021,19312,6,"Junio",19.312
"2467","COTOPAXI","SIGCHOS",5,507,2021,19312,7,"Julio",19.312
"2468","COTOPAXI","SIGCHOS",5,507,2021,19312,8,"Agosto",19.312
"2469","COTOPAXI","SIGCHOS",5,507,2021,19312,9,"Septiembre",19.312
"2470","COTOPAXI","SIGCHOS",5,507,2021,19312,10,"Octubre",19.312
"2471","COTOPAXI","SIGCHOS",5,507,2021,19312,11,"Noviembre",19.312
"2472","COTOPAXI","SIGCHOS",5,507,2021,19312,12,"Diciembre",19.312
"2473","COTOPAXI","SIGCHOS",5,507,2022,19011,1,"Enero",19.011
"2474","COTOPAXI","SIGCHOS",5,507,2022,19011,2,"Febrero",19.011
"2475","COTOPAXI","SIGCHOS",5,507,2022,19011,3,"Marzo",19.011
"2476","COTOPAXI","SIGCHOS",5,507,2022,19011,4,"Abril",19.011
"2477","COTOPAXI","SIGCHOS",5,507,2022,19011,5,"Mayo",19.011
"2478","COTOPAXI","SIGCHOS",5,507,2022,19011,6,"Junio",19.011
"2479","COTOPAXI","SIGCHOS",5,507,2022,19011,7,"Julio",19.011
"2480","COTOPAXI","SIGCHOS",5,507,2022,19011,8,"Agosto",19.011
"2481","COTOPAXI","SIGCHOS",5,507,2022,19011,9,"Septiembre",19.011
"2482","COTOPAXI","SIGCHOS",5,507,2022,19011,10,"Octubre",19.011
"2483","COTOPAXI","SIGCHOS",5,507,2022,19011,11,"Noviembre",19.011
"2484","COTOPAXI","SIGCHOS",5,507,2022,19011,12,"Diciembre",19.011
"2485","COTOPAXI","SIGCHOS",5,507,2023,18769,1,"Enero",18.769
"2486","COTOPAXI","SIGCHOS",5,507,2023,18769,2,"Febrero",18.769
"2487","COTOPAXI","SIGCHOS",5,507,2023,18769,3,"Marzo",18.769
"2488","COTOPAXI","SIGCHOS",5,507,2023,18769,4,"Abril",18.769
"2489","COTOPAXI","SIGCHOS",5,507,2023,18769,5,"Mayo",18.769
"2490","COTOPAXI","SIGCHOS",5,507,2023,18769,6,"Junio",18.769
"2491","COTOPAXI","SIGCHOS",5,507,2023,18769,7,"Julio",18.769
"2492","COTOPAXI","SIGCHOS",5,507,2023,18769,8,"Agosto",18.769
"2493","COTOPAXI","SIGCHOS",5,507,2023,18769,9,"Septiembre",18.769
"2494","COTOPAXI","SIGCHOS",5,507,2023,18769,10,"Octubre",18.769
"2495","COTOPAXI","SIGCHOS",5,507,2023,18769,11,"Noviembre",18.769
"2496","COTOPAXI","SIGCHOS",5,507,2023,18769,12,"Diciembre",18.769
"2497","COTOPAXI","SIGCHOS",5,507,2024,18573,1,"Enero",18.573
"2498","COTOPAXI","SIGCHOS",5,507,2024,18573,2,"Febrero",18.573
"2499","COTOPAXI","SIGCHOS",5,507,2024,18573,3,"Marzo",18.573
"2500","COTOPAXI","SIGCHOS",5,507,2024,18573,4,"Abril",18.573
"2501","COTOPAXI","SIGCHOS",5,507,2024,18573,5,"Mayo",18.573
"2502","COTOPAXI","SIGCHOS",5,507,2024,18573,6,"Junio",18.573
"2503","COTOPAXI","SIGCHOS",5,507,2024,18573,7,"Julio",18.573
"2504","COTOPAXI","SIGCHOS",5,507,2024,18573,8,"Agosto",18.573
"2505","COTOPAXI","SIGCHOS",5,507,2024,18573,9,"Septiembre",18.573
"2506","COTOPAXI","SIGCHOS",5,507,2024,18573,10,"Octubre",18.573
"2507","COTOPAXI","SIGCHOS",5,507,2024,18573,11,"Noviembre",18.573
"2508","COTOPAXI","SIGCHOS",5,507,2024,18573,12,"Diciembre",18.573
"2509","COTOPAXI","SIGCHOS",5,507,2025,18423,1,"Enero",18.423
"2510","COTOPAXI","SIGCHOS",5,507,2025,18423,2,"Febrero",18.423
"2511","COTOPAXI","SIGCHOS",5,507,2025,18423,3,"Marzo",18.423
"2512","COTOPAXI","SIGCHOS",5,507,2025,18423,4,"Abril",18.423
"2513","COTOPAXI","SIGCHOS",5,507,2025,18423,5,"Mayo",18.423
"2514","COTOPAXI","SIGCHOS",5,507,2025,18423,6,"Junio",18.423
"2515","COTOPAXI","SIGCHOS",5,507,2025,18423,7,"Julio",18.423
"2516","COTOPAXI","SIGCHOS",5,507,2025,18423,8,"Agosto",18.423
"2517","COTOPAXI","SIGCHOS",5,507,2025,18423,9,"Septiembre",18.423
"2518","COTOPAXI","SIGCHOS",5,507,2025,18423,10,"Octubre",18.423
"2519","COTOPAXI","SIGCHOS",5,507,2025,18423,11,"Noviembre",18.423
"2520","COTOPAXI","SIGCHOS",5,507,2025,18423,12,"Diciembre",18.423
"2521","CHIMBORAZO","RIOBAMBA",6,601,2021,270441,1,"Enero",270.441
"2522","CHIMBORAZO","RIOBAMBA",6,601,2021,270441,2,"Febrero",270.441
"2523","CHIMBORAZO","RIOBAMBA",6,601,2021,270441,3,"Marzo",270.441
"2524","CHIMBORAZO","RIOBAMBA",6,601,2021,270441,4,"Abril",270.441
"2525","CHIMBORAZO","RIOBAMBA",6,601,2021,270441,5,"Mayo",270.441
"2526","CHIMBORAZO","RIOBAMBA",6,601,2021,270441,6,"Junio",270.441
"2527","CHIMBORAZO","RIOBAMBA",6,601,2021,270441,7,"Julio",270.441
"2528","CHIMBORAZO","RIOBAMBA",6,601,2021,270441,8,"Agosto",270.441
"2529","CHIMBORAZO","RIOBAMBA",6,601,2021,270441,9,"Septiembre",270.441
"2530","CHIMBORAZO","RIOBAMBA",6,601,2021,270441,10,"Octubre",270.441
"2531","CHIMBORAZO","RIOBAMBA",6,601,2021,270441,11,"Noviembre",270.441
"2532","CHIMBORAZO","RIOBAMBA",6,601,2021,270441,12,"Diciembre",270.441
"2533","CHIMBORAZO","RIOBAMBA",6,601,2022,271039,1,"Enero",271.039
"2534","CHIMBORAZO","RIOBAMBA",6,601,2022,271039,2,"Febrero",271.039
"2535","CHIMBORAZO","RIOBAMBA",6,601,2022,271039,3,"Marzo",271.039
"2536","CHIMBORAZO","RIOBAMBA",6,601,2022,271039,4,"Abril",271.039
"2537","CHIMBORAZO","RIOBAMBA",6,601,2022,271039,5,"Mayo",271.039
"2538","CHIMBORAZO","RIOBAMBA",6,601,2022,271039,6,"Junio",271.039
"2539","CHIMBORAZO","RIOBAMBA",6,601,2022,271039,7,"Julio",271.039
"2540","CHIMBORAZO","RIOBAMBA",6,601,2022,271039,8,"Agosto",271.039
"2541","CHIMBORAZO","RIOBAMBA",6,601,2022,271039,9,"Septiembre",271.039
"2542","CHIMBORAZO","RIOBAMBA",6,601,2022,271039,10,"Octubre",271.039
"2543","CHIMBORAZO","RIOBAMBA",6,601,2022,271039,11,"Noviembre",271.039
"2544","CHIMBORAZO","RIOBAMBA",6,601,2022,271039,12,"Diciembre",271.039
"2545","CHIMBORAZO","RIOBAMBA",6,601,2023,271614,1,"Enero",271.614
"2546","CHIMBORAZO","RIOBAMBA",6,601,2023,271614,2,"Febrero",271.614
"2547","CHIMBORAZO","RIOBAMBA",6,601,2023,271614,3,"Marzo",271.614
"2548","CHIMBORAZO","RIOBAMBA",6,601,2023,271614,4,"Abril",271.614
"2549","CHIMBORAZO","RIOBAMBA",6,601,2023,271614,5,"Mayo",271.614
"2550","CHIMBORAZO","RIOBAMBA",6,601,2023,271614,6,"Junio",271.614
"2551","CHIMBORAZO","RIOBAMBA",6,601,2023,271614,7,"Julio",271.614
"2552","CHIMBORAZO","RIOBAMBA",6,601,2023,271614,8,"Agosto",271.614
"2553","CHIMBORAZO","RIOBAMBA",6,601,2023,271614,9,"Septiembre",271.614
"2554","CHIMBORAZO","RIOBAMBA",6,601,2023,271614,10,"Octubre",271.614
"2555","CHIMBORAZO","RIOBAMBA",6,601,2023,271614,11,"Noviembre",271.614
"2556","CHIMBORAZO","RIOBAMBA",6,601,2023,271614,12,"Diciembre",271.614
"2557","CHIMBORAZO","RIOBAMBA",6,601,2024,272179,1,"Enero",272.179
"2558","CHIMBORAZO","RIOBAMBA",6,601,2024,272179,2,"Febrero",272.179
"2559","CHIMBORAZO","RIOBAMBA",6,601,2024,272179,3,"Marzo",272.179
"2560","CHIMBORAZO","RIOBAMBA",6,601,2024,272179,4,"Abril",272.179
"2561","CHIMBORAZO","RIOBAMBA",6,601,2024,272179,5,"Mayo",272.179
"2562","CHIMBORAZO","RIOBAMBA",6,601,2024,272179,6,"Junio",272.179
"2563","CHIMBORAZO","RIOBAMBA",6,601,2024,272179,7,"Julio",272.179
"2564","CHIMBORAZO","RIOBAMBA",6,601,2024,272179,8,"Agosto",272.179
"2565","CHIMBORAZO","RIOBAMBA",6,601,2024,272179,9,"Septiembre",272.179
"2566","CHIMBORAZO","RIOBAMBA",6,601,2024,272179,10,"Octubre",272.179
"2567","CHIMBORAZO","RIOBAMBA",6,601,2024,272179,11,"Noviembre",272.179
"2568","CHIMBORAZO","RIOBAMBA",6,601,2024,272179,12,"Diciembre",272.179
"2569","CHIMBORAZO","RIOBAMBA",6,601,2025,272762,1,"Enero",272.762
"2570","CHIMBORAZO","RIOBAMBA",6,601,2025,272762,2,"Febrero",272.762
"2571","CHIMBORAZO","RIOBAMBA",6,601,2025,272762,3,"Marzo",272.762
"2572","CHIMBORAZO","RIOBAMBA",6,601,2025,272762,4,"Abril",272.762
"2573","CHIMBORAZO","RIOBAMBA",6,601,2025,272762,5,"Mayo",272.762
"2574","CHIMBORAZO","RIOBAMBA",6,601,2025,272762,6,"Junio",272.762
"2575","CHIMBORAZO","RIOBAMBA",6,601,2025,272762,7,"Julio",272.762
"2576","CHIMBORAZO","RIOBAMBA",6,601,2025,272762,8,"Agosto",272.762
"2577","CHIMBORAZO","RIOBAMBA",6,601,2025,272762,9,"Septiembre",272.762
"2578","CHIMBORAZO","RIOBAMBA",6,601,2025,272762,10,"Octubre",272.762
"2579","CHIMBORAZO","RIOBAMBA",6,601,2025,272762,11,"Noviembre",272.762
"2580","CHIMBORAZO","RIOBAMBA",6,601,2025,272762,12,"Diciembre",272.762
"2581","CHIMBORAZO","ALAUSI",6,602,2021,40783,1,"Enero",40.783
"2582","CHIMBORAZO","ALAUSI",6,602,2021,40783,2,"Febrero",40.783
"2583","CHIMBORAZO","ALAUSI",6,602,2021,40783,3,"Marzo",40.783
"2584","CHIMBORAZO","ALAUSI",6,602,2021,40783,4,"Abril",40.783
"2585","CHIMBORAZO","ALAUSI",6,602,2021,40783,5,"Mayo",40.783
"2586","CHIMBORAZO","ALAUSI",6,602,2021,40783,6,"Junio",40.783
"2587","CHIMBORAZO","ALAUSI",6,602,2021,40783,7,"Julio",40.783
"2588","CHIMBORAZO","ALAUSI",6,602,2021,40783,8,"Agosto",40.783
"2589","CHIMBORAZO","ALAUSI",6,602,2021,40783,9,"Septiembre",40.783
"2590","CHIMBORAZO","ALAUSI",6,602,2021,40783,10,"Octubre",40.783
"2591","CHIMBORAZO","ALAUSI",6,602,2021,40783,11,"Noviembre",40.783
"2592","CHIMBORAZO","ALAUSI",6,602,2021,40783,12,"Diciembre",40.783
"2593","CHIMBORAZO","ALAUSI",6,602,2022,39950,1,"Enero",39.95
"2594","CHIMBORAZO","ALAUSI",6,602,2022,39950,2,"Febrero",39.95
"2595","CHIMBORAZO","ALAUSI",6,602,2022,39950,3,"Marzo",39.95
"2596","CHIMBORAZO","ALAUSI",6,602,2022,39950,4,"Abril",39.95
"2597","CHIMBORAZO","ALAUSI",6,602,2022,39950,5,"Mayo",39.95
"2598","CHIMBORAZO","ALAUSI",6,602,2022,39950,6,"Junio",39.95
"2599","CHIMBORAZO","ALAUSI",6,602,2022,39950,7,"Julio",39.95
"2600","CHIMBORAZO","ALAUSI",6,602,2022,39950,8,"Agosto",39.95
"2601","CHIMBORAZO","ALAUSI",6,602,2022,39950,9,"Septiembre",39.95
"2602","CHIMBORAZO","ALAUSI",6,602,2022,39950,10,"Octubre",39.95
"2603","CHIMBORAZO","ALAUSI",6,602,2022,39950,11,"Noviembre",39.95
"2604","CHIMBORAZO","ALAUSI",6,602,2022,39950,12,"Diciembre",39.95
"2605","CHIMBORAZO","ALAUSI",6,602,2023,39199,1,"Enero",39.199
"2606","CHIMBORAZO","ALAUSI",6,602,2023,39199,2,"Febrero",39.199
"2607","CHIMBORAZO","ALAUSI",6,602,2023,39199,3,"Marzo",39.199
"2608","CHIMBORAZO","ALAUSI",6,602,2023,39199,4,"Abril",39.199
"2609","CHIMBORAZO","ALAUSI",6,602,2023,39199,5,"Mayo",39.199
"2610","CHIMBORAZO","ALAUSI",6,602,2023,39199,6,"Junio",39.199
"2611","CHIMBORAZO","ALAUSI",6,602,2023,39199,7,"Julio",39.199
"2612","CHIMBORAZO","ALAUSI",6,602,2023,39199,8,"Agosto",39.199
"2613","CHIMBORAZO","ALAUSI",6,602,2023,39199,9,"Septiembre",39.199
"2614","CHIMBORAZO","ALAUSI",6,602,2023,39199,10,"Octubre",39.199
"2615","CHIMBORAZO","ALAUSI",6,602,2023,39199,11,"Noviembre",39.199
"2616","CHIMBORAZO","ALAUSI",6,602,2023,39199,12,"Diciembre",39.199
"2617","CHIMBORAZO","ALAUSI",6,602,2024,38530,1,"Enero",38.53
"2618","CHIMBORAZO","ALAUSI",6,602,2024,38530,2,"Febrero",38.53
"2619","CHIMBORAZO","ALAUSI",6,602,2024,38530,3,"Marzo",38.53
"2620","CHIMBORAZO","ALAUSI",6,602,2024,38530,4,"Abril",38.53
"2621","CHIMBORAZO","ALAUSI",6,602,2024,38530,5,"Mayo",38.53
"2622","CHIMBORAZO","ALAUSI",6,602,2024,38530,6,"Junio",38.53
"2623","CHIMBORAZO","ALAUSI",6,602,2024,38530,7,"Julio",38.53
"2624","CHIMBORAZO","ALAUSI",6,602,2024,38530,8,"Agosto",38.53
"2625","CHIMBORAZO","ALAUSI",6,602,2024,38530,9,"Septiembre",38.53
"2626","CHIMBORAZO","ALAUSI",6,602,2024,38530,10,"Octubre",38.53
"2627","CHIMBORAZO","ALAUSI",6,602,2024,38530,11,"Noviembre",38.53
"2628","CHIMBORAZO","ALAUSI",6,602,2024,38530,12,"Diciembre",38.53
"2629","CHIMBORAZO","ALAUSI",6,602,2025,37948,1,"Enero",37.948
"2630","CHIMBORAZO","ALAUSI",6,602,2025,37948,2,"Febrero",37.948
"2631","CHIMBORAZO","ALAUSI",6,602,2025,37948,3,"Marzo",37.948
"2632","CHIMBORAZO","ALAUSI",6,602,2025,37948,4,"Abril",37.948
"2633","CHIMBORAZO","ALAUSI",6,602,2025,37948,5,"Mayo",37.948
"2634","CHIMBORAZO","ALAUSI",6,602,2025,37948,6,"Junio",37.948
"2635","CHIMBORAZO","ALAUSI",6,602,2025,37948,7,"Julio",37.948
"2636","CHIMBORAZO","ALAUSI",6,602,2025,37948,8,"Agosto",37.948
"2637","CHIMBORAZO","ALAUSI",6,602,2025,37948,9,"Septiembre",37.948
"2638","CHIMBORAZO","ALAUSI",6,602,2025,37948,10,"Octubre",37.948
"2639","CHIMBORAZO","ALAUSI",6,602,2025,37948,11,"Noviembre",37.948
"2640","CHIMBORAZO","ALAUSI",6,602,2025,37948,12,"Diciembre",37.948
"2641","CHIMBORAZO","COLTA",6,603,2021,33493,1,"Enero",33.493
"2642","CHIMBORAZO","COLTA",6,603,2021,33493,2,"Febrero",33.493
"2643","CHIMBORAZO","COLTA",6,603,2021,33493,3,"Marzo",33.493
"2644","CHIMBORAZO","COLTA",6,603,2021,33493,4,"Abril",33.493
"2645","CHIMBORAZO","COLTA",6,603,2021,33493,5,"Mayo",33.493
"2646","CHIMBORAZO","COLTA",6,603,2021,33493,6,"Junio",33.493
"2647","CHIMBORAZO","COLTA",6,603,2021,33493,7,"Julio",33.493
"2648","CHIMBORAZO","COLTA",6,603,2021,33493,8,"Agosto",33.493
"2649","CHIMBORAZO","COLTA",6,603,2021,33493,9,"Septiembre",33.493
"2650","CHIMBORAZO","COLTA",6,603,2021,33493,10,"Octubre",33.493
"2651","CHIMBORAZO","COLTA",6,603,2021,33493,11,"Noviembre",33.493
"2652","CHIMBORAZO","COLTA",6,603,2021,33493,12,"Diciembre",33.493
"2653","CHIMBORAZO","COLTA",6,603,2022,32354,1,"Enero",32.354
"2654","CHIMBORAZO","COLTA",6,603,2022,32354,2,"Febrero",32.354
"2655","CHIMBORAZO","COLTA",6,603,2022,32354,3,"Marzo",32.354
"2656","CHIMBORAZO","COLTA",6,603,2022,32354,4,"Abril",32.354
"2657","CHIMBORAZO","COLTA",6,603,2022,32354,5,"Mayo",32.354
"2658","CHIMBORAZO","COLTA",6,603,2022,32354,6,"Junio",32.354
"2659","CHIMBORAZO","COLTA",6,603,2022,32354,7,"Julio",32.354
"2660","CHIMBORAZO","COLTA",6,603,2022,32354,8,"Agosto",32.354
"2661","CHIMBORAZO","COLTA",6,603,2022,32354,9,"Septiembre",32.354
"2662","CHIMBORAZO","COLTA",6,603,2022,32354,10,"Octubre",32.354
"2663","CHIMBORAZO","COLTA",6,603,2022,32354,11,"Noviembre",32.354
"2664","CHIMBORAZO","COLTA",6,603,2022,32354,12,"Diciembre",32.354
"2665","CHIMBORAZO","COLTA",6,603,2023,31396,1,"Enero",31.396
"2666","CHIMBORAZO","COLTA",6,603,2023,31396,2,"Febrero",31.396
"2667","CHIMBORAZO","COLTA",6,603,2023,31396,3,"Marzo",31.396
"2668","CHIMBORAZO","COLTA",6,603,2023,31396,4,"Abril",31.396
"2669","CHIMBORAZO","COLTA",6,603,2023,31396,5,"Mayo",31.396
"2670","CHIMBORAZO","COLTA",6,603,2023,31396,6,"Junio",31.396
"2671","CHIMBORAZO","COLTA",6,603,2023,31396,7,"Julio",31.396
"2672","CHIMBORAZO","COLTA",6,603,2023,31396,8,"Agosto",31.396
"2673","CHIMBORAZO","COLTA",6,603,2023,31396,9,"Septiembre",31.396
"2674","CHIMBORAZO","COLTA",6,603,2023,31396,10,"Octubre",31.396
"2675","CHIMBORAZO","COLTA",6,603,2023,31396,11,"Noviembre",31.396
"2676","CHIMBORAZO","COLTA",6,603,2023,31396,12,"Diciembre",31.396
"2677","CHIMBORAZO","COLTA",6,603,2024,30603,1,"Enero",30.603
"2678","CHIMBORAZO","COLTA",6,603,2024,30603,2,"Febrero",30.603
"2679","CHIMBORAZO","COLTA",6,603,2024,30603,3,"Marzo",30.603
"2680","CHIMBORAZO","COLTA",6,603,2024,30603,4,"Abril",30.603
"2681","CHIMBORAZO","COLTA",6,603,2024,30603,5,"Mayo",30.603
"2682","CHIMBORAZO","COLTA",6,603,2024,30603,6,"Junio",30.603
"2683","CHIMBORAZO","COLTA",6,603,2024,30603,7,"Julio",30.603
"2684","CHIMBORAZO","COLTA",6,603,2024,30603,8,"Agosto",30.603
"2685","CHIMBORAZO","COLTA",6,603,2024,30603,9,"Septiembre",30.603
"2686","CHIMBORAZO","COLTA",6,603,2024,30603,10,"Octubre",30.603
"2687","CHIMBORAZO","COLTA",6,603,2024,30603,11,"Noviembre",30.603
"2688","CHIMBORAZO","COLTA",6,603,2024,30603,12,"Diciembre",30.603
"2689","CHIMBORAZO","COLTA",6,603,2025,29956,1,"Enero",29.956
"2690","CHIMBORAZO","COLTA",6,603,2025,29956,2,"Febrero",29.956
"2691","CHIMBORAZO","COLTA",6,603,2025,29956,3,"Marzo",29.956
"2692","CHIMBORAZO","COLTA",6,603,2025,29956,4,"Abril",29.956
"2693","CHIMBORAZO","COLTA",6,603,2025,29956,5,"Mayo",29.956
"2694","CHIMBORAZO","COLTA",6,603,2025,29956,6,"Junio",29.956
"2695","CHIMBORAZO","COLTA",6,603,2025,29956,7,"Julio",29.956
"2696","CHIMBORAZO","COLTA",6,603,2025,29956,8,"Agosto",29.956
"2697","CHIMBORAZO","COLTA",6,603,2025,29956,9,"Septiembre",29.956
"2698","CHIMBORAZO","COLTA",6,603,2025,29956,10,"Octubre",29.956
"2699","CHIMBORAZO","COLTA",6,603,2025,29956,11,"Noviembre",29.956
"2700","CHIMBORAZO","COLTA",6,603,2025,29956,12,"Diciembre",29.956
"2701","CHIMBORAZO","CHAMBO",6,604,2021,13736,1,"Enero",13.736
"2702","CHIMBORAZO","CHAMBO",6,604,2021,13736,2,"Febrero",13.736
"2703","CHIMBORAZO","CHAMBO",6,604,2021,13736,3,"Marzo",13.736
"2704","CHIMBORAZO","CHAMBO",6,604,2021,13736,4,"Abril",13.736
"2705","CHIMBORAZO","CHAMBO",6,604,2021,13736,5,"Mayo",13.736
"2706","CHIMBORAZO","CHAMBO",6,604,2021,13736,6,"Junio",13.736
"2707","CHIMBORAZO","CHAMBO",6,604,2021,13736,7,"Julio",13.736
"2708","CHIMBORAZO","CHAMBO",6,604,2021,13736,8,"Agosto",13.736
"2709","CHIMBORAZO","CHAMBO",6,604,2021,13736,9,"Septiembre",13.736
"2710","CHIMBORAZO","CHAMBO",6,604,2021,13736,10,"Octubre",13.736
"2711","CHIMBORAZO","CHAMBO",6,604,2021,13736,11,"Noviembre",13.736
"2712","CHIMBORAZO","CHAMBO",6,604,2021,13736,12,"Diciembre",13.736
"2713","CHIMBORAZO","CHAMBO",6,604,2022,13754,1,"Enero",13.754
"2714","CHIMBORAZO","CHAMBO",6,604,2022,13754,2,"Febrero",13.754
"2715","CHIMBORAZO","CHAMBO",6,604,2022,13754,3,"Marzo",13.754
"2716","CHIMBORAZO","CHAMBO",6,604,2022,13754,4,"Abril",13.754
"2717","CHIMBORAZO","CHAMBO",6,604,2022,13754,5,"Mayo",13.754
"2718","CHIMBORAZO","CHAMBO",6,604,2022,13754,6,"Junio",13.754
"2719","CHIMBORAZO","CHAMBO",6,604,2022,13754,7,"Julio",13.754
"2720","CHIMBORAZO","CHAMBO",6,604,2022,13754,8,"Agosto",13.754
"2721","CHIMBORAZO","CHAMBO",6,604,2022,13754,9,"Septiembre",13.754
"2722","CHIMBORAZO","CHAMBO",6,604,2022,13754,10,"Octubre",13.754
"2723","CHIMBORAZO","CHAMBO",6,604,2022,13754,11,"Noviembre",13.754
"2724","CHIMBORAZO","CHAMBO",6,604,2022,13754,12,"Diciembre",13.754
"2725","CHIMBORAZO","CHAMBO",6,604,2023,13772,1,"Enero",13.772
"2726","CHIMBORAZO","CHAMBO",6,604,2023,13772,2,"Febrero",13.772
"2727","CHIMBORAZO","CHAMBO",6,604,2023,13772,3,"Marzo",13.772
"2728","CHIMBORAZO","CHAMBO",6,604,2023,13772,4,"Abril",13.772
"2729","CHIMBORAZO","CHAMBO",6,604,2023,13772,5,"Mayo",13.772
"2730","CHIMBORAZO","CHAMBO",6,604,2023,13772,6,"Junio",13.772
"2731","CHIMBORAZO","CHAMBO",6,604,2023,13772,7,"Julio",13.772
"2732","CHIMBORAZO","CHAMBO",6,604,2023,13772,8,"Agosto",13.772
"2733","CHIMBORAZO","CHAMBO",6,604,2023,13772,9,"Septiembre",13.772
"2734","CHIMBORAZO","CHAMBO",6,604,2023,13772,10,"Octubre",13.772
"2735","CHIMBORAZO","CHAMBO",6,604,2023,13772,11,"Noviembre",13.772
"2736","CHIMBORAZO","CHAMBO",6,604,2023,13772,12,"Diciembre",13.772
"2737","CHIMBORAZO","CHAMBO",6,604,2024,13790,1,"Enero",13.79
"2738","CHIMBORAZO","CHAMBO",6,604,2024,13790,2,"Febrero",13.79
"2739","CHIMBORAZO","CHAMBO",6,604,2024,13790,3,"Marzo",13.79
"2740","CHIMBORAZO","CHAMBO",6,604,2024,13790,4,"Abril",13.79
"2741","CHIMBORAZO","CHAMBO",6,604,2024,13790,5,"Mayo",13.79
"2742","CHIMBORAZO","CHAMBO",6,604,2024,13790,6,"Junio",13.79
"2743","CHIMBORAZO","CHAMBO",6,604,2024,13790,7,"Julio",13.79
"2744","CHIMBORAZO","CHAMBO",6,604,2024,13790,8,"Agosto",13.79
"2745","CHIMBORAZO","CHAMBO",6,604,2024,13790,9,"Septiembre",13.79
"2746","CHIMBORAZO","CHAMBO",6,604,2024,13790,10,"Octubre",13.79
"2747","CHIMBORAZO","CHAMBO",6,604,2024,13790,11,"Noviembre",13.79
"2748","CHIMBORAZO","CHAMBO",6,604,2024,13790,12,"Diciembre",13.79
"2749","CHIMBORAZO","CHAMBO",6,604,2025,13811,1,"Enero",13.811
"2750","CHIMBORAZO","CHAMBO",6,604,2025,13811,2,"Febrero",13.811
"2751","CHIMBORAZO","CHAMBO",6,604,2025,13811,3,"Marzo",13.811
"2752","CHIMBORAZO","CHAMBO",6,604,2025,13811,4,"Abril",13.811
"2753","CHIMBORAZO","CHAMBO",6,604,2025,13811,5,"Mayo",13.811
"2754","CHIMBORAZO","CHAMBO",6,604,2025,13811,6,"Junio",13.811
"2755","CHIMBORAZO","CHAMBO",6,604,2025,13811,7,"Julio",13.811
"2756","CHIMBORAZO","CHAMBO",6,604,2025,13811,8,"Agosto",13.811
"2757","CHIMBORAZO","CHAMBO",6,604,2025,13811,9,"Septiembre",13.811
"2758","CHIMBORAZO","CHAMBO",6,604,2025,13811,10,"Octubre",13.811
"2759","CHIMBORAZO","CHAMBO",6,604,2025,13811,11,"Noviembre",13.811
"2760","CHIMBORAZO","CHAMBO",6,604,2025,13811,12,"Diciembre",13.811
"2761","CHIMBORAZO","CHUNCHI",6,605,2021,11719,1,"Enero",11.719
"2762","CHIMBORAZO","CHUNCHI",6,605,2021,11719,2,"Febrero",11.719
"2763","CHIMBORAZO","CHUNCHI",6,605,2021,11719,3,"Marzo",11.719
"2764","CHIMBORAZO","CHUNCHI",6,605,2021,11719,4,"Abril",11.719
"2765","CHIMBORAZO","CHUNCHI",6,605,2021,11719,5,"Mayo",11.719
"2766","CHIMBORAZO","CHUNCHI",6,605,2021,11719,6,"Junio",11.719
"2767","CHIMBORAZO","CHUNCHI",6,605,2021,11719,7,"Julio",11.719
"2768","CHIMBORAZO","CHUNCHI",6,605,2021,11719,8,"Agosto",11.719
"2769","CHIMBORAZO","CHUNCHI",6,605,2021,11719,9,"Septiembre",11.719
"2770","CHIMBORAZO","CHUNCHI",6,605,2021,11719,10,"Octubre",11.719
"2771","CHIMBORAZO","CHUNCHI",6,605,2021,11719,11,"Noviembre",11.719
"2772","CHIMBORAZO","CHUNCHI",6,605,2021,11719,12,"Diciembre",11.719
"2773","CHIMBORAZO","CHUNCHI",6,605,2022,11437,1,"Enero",11.437
"2774","CHIMBORAZO","CHUNCHI",6,605,2022,11437,2,"Febrero",11.437
"2775","CHIMBORAZO","CHUNCHI",6,605,2022,11437,3,"Marzo",11.437
"2776","CHIMBORAZO","CHUNCHI",6,605,2022,11437,4,"Abril",11.437
"2777","CHIMBORAZO","CHUNCHI",6,605,2022,11437,5,"Mayo",11.437
"2778","CHIMBORAZO","CHUNCHI",6,605,2022,11437,6,"Junio",11.437
"2779","CHIMBORAZO","CHUNCHI",6,605,2022,11437,7,"Julio",11.437
"2780","CHIMBORAZO","CHUNCHI",6,605,2022,11437,8,"Agosto",11.437
"2781","CHIMBORAZO","CHUNCHI",6,605,2022,11437,9,"Septiembre",11.437
"2782","CHIMBORAZO","CHUNCHI",6,605,2022,11437,10,"Octubre",11.437
"2783","CHIMBORAZO","CHUNCHI",6,605,2022,11437,11,"Noviembre",11.437
"2784","CHIMBORAZO","CHUNCHI",6,605,2022,11437,12,"Diciembre",11.437
"2785","CHIMBORAZO","CHUNCHI",6,605,2023,11180,1,"Enero",11.18
"2786","CHIMBORAZO","CHUNCHI",6,605,2023,11180,2,"Febrero",11.18
"2787","CHIMBORAZO","CHUNCHI",6,605,2023,11180,3,"Marzo",11.18
"2788","CHIMBORAZO","CHUNCHI",6,605,2023,11180,4,"Abril",11.18
"2789","CHIMBORAZO","CHUNCHI",6,605,2023,11180,5,"Mayo",11.18
"2790","CHIMBORAZO","CHUNCHI",6,605,2023,11180,6,"Junio",11.18
"2791","CHIMBORAZO","CHUNCHI",6,605,2023,11180,7,"Julio",11.18
"2792","CHIMBORAZO","CHUNCHI",6,605,2023,11180,8,"Agosto",11.18
"2793","CHIMBORAZO","CHUNCHI",6,605,2023,11180,9,"Septiembre",11.18
"2794","CHIMBORAZO","CHUNCHI",6,605,2023,11180,10,"Octubre",11.18
"2795","CHIMBORAZO","CHUNCHI",6,605,2023,11180,11,"Noviembre",11.18
"2796","CHIMBORAZO","CHUNCHI",6,605,2023,11180,12,"Diciembre",11.18
"2797","CHIMBORAZO","CHUNCHI",6,605,2024,10951,1,"Enero",10.951
"2798","CHIMBORAZO","CHUNCHI",6,605,2024,10951,2,"Febrero",10.951
"2799","CHIMBORAZO","CHUNCHI",6,605,2024,10951,3,"Marzo",10.951
"2800","CHIMBORAZO","CHUNCHI",6,605,2024,10951,4,"Abril",10.951
"2801","CHIMBORAZO","CHUNCHI",6,605,2024,10951,5,"Mayo",10.951
"2802","CHIMBORAZO","CHUNCHI",6,605,2024,10951,6,"Junio",10.951
"2803","CHIMBORAZO","CHUNCHI",6,605,2024,10951,7,"Julio",10.951
"2804","CHIMBORAZO","CHUNCHI",6,605,2024,10951,8,"Agosto",10.951
"2805","CHIMBORAZO","CHUNCHI",6,605,2024,10951,9,"Septiembre",10.951
"2806","CHIMBORAZO","CHUNCHI",6,605,2024,10951,10,"Octubre",10.951
"2807","CHIMBORAZO","CHUNCHI",6,605,2024,10951,11,"Noviembre",10.951
"2808","CHIMBORAZO","CHUNCHI",6,605,2024,10951,12,"Diciembre",10.951
"2809","CHIMBORAZO","CHUNCHI",6,605,2025,10750,1,"Enero",10.75
"2810","CHIMBORAZO","CHUNCHI",6,605,2025,10750,2,"Febrero",10.75
"2811","CHIMBORAZO","CHUNCHI",6,605,2025,10750,3,"Marzo",10.75
"2812","CHIMBORAZO","CHUNCHI",6,605,2025,10750,4,"Abril",10.75
"2813","CHIMBORAZO","CHUNCHI",6,605,2025,10750,5,"Mayo",10.75
"2814","CHIMBORAZO","CHUNCHI",6,605,2025,10750,6,"Junio",10.75
"2815","CHIMBORAZO","CHUNCHI",6,605,2025,10750,7,"Julio",10.75
"2816","CHIMBORAZO","CHUNCHI",6,605,2025,10750,8,"Agosto",10.75
"2817","CHIMBORAZO","CHUNCHI",6,605,2025,10750,9,"Septiembre",10.75
"2818","CHIMBORAZO","CHUNCHI",6,605,2025,10750,10,"Octubre",10.75
"2819","CHIMBORAZO","CHUNCHI",6,605,2025,10750,11,"Noviembre",10.75
"2820","CHIMBORAZO","CHUNCHI",6,605,2025,10750,12,"Diciembre",10.75
"2821","CHIMBORAZO","GUAMOTE",6,606,2021,39643,1,"Enero",39.643
"2822","CHIMBORAZO","GUAMOTE",6,606,2021,39643,2,"Febrero",39.643
"2823","CHIMBORAZO","GUAMOTE",6,606,2021,39643,3,"Marzo",39.643
"2824","CHIMBORAZO","GUAMOTE",6,606,2021,39643,4,"Abril",39.643
"2825","CHIMBORAZO","GUAMOTE",6,606,2021,39643,5,"Mayo",39.643
"2826","CHIMBORAZO","GUAMOTE",6,606,2021,39643,6,"Junio",39.643
"2827","CHIMBORAZO","GUAMOTE",6,606,2021,39643,7,"Julio",39.643
"2828","CHIMBORAZO","GUAMOTE",6,606,2021,39643,8,"Agosto",39.643
"2829","CHIMBORAZO","GUAMOTE",6,606,2021,39643,9,"Septiembre",39.643
"2830","CHIMBORAZO","GUAMOTE",6,606,2021,39643,10,"Octubre",39.643
"2831","CHIMBORAZO","GUAMOTE",6,606,2021,39643,11,"Noviembre",39.643
"2832","CHIMBORAZO","GUAMOTE",6,606,2021,39643,12,"Diciembre",39.643
"2833","CHIMBORAZO","GUAMOTE",6,606,2022,38517,1,"Enero",38.517
"2834","CHIMBORAZO","GUAMOTE",6,606,2022,38517,2,"Febrero",38.517
"2835","CHIMBORAZO","GUAMOTE",6,606,2022,38517,3,"Marzo",38.517
"2836","CHIMBORAZO","GUAMOTE",6,606,2022,38517,4,"Abril",38.517
"2837","CHIMBORAZO","GUAMOTE",6,606,2022,38517,5,"Mayo",38.517
"2838","CHIMBORAZO","GUAMOTE",6,606,2022,38517,6,"Junio",38.517
"2839","CHIMBORAZO","GUAMOTE",6,606,2022,38517,7,"Julio",38.517
"2840","CHIMBORAZO","GUAMOTE",6,606,2022,38517,8,"Agosto",38.517
"2841","CHIMBORAZO","GUAMOTE",6,606,2022,38517,9,"Septiembre",38.517
"2842","CHIMBORAZO","GUAMOTE",6,606,2022,38517,10,"Octubre",38.517
"2843","CHIMBORAZO","GUAMOTE",6,606,2022,38517,11,"Noviembre",38.517
"2844","CHIMBORAZO","GUAMOTE",6,606,2022,38517,12,"Diciembre",38.517
"2845","CHIMBORAZO","GUAMOTE",6,606,2023,37523,1,"Enero",37.523
"2846","CHIMBORAZO","GUAMOTE",6,606,2023,37523,2,"Febrero",37.523
"2847","CHIMBORAZO","GUAMOTE",6,606,2023,37523,3,"Marzo",37.523
"2848","CHIMBORAZO","GUAMOTE",6,606,2023,37523,4,"Abril",37.523
"2849","CHIMBORAZO","GUAMOTE",6,606,2023,37523,5,"Mayo",37.523
"2850","CHIMBORAZO","GUAMOTE",6,606,2023,37523,6,"Junio",37.523
"2851","CHIMBORAZO","GUAMOTE",6,606,2023,37523,7,"Julio",37.523
"2852","CHIMBORAZO","GUAMOTE",6,606,2023,37523,8,"Agosto",37.523
"2853","CHIMBORAZO","GUAMOTE",6,606,2023,37523,9,"Septiembre",37.523
"2854","CHIMBORAZO","GUAMOTE",6,606,2023,37523,10,"Octubre",37.523
"2855","CHIMBORAZO","GUAMOTE",6,606,2023,37523,11,"Noviembre",37.523
"2856","CHIMBORAZO","GUAMOTE",6,606,2023,37523,12,"Diciembre",37.523
"2857","CHIMBORAZO","GUAMOTE",6,606,2024,36664,1,"Enero",36.664
"2858","CHIMBORAZO","GUAMOTE",6,606,2024,36664,2,"Febrero",36.664
"2859","CHIMBORAZO","GUAMOTE",6,606,2024,36664,3,"Marzo",36.664
"2860","CHIMBORAZO","GUAMOTE",6,606,2024,36664,4,"Abril",36.664
"2861","CHIMBORAZO","GUAMOTE",6,606,2024,36664,5,"Mayo",36.664
"2862","CHIMBORAZO","GUAMOTE",6,606,2024,36664,6,"Junio",36.664
"2863","CHIMBORAZO","GUAMOTE",6,606,2024,36664,7,"Julio",36.664
"2864","CHIMBORAZO","GUAMOTE",6,606,2024,36664,8,"Agosto",36.664
"2865","CHIMBORAZO","GUAMOTE",6,606,2024,36664,9,"Septiembre",36.664
"2866","CHIMBORAZO","GUAMOTE",6,606,2024,36664,10,"Octubre",36.664
"2867","CHIMBORAZO","GUAMOTE",6,606,2024,36664,11,"Noviembre",36.664
"2868","CHIMBORAZO","GUAMOTE",6,606,2024,36664,12,"Diciembre",36.664
"2869","CHIMBORAZO","GUAMOTE",6,606,2025,35934,1,"Enero",35.934
"2870","CHIMBORAZO","GUAMOTE",6,606,2025,35934,2,"Febrero",35.934
"2871","CHIMBORAZO","GUAMOTE",6,606,2025,35934,3,"Marzo",35.934
"2872","CHIMBORAZO","GUAMOTE",6,606,2025,35934,4,"Abril",35.934
"2873","CHIMBORAZO","GUAMOTE",6,606,2025,35934,5,"Mayo",35.934
"2874","CHIMBORAZO","GUAMOTE",6,606,2025,35934,6,"Junio",35.934
"2875","CHIMBORAZO","GUAMOTE",6,606,2025,35934,7,"Julio",35.934
"2876","CHIMBORAZO","GUAMOTE",6,606,2025,35934,8,"Agosto",35.934
"2877","CHIMBORAZO","GUAMOTE",6,606,2025,35934,9,"Septiembre",35.934
"2878","CHIMBORAZO","GUAMOTE",6,606,2025,35934,10,"Octubre",35.934
"2879","CHIMBORAZO","GUAMOTE",6,606,2025,35934,11,"Noviembre",35.934
"2880","CHIMBORAZO","GUAMOTE",6,606,2025,35934,12,"Diciembre",35.934
"2881","CHIMBORAZO","GUANO",6,607,2021,49318,1,"Enero",49.318
"2882","CHIMBORAZO","GUANO",6,607,2021,49318,2,"Febrero",49.318
"2883","CHIMBORAZO","GUANO",6,607,2021,49318,3,"Marzo",49.318
"2884","CHIMBORAZO","GUANO",6,607,2021,49318,4,"Abril",49.318
"2885","CHIMBORAZO","GUANO",6,607,2021,49318,5,"Mayo",49.318
"2886","CHIMBORAZO","GUANO",6,607,2021,49318,6,"Junio",49.318
"2887","CHIMBORAZO","GUANO",6,607,2021,49318,7,"Julio",49.318
"2888","CHIMBORAZO","GUANO",6,607,2021,49318,8,"Agosto",49.318
"2889","CHIMBORAZO","GUANO",6,607,2021,49318,9,"Septiembre",49.318
"2890","CHIMBORAZO","GUANO",6,607,2021,49318,10,"Octubre",49.318
"2891","CHIMBORAZO","GUANO",6,607,2021,49318,11,"Noviembre",49.318
"2892","CHIMBORAZO","GUANO",6,607,2021,49318,12,"Diciembre",49.318
"2893","CHIMBORAZO","GUANO",6,607,2022,49365,1,"Enero",49.365
"2894","CHIMBORAZO","GUANO",6,607,2022,49365,2,"Febrero",49.365
"2895","CHIMBORAZO","GUANO",6,607,2022,49365,3,"Marzo",49.365
"2896","CHIMBORAZO","GUANO",6,607,2022,49365,4,"Abril",49.365
"2897","CHIMBORAZO","GUANO",6,607,2022,49365,5,"Mayo",49.365
"2898","CHIMBORAZO","GUANO",6,607,2022,49365,6,"Junio",49.365
"2899","CHIMBORAZO","GUANO",6,607,2022,49365,7,"Julio",49.365
"2900","CHIMBORAZO","GUANO",6,607,2022,49365,8,"Agosto",49.365
"2901","CHIMBORAZO","GUANO",6,607,2022,49365,9,"Septiembre",49.365
"2902","CHIMBORAZO","GUANO",6,607,2022,49365,10,"Octubre",49.365
"2903","CHIMBORAZO","GUANO",6,607,2022,49365,11,"Noviembre",49.365
"2904","CHIMBORAZO","GUANO",6,607,2022,49365,12,"Diciembre",49.365
"2905","CHIMBORAZO","GUANO",6,607,2023,49414,1,"Enero",49.414
"2906","CHIMBORAZO","GUANO",6,607,2023,49414,2,"Febrero",49.414
"2907","CHIMBORAZO","GUANO",6,607,2023,49414,3,"Marzo",49.414
"2908","CHIMBORAZO","GUANO",6,607,2023,49414,4,"Abril",49.414
"2909","CHIMBORAZO","GUANO",6,607,2023,49414,5,"Mayo",49.414
"2910","CHIMBORAZO","GUANO",6,607,2023,49414,6,"Junio",49.414
"2911","CHIMBORAZO","GUANO",6,607,2023,49414,7,"Julio",49.414
"2912","CHIMBORAZO","GUANO",6,607,2023,49414,8,"Agosto",49.414
"2913","CHIMBORAZO","GUANO",6,607,2023,49414,9,"Septiembre",49.414
"2914","CHIMBORAZO","GUANO",6,607,2023,49414,10,"Octubre",49.414
"2915","CHIMBORAZO","GUANO",6,607,2023,49414,11,"Noviembre",49.414
"2916","CHIMBORAZO","GUANO",6,607,2023,49414,12,"Diciembre",49.414
"2917","CHIMBORAZO","GUANO",6,607,2024,49466,1,"Enero",49.466
"2918","CHIMBORAZO","GUANO",6,607,2024,49466,2,"Febrero",49.466
"2919","CHIMBORAZO","GUANO",6,607,2024,49466,3,"Marzo",49.466
"2920","CHIMBORAZO","GUANO",6,607,2024,49466,4,"Abril",49.466
"2921","CHIMBORAZO","GUANO",6,607,2024,49466,5,"Mayo",49.466
"2922","CHIMBORAZO","GUANO",6,607,2024,49466,6,"Junio",49.466
"2923","CHIMBORAZO","GUANO",6,607,2024,49466,7,"Julio",49.466
"2924","CHIMBORAZO","GUANO",6,607,2024,49466,8,"Agosto",49.466
"2925","CHIMBORAZO","GUANO",6,607,2024,49466,9,"Septiembre",49.466
"2926","CHIMBORAZO","GUANO",6,607,2024,49466,10,"Octubre",49.466
"2927","CHIMBORAZO","GUANO",6,607,2024,49466,11,"Noviembre",49.466
"2928","CHIMBORAZO","GUANO",6,607,2024,49466,12,"Diciembre",49.466
"2929","CHIMBORAZO","GUANO",6,607,2025,49528,1,"Enero",49.528
"2930","CHIMBORAZO","GUANO",6,607,2025,49528,2,"Febrero",49.528
"2931","CHIMBORAZO","GUANO",6,607,2025,49528,3,"Marzo",49.528
"2932","CHIMBORAZO","GUANO",6,607,2025,49528,4,"Abril",49.528
"2933","CHIMBORAZO","GUANO",6,607,2025,49528,5,"Mayo",49.528
"2934","CHIMBORAZO","GUANO",6,607,2025,49528,6,"Junio",49.528
"2935","CHIMBORAZO","GUANO",6,607,2025,49528,7,"Julio",49.528
"2936","CHIMBORAZO","GUANO",6,607,2025,49528,8,"Agosto",49.528
"2937","CHIMBORAZO","GUANO",6,607,2025,49528,9,"Septiembre",49.528
"2938","CHIMBORAZO","GUANO",6,607,2025,49528,10,"Octubre",49.528
"2939","CHIMBORAZO","GUANO",6,607,2025,49528,11,"Noviembre",49.528
"2940","CHIMBORAZO","GUANO",6,607,2025,49528,12,"Diciembre",49.528
"2941","CHIMBORAZO","PALLATANGA",6,608,2021,12430,1,"Enero",12.43
"2942","CHIMBORAZO","PALLATANGA",6,608,2021,12430,2,"Febrero",12.43
"2943","CHIMBORAZO","PALLATANGA",6,608,2021,12430,3,"Marzo",12.43
"2944","CHIMBORAZO","PALLATANGA",6,608,2021,12430,4,"Abril",12.43
"2945","CHIMBORAZO","PALLATANGA",6,608,2021,12430,5,"Mayo",12.43
"2946","CHIMBORAZO","PALLATANGA",6,608,2021,12430,6,"Junio",12.43
"2947","CHIMBORAZO","PALLATANGA",6,608,2021,12430,7,"Julio",12.43
"2948","CHIMBORAZO","PALLATANGA",6,608,2021,12430,8,"Agosto",12.43
"2949","CHIMBORAZO","PALLATANGA",6,608,2021,12430,9,"Septiembre",12.43
"2950","CHIMBORAZO","PALLATANGA",6,608,2021,12430,10,"Octubre",12.43
"2951","CHIMBORAZO","PALLATANGA",6,608,2021,12430,11,"Noviembre",12.43
"2952","CHIMBORAZO","PALLATANGA",6,608,2021,12430,12,"Diciembre",12.43
"2953","CHIMBORAZO","PALLATANGA",6,608,2022,12350,1,"Enero",12.35
"2954","CHIMBORAZO","PALLATANGA",6,608,2022,12350,2,"Febrero",12.35
"2955","CHIMBORAZO","PALLATANGA",6,608,2022,12350,3,"Marzo",12.35
"2956","CHIMBORAZO","PALLATANGA",6,608,2022,12350,4,"Abril",12.35
"2957","CHIMBORAZO","PALLATANGA",6,608,2022,12350,5,"Mayo",12.35
"2958","CHIMBORAZO","PALLATANGA",6,608,2022,12350,6,"Junio",12.35
"2959","CHIMBORAZO","PALLATANGA",6,608,2022,12350,7,"Julio",12.35
"2960","CHIMBORAZO","PALLATANGA",6,608,2022,12350,8,"Agosto",12.35
"2961","CHIMBORAZO","PALLATANGA",6,608,2022,12350,9,"Septiembre",12.35
"2962","CHIMBORAZO","PALLATANGA",6,608,2022,12350,10,"Octubre",12.35
"2963","CHIMBORAZO","PALLATANGA",6,608,2022,12350,11,"Noviembre",12.35
"2964","CHIMBORAZO","PALLATANGA",6,608,2022,12350,12,"Diciembre",12.35
"2965","CHIMBORAZO","PALLATANGA",6,608,2023,12274,1,"Enero",12.274
"2966","CHIMBORAZO","PALLATANGA",6,608,2023,12274,2,"Febrero",12.274
"2967","CHIMBORAZO","PALLATANGA",6,608,2023,12274,3,"Marzo",12.274
"2968","CHIMBORAZO","PALLATANGA",6,608,2023,12274,4,"Abril",12.274
"2969","CHIMBORAZO","PALLATANGA",6,608,2023,12274,5,"Mayo",12.274
"2970","CHIMBORAZO","PALLATANGA",6,608,2023,12274,6,"Junio",12.274
"2971","CHIMBORAZO","PALLATANGA",6,608,2023,12274,7,"Julio",12.274
"2972","CHIMBORAZO","PALLATANGA",6,608,2023,12274,8,"Agosto",12.274
"2973","CHIMBORAZO","PALLATANGA",6,608,2023,12274,9,"Septiembre",12.274
"2974","CHIMBORAZO","PALLATANGA",6,608,2023,12274,10,"Octubre",12.274
"2975","CHIMBORAZO","PALLATANGA",6,608,2023,12274,11,"Noviembre",12.274
"2976","CHIMBORAZO","PALLATANGA",6,608,2023,12274,12,"Diciembre",12.274
"2977","CHIMBORAZO","PALLATANGA",6,608,2024,12202,1,"Enero",12.202
"2978","CHIMBORAZO","PALLATANGA",6,608,2024,12202,2,"Febrero",12.202
"2979","CHIMBORAZO","PALLATANGA",6,608,2024,12202,3,"Marzo",12.202
"2980","CHIMBORAZO","PALLATANGA",6,608,2024,12202,4,"Abril",12.202
"2981","CHIMBORAZO","PALLATANGA",6,608,2024,12202,5,"Mayo",12.202
"2982","CHIMBORAZO","PALLATANGA",6,608,2024,12202,6,"Junio",12.202
"2983","CHIMBORAZO","PALLATANGA",6,608,2024,12202,7,"Julio",12.202
"2984","CHIMBORAZO","PALLATANGA",6,608,2024,12202,8,"Agosto",12.202
"2985","CHIMBORAZO","PALLATANGA",6,608,2024,12202,9,"Septiembre",12.202
"2986","CHIMBORAZO","PALLATANGA",6,608,2024,12202,10,"Octubre",12.202
"2987","CHIMBORAZO","PALLATANGA",6,608,2024,12202,11,"Noviembre",12.202
"2988","CHIMBORAZO","PALLATANGA",6,608,2024,12202,12,"Diciembre",12.202
"2989","CHIMBORAZO","PALLATANGA",6,608,2025,12137,1,"Enero",12.137
"2990","CHIMBORAZO","PALLATANGA",6,608,2025,12137,2,"Febrero",12.137
"2991","CHIMBORAZO","PALLATANGA",6,608,2025,12137,3,"Marzo",12.137
"2992","CHIMBORAZO","PALLATANGA",6,608,2025,12137,4,"Abril",12.137
"2993","CHIMBORAZO","PALLATANGA",6,608,2025,12137,5,"Mayo",12.137
"2994","CHIMBORAZO","PALLATANGA",6,608,2025,12137,6,"Junio",12.137
"2995","CHIMBORAZO","PALLATANGA",6,608,2025,12137,7,"Julio",12.137
"2996","CHIMBORAZO","PALLATANGA",6,608,2025,12137,8,"Agosto",12.137
"2997","CHIMBORAZO","PALLATANGA",6,608,2025,12137,9,"Septiembre",12.137
"2998","CHIMBORAZO","PALLATANGA",6,608,2025,12137,10,"Octubre",12.137
"2999","CHIMBORAZO","PALLATANGA",6,608,2025,12137,11,"Noviembre",12.137
"3000","CHIMBORAZO","PALLATANGA",6,608,2025,12137,12,"Diciembre",12.137
"3001","CHIMBORAZO","PENIPE",6,609,2021,7119,1,"Enero",7.119
"3002","CHIMBORAZO","PENIPE",6,609,2021,7119,2,"Febrero",7.119
"3003","CHIMBORAZO","PENIPE",6,609,2021,7119,3,"Marzo",7.119
"3004","CHIMBORAZO","PENIPE",6,609,2021,7119,4,"Abril",7.119
"3005","CHIMBORAZO","PENIPE",6,609,2021,7119,5,"Mayo",7.119
"3006","CHIMBORAZO","PENIPE",6,609,2021,7119,6,"Junio",7.119
"3007","CHIMBORAZO","PENIPE",6,609,2021,7119,7,"Julio",7.119
"3008","CHIMBORAZO","PENIPE",6,609,2021,7119,8,"Agosto",7.119
"3009","CHIMBORAZO","PENIPE",6,609,2021,7119,9,"Septiembre",7.119
"3010","CHIMBORAZO","PENIPE",6,609,2021,7119,10,"Octubre",7.119
"3011","CHIMBORAZO","PENIPE",6,609,2021,7119,11,"Noviembre",7.119
"3012","CHIMBORAZO","PENIPE",6,609,2021,7119,12,"Diciembre",7.119
"3013","CHIMBORAZO","PENIPE",6,609,2022,7062,1,"Enero",7.062
"3014","CHIMBORAZO","PENIPE",6,609,2022,7062,2,"Febrero",7.062
"3015","CHIMBORAZO","PENIPE",6,609,2022,7062,3,"Marzo",7.062
"3016","CHIMBORAZO","PENIPE",6,609,2022,7062,4,"Abril",7.062
"3017","CHIMBORAZO","PENIPE",6,609,2022,7062,5,"Mayo",7.062
"3018","CHIMBORAZO","PENIPE",6,609,2022,7062,6,"Junio",7.062
"3019","CHIMBORAZO","PENIPE",6,609,2022,7062,7,"Julio",7.062
"3020","CHIMBORAZO","PENIPE",6,609,2022,7062,8,"Agosto",7.062
"3021","CHIMBORAZO","PENIPE",6,609,2022,7062,9,"Septiembre",7.062
"3022","CHIMBORAZO","PENIPE",6,609,2022,7062,10,"Octubre",7.062
"3023","CHIMBORAZO","PENIPE",6,609,2022,7062,11,"Noviembre",7.062
"3024","CHIMBORAZO","PENIPE",6,609,2022,7062,12,"Diciembre",7.062
"3025","CHIMBORAZO","PENIPE",6,609,2023,7008,1,"Enero",7.008
"3026","CHIMBORAZO","PENIPE",6,609,2023,7008,2,"Febrero",7.008
"3027","CHIMBORAZO","PENIPE",6,609,2023,7008,3,"Marzo",7.008
"3028","CHIMBORAZO","PENIPE",6,609,2023,7008,4,"Abril",7.008
"3029","CHIMBORAZO","PENIPE",6,609,2023,7008,5,"Mayo",7.008
"3030","CHIMBORAZO","PENIPE",6,609,2023,7008,6,"Junio",7.008
"3031","CHIMBORAZO","PENIPE",6,609,2023,7008,7,"Julio",7.008
"3032","CHIMBORAZO","PENIPE",6,609,2023,7008,8,"Agosto",7.008
"3033","CHIMBORAZO","PENIPE",6,609,2023,7008,9,"Septiembre",7.008
"3034","CHIMBORAZO","PENIPE",6,609,2023,7008,10,"Octubre",7.008
"3035","CHIMBORAZO","PENIPE",6,609,2023,7008,11,"Noviembre",7.008
"3036","CHIMBORAZO","PENIPE",6,609,2023,7008,12,"Diciembre",7.008
"3037","CHIMBORAZO","PENIPE",6,609,2024,6957,1,"Enero",6.957
"3038","CHIMBORAZO","PENIPE",6,609,2024,6957,2,"Febrero",6.957
"3039","CHIMBORAZO","PENIPE",6,609,2024,6957,3,"Marzo",6.957
"3040","CHIMBORAZO","PENIPE",6,609,2024,6957,4,"Abril",6.957
"3041","CHIMBORAZO","PENIPE",6,609,2024,6957,5,"Mayo",6.957
"3042","CHIMBORAZO","PENIPE",6,609,2024,6957,6,"Junio",6.957
"3043","CHIMBORAZO","PENIPE",6,609,2024,6957,7,"Julio",6.957
"3044","CHIMBORAZO","PENIPE",6,609,2024,6957,8,"Agosto",6.957
"3045","CHIMBORAZO","PENIPE",6,609,2024,6957,9,"Septiembre",6.957
"3046","CHIMBORAZO","PENIPE",6,609,2024,6957,10,"Octubre",6.957
"3047","CHIMBORAZO","PENIPE",6,609,2024,6957,11,"Noviembre",6.957
"3048","CHIMBORAZO","PENIPE",6,609,2024,6957,12,"Diciembre",6.957
"3049","CHIMBORAZO","PENIPE",6,609,2025,6909,1,"Enero",6.909
"3050","CHIMBORAZO","PENIPE",6,609,2025,6909,2,"Febrero",6.909
"3051","CHIMBORAZO","PENIPE",6,609,2025,6909,3,"Marzo",6.909
"3052","CHIMBORAZO","PENIPE",6,609,2025,6909,4,"Abril",6.909
"3053","CHIMBORAZO","PENIPE",6,609,2025,6909,5,"Mayo",6.909
"3054","CHIMBORAZO","PENIPE",6,609,2025,6909,6,"Junio",6.909
"3055","CHIMBORAZO","PENIPE",6,609,2025,6909,7,"Julio",6.909
"3056","CHIMBORAZO","PENIPE",6,609,2025,6909,8,"Agosto",6.909
"3057","CHIMBORAZO","PENIPE",6,609,2025,6909,9,"Septiembre",6.909
"3058","CHIMBORAZO","PENIPE",6,609,2025,6909,10,"Octubre",6.909
"3059","CHIMBORAZO","PENIPE",6,609,2025,6909,11,"Noviembre",6.909
"3060","CHIMBORAZO","PENIPE",6,609,2025,6909,12,"Diciembre",6.909
"3061","CHIMBORAZO","CUMANDA",6,610,2021,17099,1,"Enero",17.099
"3062","CHIMBORAZO","CUMANDA",6,610,2021,17099,2,"Febrero",17.099
"3063","CHIMBORAZO","CUMANDA",6,610,2021,17099,3,"Marzo",17.099
"3064","CHIMBORAZO","CUMANDA",6,610,2021,17099,4,"Abril",17.099
"3065","CHIMBORAZO","CUMANDA",6,610,2021,17099,5,"Mayo",17.099
"3066","CHIMBORAZO","CUMANDA",6,610,2021,17099,6,"Junio",17.099
"3067","CHIMBORAZO","CUMANDA",6,610,2021,17099,7,"Julio",17.099
"3068","CHIMBORAZO","CUMANDA",6,610,2021,17099,8,"Agosto",17.099
"3069","CHIMBORAZO","CUMANDA",6,610,2021,17099,9,"Septiembre",17.099
"3070","CHIMBORAZO","CUMANDA",6,610,2021,17099,10,"Octubre",17.099
"3071","CHIMBORAZO","CUMANDA",6,610,2021,17099,11,"Noviembre",17.099
"3072","CHIMBORAZO","CUMANDA",6,610,2021,17099,12,"Diciembre",17.099
"3073","CHIMBORAZO","CUMANDA",6,610,2022,17256,1,"Enero",17.256
"3074","CHIMBORAZO","CUMANDA",6,610,2022,17256,2,"Febrero",17.256
"3075","CHIMBORAZO","CUMANDA",6,610,2022,17256,3,"Marzo",17.256
"3076","CHIMBORAZO","CUMANDA",6,610,2022,17256,4,"Abril",17.256
"3077","CHIMBORAZO","CUMANDA",6,610,2022,17256,5,"Mayo",17.256
"3078","CHIMBORAZO","CUMANDA",6,610,2022,17256,6,"Junio",17.256
"3079","CHIMBORAZO","CUMANDA",6,610,2022,17256,7,"Julio",17.256
"3080","CHIMBORAZO","CUMANDA",6,610,2022,17256,8,"Agosto",17.256
"3081","CHIMBORAZO","CUMANDA",6,610,2022,17256,9,"Septiembre",17.256
"3082","CHIMBORAZO","CUMANDA",6,610,2022,17256,10,"Octubre",17.256
"3083","CHIMBORAZO","CUMANDA",6,610,2022,17256,11,"Noviembre",17.256
"3084","CHIMBORAZO","CUMANDA",6,610,2022,17256,12,"Diciembre",17.256
"3085","CHIMBORAZO","CUMANDA",6,610,2023,17394,1,"Enero",17.394
"3086","CHIMBORAZO","CUMANDA",6,610,2023,17394,2,"Febrero",17.394
"3087","CHIMBORAZO","CUMANDA",6,610,2023,17394,3,"Marzo",17.394
"3088","CHIMBORAZO","CUMANDA",6,610,2023,17394,4,"Abril",17.394
"3089","CHIMBORAZO","CUMANDA",6,610,2023,17394,5,"Mayo",17.394
"3090","CHIMBORAZO","CUMANDA",6,610,2023,17394,6,"Junio",17.394
"3091","CHIMBORAZO","CUMANDA",6,610,2023,17394,7,"Julio",17.394
"3092","CHIMBORAZO","CUMANDA",6,610,2023,17394,8,"Agosto",17.394
"3093","CHIMBORAZO","CUMANDA",6,610,2023,17394,9,"Septiembre",17.394
"3094","CHIMBORAZO","CUMANDA",6,610,2023,17394,10,"Octubre",17.394
"3095","CHIMBORAZO","CUMANDA",6,610,2023,17394,11,"Noviembre",17.394
"3096","CHIMBORAZO","CUMANDA",6,610,2023,17394,12,"Diciembre",17.394
"3097","CHIMBORAZO","CUMANDA",6,610,2024,17515,1,"Enero",17.515
"3098","CHIMBORAZO","CUMANDA",6,610,2024,17515,2,"Febrero",17.515
"3099","CHIMBORAZO","CUMANDA",6,610,2024,17515,3,"Marzo",17.515
"3100","CHIMBORAZO","CUMANDA",6,610,2024,17515,4,"Abril",17.515
"3101","CHIMBORAZO","CUMANDA",6,610,2024,17515,5,"Mayo",17.515
"3102","CHIMBORAZO","CUMANDA",6,610,2024,17515,6,"Junio",17.515
"3103","CHIMBORAZO","CUMANDA",6,610,2024,17515,7,"Julio",17.515
"3104","CHIMBORAZO","CUMANDA",6,610,2024,17515,8,"Agosto",17.515
"3105","CHIMBORAZO","CUMANDA",6,610,2024,17515,9,"Septiembre",17.515
"3106","CHIMBORAZO","CUMANDA",6,610,2024,17515,10,"Octubre",17.515
"3107","CHIMBORAZO","CUMANDA",6,610,2024,17515,11,"Noviembre",17.515
"3108","CHIMBORAZO","CUMANDA",6,610,2024,17515,12,"Diciembre",17.515
"3109","CHIMBORAZO","CUMANDA",6,610,2025,17620,1,"Enero",17.62
"3110","CHIMBORAZO","CUMANDA",6,610,2025,17620,2,"Febrero",17.62
"3111","CHIMBORAZO","CUMANDA",6,610,2025,17620,3,"Marzo",17.62
"3112","CHIMBORAZO","CUMANDA",6,610,2025,17620,4,"Abril",17.62
"3113","CHIMBORAZO","CUMANDA",6,610,2025,17620,5,"Mayo",17.62
"3114","CHIMBORAZO","CUMANDA",6,610,2025,17620,6,"Junio",17.62
"3115","CHIMBORAZO","CUMANDA",6,610,2025,17620,7,"Julio",17.62
"3116","CHIMBORAZO","CUMANDA",6,610,2025,17620,8,"Agosto",17.62
"3117","CHIMBORAZO","CUMANDA",6,610,2025,17620,9,"Septiembre",17.62
"3118","CHIMBORAZO","CUMANDA",6,610,2025,17620,10,"Octubre",17.62
"3119","CHIMBORAZO","CUMANDA",6,610,2025,17620,11,"Noviembre",17.62
"3120","CHIMBORAZO","CUMANDA",6,610,2025,17620,12,"Diciembre",17.62
"3121","EL ORO","MACHALA",7,701,2021,313777,1,"Enero",313.777
"3122","EL ORO","MACHALA",7,701,2021,313777,2,"Febrero",313.777
"3123","EL ORO","MACHALA",7,701,2021,313777,3,"Marzo",313.777
"3124","EL ORO","MACHALA",7,701,2021,313777,4,"Abril",313.777
"3125","EL ORO","MACHALA",7,701,2021,313777,5,"Mayo",313.777
"3126","EL ORO","MACHALA",7,701,2021,313777,6,"Junio",313.777
"3127","EL ORO","MACHALA",7,701,2021,313777,7,"Julio",313.777
"3128","EL ORO","MACHALA",7,701,2021,313777,8,"Agosto",313.777
"3129","EL ORO","MACHALA",7,701,2021,313777,9,"Septiembre",313.777
"3130","EL ORO","MACHALA",7,701,2021,313777,10,"Octubre",313.777
"3131","EL ORO","MACHALA",7,701,2021,313777,11,"Noviembre",313.777
"3132","EL ORO","MACHALA",7,701,2021,313777,12,"Diciembre",313.777
"3133","EL ORO","MACHALA",7,701,2022,316124,1,"Enero",316.124
"3134","EL ORO","MACHALA",7,701,2022,316124,2,"Febrero",316.124
"3135","EL ORO","MACHALA",7,701,2022,316124,3,"Marzo",316.124
"3136","EL ORO","MACHALA",7,701,2022,316124,4,"Abril",316.124
"3137","EL ORO","MACHALA",7,701,2022,316124,5,"Mayo",316.124
"3138","EL ORO","MACHALA",7,701,2022,316124,6,"Junio",316.124
"3139","EL ORO","MACHALA",7,701,2022,316124,7,"Julio",316.124
"3140","EL ORO","MACHALA",7,701,2022,316124,8,"Agosto",316.124
"3141","EL ORO","MACHALA",7,701,2022,316124,9,"Septiembre",316.124
"3142","EL ORO","MACHALA",7,701,2022,316124,10,"Octubre",316.124
"3143","EL ORO","MACHALA",7,701,2022,316124,11,"Noviembre",316.124
"3144","EL ORO","MACHALA",7,701,2022,316124,12,"Diciembre",316.124
"3145","EL ORO","MACHALA",7,701,2023,318567,1,"Enero",318.567
"3146","EL ORO","MACHALA",7,701,2023,318567,2,"Febrero",318.567
"3147","EL ORO","MACHALA",7,701,2023,318567,3,"Marzo",318.567
"3148","EL ORO","MACHALA",7,701,2023,318567,4,"Abril",318.567
"3149","EL ORO","MACHALA",7,701,2023,318567,5,"Mayo",318.567
"3150","EL ORO","MACHALA",7,701,2023,318567,6,"Junio",318.567
"3151","EL ORO","MACHALA",7,701,2023,318567,7,"Julio",318.567
"3152","EL ORO","MACHALA",7,701,2023,318567,8,"Agosto",318.567
"3153","EL ORO","MACHALA",7,701,2023,318567,9,"Septiembre",318.567
"3154","EL ORO","MACHALA",7,701,2023,318567,10,"Octubre",318.567
"3155","EL ORO","MACHALA",7,701,2023,318567,11,"Noviembre",318.567
"3156","EL ORO","MACHALA",7,701,2023,318567,12,"Diciembre",318.567
"3157","EL ORO","MACHALA",7,701,2024,321196,1,"Enero",321.196
"3158","EL ORO","MACHALA",7,701,2024,321196,2,"Febrero",321.196
"3159","EL ORO","MACHALA",7,701,2024,321196,3,"Marzo",321.196
"3160","EL ORO","MACHALA",7,701,2024,321196,4,"Abril",321.196
"3161","EL ORO","MACHALA",7,701,2024,321196,5,"Mayo",321.196
"3162","EL ORO","MACHALA",7,701,2024,321196,6,"Junio",321.196
"3163","EL ORO","MACHALA",7,701,2024,321196,7,"Julio",321.196
"3164","EL ORO","MACHALA",7,701,2024,321196,8,"Agosto",321.196
"3165","EL ORO","MACHALA",7,701,2024,321196,9,"Septiembre",321.196
"3166","EL ORO","MACHALA",7,701,2024,321196,10,"Octubre",321.196
"3167","EL ORO","MACHALA",7,701,2024,321196,11,"Noviembre",321.196
"3168","EL ORO","MACHALA",7,701,2024,321196,12,"Diciembre",321.196
"3169","EL ORO","MACHALA",7,701,2025,324062,1,"Enero",324.062
"3170","EL ORO","MACHALA",7,701,2025,324062,2,"Febrero",324.062
"3171","EL ORO","MACHALA",7,701,2025,324062,3,"Marzo",324.062
"3172","EL ORO","MACHALA",7,701,2025,324062,4,"Abril",324.062
"3173","EL ORO","MACHALA",7,701,2025,324062,5,"Mayo",324.062
"3174","EL ORO","MACHALA",7,701,2025,324062,6,"Junio",324.062
"3175","EL ORO","MACHALA",7,701,2025,324062,7,"Julio",324.062
"3176","EL ORO","MACHALA",7,701,2025,324062,8,"Agosto",324.062
"3177","EL ORO","MACHALA",7,701,2025,324062,9,"Septiembre",324.062
"3178","EL ORO","MACHALA",7,701,2025,324062,10,"Octubre",324.062
"3179","EL ORO","MACHALA",7,701,2025,324062,11,"Noviembre",324.062
"3180","EL ORO","MACHALA",7,701,2025,324062,12,"Diciembre",324.062
"3181","EL ORO","ARENILLAS",7,702,2021,33105,1,"Enero",33.105
"3182","EL ORO","ARENILLAS",7,702,2021,33105,2,"Febrero",33.105
"3183","EL ORO","ARENILLAS",7,702,2021,33105,3,"Marzo",33.105
"3184","EL ORO","ARENILLAS",7,702,2021,33105,4,"Abril",33.105
"3185","EL ORO","ARENILLAS",7,702,2021,33105,5,"Mayo",33.105
"3186","EL ORO","ARENILLAS",7,702,2021,33105,6,"Junio",33.105
"3187","EL ORO","ARENILLAS",7,702,2021,33105,7,"Julio",33.105
"3188","EL ORO","ARENILLAS",7,702,2021,33105,8,"Agosto",33.105
"3189","EL ORO","ARENILLAS",7,702,2021,33105,9,"Septiembre",33.105
"3190","EL ORO","ARENILLAS",7,702,2021,33105,10,"Octubre",33.105
"3191","EL ORO","ARENILLAS",7,702,2021,33105,11,"Noviembre",33.105
"3192","EL ORO","ARENILLAS",7,702,2021,33105,12,"Diciembre",33.105
"3193","EL ORO","ARENILLAS",7,702,2022,33303,1,"Enero",33.303
"3194","EL ORO","ARENILLAS",7,702,2022,33303,2,"Febrero",33.303
"3195","EL ORO","ARENILLAS",7,702,2022,33303,3,"Marzo",33.303
"3196","EL ORO","ARENILLAS",7,702,2022,33303,4,"Abril",33.303
"3197","EL ORO","ARENILLAS",7,702,2022,33303,5,"Mayo",33.303
"3198","EL ORO","ARENILLAS",7,702,2022,33303,6,"Junio",33.303
"3199","EL ORO","ARENILLAS",7,702,2022,33303,7,"Julio",33.303
"3200","EL ORO","ARENILLAS",7,702,2022,33303,8,"Agosto",33.303
"3201","EL ORO","ARENILLAS",7,702,2022,33303,9,"Septiembre",33.303
"3202","EL ORO","ARENILLAS",7,702,2022,33303,10,"Octubre",33.303
"3203","EL ORO","ARENILLAS",7,702,2022,33303,11,"Noviembre",33.303
"3204","EL ORO","ARENILLAS",7,702,2022,33303,12,"Diciembre",33.303
"3205","EL ORO","ARENILLAS",7,702,2023,33512,1,"Enero",33.512
"3206","EL ORO","ARENILLAS",7,702,2023,33512,2,"Febrero",33.512
"3207","EL ORO","ARENILLAS",7,702,2023,33512,3,"Marzo",33.512
"3208","EL ORO","ARENILLAS",7,702,2023,33512,4,"Abril",33.512
"3209","EL ORO","ARENILLAS",7,702,2023,33512,5,"Mayo",33.512
"3210","EL ORO","ARENILLAS",7,702,2023,33512,6,"Junio",33.512
"3211","EL ORO","ARENILLAS",7,702,2023,33512,7,"Julio",33.512
"3212","EL ORO","ARENILLAS",7,702,2023,33512,8,"Agosto",33.512
"3213","EL ORO","ARENILLAS",7,702,2023,33512,9,"Septiembre",33.512
"3214","EL ORO","ARENILLAS",7,702,2023,33512,10,"Octubre",33.512
"3215","EL ORO","ARENILLAS",7,702,2023,33512,11,"Noviembre",33.512
"3216","EL ORO","ARENILLAS",7,702,2023,33512,12,"Diciembre",33.512
"3217","EL ORO","ARENILLAS",7,702,2024,33741,1,"Enero",33.741
"3218","EL ORO","ARENILLAS",7,702,2024,33741,2,"Febrero",33.741
"3219","EL ORO","ARENILLAS",7,702,2024,33741,3,"Marzo",33.741
"3220","EL ORO","ARENILLAS",7,702,2024,33741,4,"Abril",33.741
"3221","EL ORO","ARENILLAS",7,702,2024,33741,5,"Mayo",33.741
"3222","EL ORO","ARENILLAS",7,702,2024,33741,6,"Junio",33.741
"3223","EL ORO","ARENILLAS",7,702,2024,33741,7,"Julio",33.741
"3224","EL ORO","ARENILLAS",7,702,2024,33741,8,"Agosto",33.741
"3225","EL ORO","ARENILLAS",7,702,2024,33741,9,"Septiembre",33.741
"3226","EL ORO","ARENILLAS",7,702,2024,33741,10,"Octubre",33.741
"3227","EL ORO","ARENILLAS",7,702,2024,33741,11,"Noviembre",33.741
"3228","EL ORO","ARENILLAS",7,702,2024,33741,12,"Diciembre",33.741
"3229","EL ORO","ARENILLAS",7,702,2025,33996,1,"Enero",33.996
"3230","EL ORO","ARENILLAS",7,702,2025,33996,2,"Febrero",33.996
"3231","EL ORO","ARENILLAS",7,702,2025,33996,3,"Marzo",33.996
"3232","EL ORO","ARENILLAS",7,702,2025,33996,4,"Abril",33.996
"3233","EL ORO","ARENILLAS",7,702,2025,33996,5,"Mayo",33.996
"3234","EL ORO","ARENILLAS",7,702,2025,33996,6,"Junio",33.996
"3235","EL ORO","ARENILLAS",7,702,2025,33996,7,"Julio",33.996
"3236","EL ORO","ARENILLAS",7,702,2025,33996,8,"Agosto",33.996
"3237","EL ORO","ARENILLAS",7,702,2025,33996,9,"Septiembre",33.996
"3238","EL ORO","ARENILLAS",7,702,2025,33996,10,"Octubre",33.996
"3239","EL ORO","ARENILLAS",7,702,2025,33996,11,"Noviembre",33.996
"3240","EL ORO","ARENILLAS",7,702,2025,33996,12,"Diciembre",33.996
"3241","EL ORO","ATAHUALPA",7,703,2021,6347,1,"Enero",6.347
"3242","EL ORO","ATAHUALPA",7,703,2021,6347,2,"Febrero",6.347
"3243","EL ORO","ATAHUALPA",7,703,2021,6347,3,"Marzo",6.347
"3244","EL ORO","ATAHUALPA",7,703,2021,6347,4,"Abril",6.347
"3245","EL ORO","ATAHUALPA",7,703,2021,6347,5,"Mayo",6.347
"3246","EL ORO","ATAHUALPA",7,703,2021,6347,6,"Junio",6.347
"3247","EL ORO","ATAHUALPA",7,703,2021,6347,7,"Julio",6.347
"3248","EL ORO","ATAHUALPA",7,703,2021,6347,8,"Agosto",6.347
"3249","EL ORO","ATAHUALPA",7,703,2021,6347,9,"Septiembre",6.347
"3250","EL ORO","ATAHUALPA",7,703,2021,6347,10,"Octubre",6.347
"3251","EL ORO","ATAHUALPA",7,703,2021,6347,11,"Noviembre",6.347
"3252","EL ORO","ATAHUALPA",7,703,2021,6347,12,"Diciembre",6.347
"3253","EL ORO","ATAHUALPA",7,703,2022,6307,1,"Enero",6.307
"3254","EL ORO","ATAHUALPA",7,703,2022,6307,2,"Febrero",6.307
"3255","EL ORO","ATAHUALPA",7,703,2022,6307,3,"Marzo",6.307
"3256","EL ORO","ATAHUALPA",7,703,2022,6307,4,"Abril",6.307
"3257","EL ORO","ATAHUALPA",7,703,2022,6307,5,"Mayo",6.307
"3258","EL ORO","ATAHUALPA",7,703,2022,6307,6,"Junio",6.307
"3259","EL ORO","ATAHUALPA",7,703,2022,6307,7,"Julio",6.307
"3260","EL ORO","ATAHUALPA",7,703,2022,6307,8,"Agosto",6.307
"3261","EL ORO","ATAHUALPA",7,703,2022,6307,9,"Septiembre",6.307
"3262","EL ORO","ATAHUALPA",7,703,2022,6307,10,"Octubre",6.307
"3263","EL ORO","ATAHUALPA",7,703,2022,6307,11,"Noviembre",6.307
"3264","EL ORO","ATAHUALPA",7,703,2022,6307,12,"Diciembre",6.307
"3265","EL ORO","ATAHUALPA",7,703,2023,6271,1,"Enero",6.271
"3266","EL ORO","ATAHUALPA",7,703,2023,6271,2,"Febrero",6.271
"3267","EL ORO","ATAHUALPA",7,703,2023,6271,3,"Marzo",6.271
"3268","EL ORO","ATAHUALPA",7,703,2023,6271,4,"Abril",6.271
"3269","EL ORO","ATAHUALPA",7,703,2023,6271,5,"Mayo",6.271
"3270","EL ORO","ATAHUALPA",7,703,2023,6271,6,"Junio",6.271
"3271","EL ORO","ATAHUALPA",7,703,2023,6271,7,"Julio",6.271
"3272","EL ORO","ATAHUALPA",7,703,2023,6271,8,"Agosto",6.271
"3273","EL ORO","ATAHUALPA",7,703,2023,6271,9,"Septiembre",6.271
"3274","EL ORO","ATAHUALPA",7,703,2023,6271,10,"Octubre",6.271
"3275","EL ORO","ATAHUALPA",7,703,2023,6271,11,"Noviembre",6.271
"3276","EL ORO","ATAHUALPA",7,703,2023,6271,12,"Diciembre",6.271
"3277","EL ORO","ATAHUALPA",7,703,2024,6242,1,"Enero",6.242
"3278","EL ORO","ATAHUALPA",7,703,2024,6242,2,"Febrero",6.242
"3279","EL ORO","ATAHUALPA",7,703,2024,6242,3,"Marzo",6.242
"3280","EL ORO","ATAHUALPA",7,703,2024,6242,4,"Abril",6.242
"3281","EL ORO","ATAHUALPA",7,703,2024,6242,5,"Mayo",6.242
"3282","EL ORO","ATAHUALPA",7,703,2024,6242,6,"Junio",6.242
"3283","EL ORO","ATAHUALPA",7,703,2024,6242,7,"Julio",6.242
"3284","EL ORO","ATAHUALPA",7,703,2024,6242,8,"Agosto",6.242
"3285","EL ORO","ATAHUALPA",7,703,2024,6242,9,"Septiembre",6.242
"3286","EL ORO","ATAHUALPA",7,703,2024,6242,10,"Octubre",6.242
"3287","EL ORO","ATAHUALPA",7,703,2024,6242,11,"Noviembre",6.242
"3288","EL ORO","ATAHUALPA",7,703,2024,6242,12,"Diciembre",6.242
"3289","EL ORO","ATAHUALPA",7,703,2025,6221,1,"Enero",6.221
"3290","EL ORO","ATAHUALPA",7,703,2025,6221,2,"Febrero",6.221
"3291","EL ORO","ATAHUALPA",7,703,2025,6221,3,"Marzo",6.221
"3292","EL ORO","ATAHUALPA",7,703,2025,6221,4,"Abril",6.221
"3293","EL ORO","ATAHUALPA",7,703,2025,6221,5,"Mayo",6.221
"3294","EL ORO","ATAHUALPA",7,703,2025,6221,6,"Junio",6.221
"3295","EL ORO","ATAHUALPA",7,703,2025,6221,7,"Julio",6.221
"3296","EL ORO","ATAHUALPA",7,703,2025,6221,8,"Agosto",6.221
"3297","EL ORO","ATAHUALPA",7,703,2025,6221,9,"Septiembre",6.221
"3298","EL ORO","ATAHUALPA",7,703,2025,6221,10,"Octubre",6.221
"3299","EL ORO","ATAHUALPA",7,703,2025,6221,11,"Noviembre",6.221
"3300","EL ORO","ATAHUALPA",7,703,2025,6221,12,"Diciembre",6.221
"3301","EL ORO","BALSAS",7,704,2021,8199,1,"Enero",8.199
"3302","EL ORO","BALSAS",7,704,2021,8199,2,"Febrero",8.199
"3303","EL ORO","BALSAS",7,704,2021,8199,3,"Marzo",8.199
"3304","EL ORO","BALSAS",7,704,2021,8199,4,"Abril",8.199
"3305","EL ORO","BALSAS",7,704,2021,8199,5,"Mayo",8.199
"3306","EL ORO","BALSAS",7,704,2021,8199,6,"Junio",8.199
"3307","EL ORO","BALSAS",7,704,2021,8199,7,"Julio",8.199
"3308","EL ORO","BALSAS",7,704,2021,8199,8,"Agosto",8.199
"3309","EL ORO","BALSAS",7,704,2021,8199,9,"Septiembre",8.199
"3310","EL ORO","BALSAS",7,704,2021,8199,10,"Octubre",8.199
"3311","EL ORO","BALSAS",7,704,2021,8199,11,"Noviembre",8.199
"3312","EL ORO","BALSAS",7,704,2021,8199,12,"Diciembre",8.199
"3313","EL ORO","BALSAS",7,704,2022,8187,1,"Enero",8.187
"3314","EL ORO","BALSAS",7,704,2022,8187,2,"Febrero",8.187
"3315","EL ORO","BALSAS",7,704,2022,8187,3,"Marzo",8.187
"3316","EL ORO","BALSAS",7,704,2022,8187,4,"Abril",8.187
"3317","EL ORO","BALSAS",7,704,2022,8187,5,"Mayo",8.187
"3318","EL ORO","BALSAS",7,704,2022,8187,6,"Junio",8.187
"3319","EL ORO","BALSAS",7,704,2022,8187,7,"Julio",8.187
"3320","EL ORO","BALSAS",7,704,2022,8187,8,"Agosto",8.187
"3321","EL ORO","BALSAS",7,704,2022,8187,9,"Septiembre",8.187
"3322","EL ORO","BALSAS",7,704,2022,8187,10,"Octubre",8.187
"3323","EL ORO","BALSAS",7,704,2022,8187,11,"Noviembre",8.187
"3324","EL ORO","BALSAS",7,704,2022,8187,12,"Diciembre",8.187
"3325","EL ORO","BALSAS",7,704,2023,8178,1,"Enero",8.178
"3326","EL ORO","BALSAS",7,704,2023,8178,2,"Febrero",8.178
"3327","EL ORO","BALSAS",7,704,2023,8178,3,"Marzo",8.178
"3328","EL ORO","BALSAS",7,704,2023,8178,4,"Abril",8.178
"3329","EL ORO","BALSAS",7,704,2023,8178,5,"Mayo",8.178
"3330","EL ORO","BALSAS",7,704,2023,8178,6,"Junio",8.178
"3331","EL ORO","BALSAS",7,704,2023,8178,7,"Julio",8.178
"3332","EL ORO","BALSAS",7,704,2023,8178,8,"Agosto",8.178
"3333","EL ORO","BALSAS",7,704,2023,8178,9,"Septiembre",8.178
"3334","EL ORO","BALSAS",7,704,2023,8178,10,"Octubre",8.178
"3335","EL ORO","BALSAS",7,704,2023,8178,11,"Noviembre",8.178
"3336","EL ORO","BALSAS",7,704,2023,8178,12,"Diciembre",8.178
"3337","EL ORO","BALSAS",7,704,2024,8176,1,"Enero",8.176
"3338","EL ORO","BALSAS",7,704,2024,8176,2,"Febrero",8.176
"3339","EL ORO","BALSAS",7,704,2024,8176,3,"Marzo",8.176
"3340","EL ORO","BALSAS",7,704,2024,8176,4,"Abril",8.176
"3341","EL ORO","BALSAS",7,704,2024,8176,5,"Mayo",8.176
"3342","EL ORO","BALSAS",7,704,2024,8176,6,"Junio",8.176
"3343","EL ORO","BALSAS",7,704,2024,8176,7,"Julio",8.176
"3344","EL ORO","BALSAS",7,704,2024,8176,8,"Agosto",8.176
"3345","EL ORO","BALSAS",7,704,2024,8176,9,"Septiembre",8.176
"3346","EL ORO","BALSAS",7,704,2024,8176,10,"Octubre",8.176
"3347","EL ORO","BALSAS",7,704,2024,8176,11,"Noviembre",8.176
"3348","EL ORO","BALSAS",7,704,2024,8176,12,"Diciembre",8.176
"3349","EL ORO","BALSAS",7,704,2025,8179,1,"Enero",8.179
"3350","EL ORO","BALSAS",7,704,2025,8179,2,"Febrero",8.179
"3351","EL ORO","BALSAS",7,704,2025,8179,3,"Marzo",8.179
"3352","EL ORO","BALSAS",7,704,2025,8179,4,"Abril",8.179
"3353","EL ORO","BALSAS",7,704,2025,8179,5,"Mayo",8.179
"3354","EL ORO","BALSAS",7,704,2025,8179,6,"Junio",8.179
"3355","EL ORO","BALSAS",7,704,2025,8179,7,"Julio",8.179
"3356","EL ORO","BALSAS",7,704,2025,8179,8,"Agosto",8.179
"3357","EL ORO","BALSAS",7,704,2025,8179,9,"Septiembre",8.179
"3358","EL ORO","BALSAS",7,704,2025,8179,10,"Octubre",8.179
"3359","EL ORO","BALSAS",7,704,2025,8179,11,"Noviembre",8.179
"3360","EL ORO","BALSAS",7,704,2025,8179,12,"Diciembre",8.179
"3361","EL ORO","CHILLA",7,705,2021,2372,1,"Enero",2.372
"3362","EL ORO","CHILLA",7,705,2021,2372,2,"Febrero",2.372
"3363","EL ORO","CHILLA",7,705,2021,2372,3,"Marzo",2.372
"3364","EL ORO","CHILLA",7,705,2021,2372,4,"Abril",2.372
"3365","EL ORO","CHILLA",7,705,2021,2372,5,"Mayo",2.372
"3366","EL ORO","CHILLA",7,705,2021,2372,6,"Junio",2.372
"3367","EL ORO","CHILLA",7,705,2021,2372,7,"Julio",2.372
"3368","EL ORO","CHILLA",7,705,2021,2372,8,"Agosto",2.372
"3369","EL ORO","CHILLA",7,705,2021,2372,9,"Septiembre",2.372
"3370","EL ORO","CHILLA",7,705,2021,2372,10,"Octubre",2.372
"3371","EL ORO","CHILLA",7,705,2021,2372,11,"Noviembre",2.372
"3372","EL ORO","CHILLA",7,705,2021,2372,12,"Diciembre",2.372
"3373","EL ORO","CHILLA",7,705,2022,2333,1,"Enero",2.333
"3374","EL ORO","CHILLA",7,705,2022,2333,2,"Febrero",2.333
"3375","EL ORO","CHILLA",7,705,2022,2333,3,"Marzo",2.333
"3376","EL ORO","CHILLA",7,705,2022,2333,4,"Abril",2.333
"3377","EL ORO","CHILLA",7,705,2022,2333,5,"Mayo",2.333
"3378","EL ORO","CHILLA",7,705,2022,2333,6,"Junio",2.333
"3379","EL ORO","CHILLA",7,705,2022,2333,7,"Julio",2.333
"3380","EL ORO","CHILLA",7,705,2022,2333,8,"Agosto",2.333
"3381","EL ORO","CHILLA",7,705,2022,2333,9,"Septiembre",2.333
"3382","EL ORO","CHILLA",7,705,2022,2333,10,"Octubre",2.333
"3383","EL ORO","CHILLA",7,705,2022,2333,11,"Noviembre",2.333
"3384","EL ORO","CHILLA",7,705,2022,2333,12,"Diciembre",2.333
"3385","EL ORO","CHILLA",7,705,2023,2301,1,"Enero",2.301
"3386","EL ORO","CHILLA",7,705,2023,2301,2,"Febrero",2.301
"3387","EL ORO","CHILLA",7,705,2023,2301,3,"Marzo",2.301
"3388","EL ORO","CHILLA",7,705,2023,2301,4,"Abril",2.301
"3389","EL ORO","CHILLA",7,705,2023,2301,5,"Mayo",2.301
"3390","EL ORO","CHILLA",7,705,2023,2301,6,"Junio",2.301
"3391","EL ORO","CHILLA",7,705,2023,2301,7,"Julio",2.301
"3392","EL ORO","CHILLA",7,705,2023,2301,8,"Agosto",2.301
"3393","EL ORO","CHILLA",7,705,2023,2301,9,"Septiembre",2.301
"3394","EL ORO","CHILLA",7,705,2023,2301,10,"Octubre",2.301
"3395","EL ORO","CHILLA",7,705,2023,2301,11,"Noviembre",2.301
"3396","EL ORO","CHILLA",7,705,2023,2301,12,"Diciembre",2.301
"3397","EL ORO","CHILLA",7,705,2024,2275,1,"Enero",2.275
"3398","EL ORO","CHILLA",7,705,2024,2275,2,"Febrero",2.275
"3399","EL ORO","CHILLA",7,705,2024,2275,3,"Marzo",2.275
"3400","EL ORO","CHILLA",7,705,2024,2275,4,"Abril",2.275
"3401","EL ORO","CHILLA",7,705,2024,2275,5,"Mayo",2.275
"3402","EL ORO","CHILLA",7,705,2024,2275,6,"Junio",2.275
"3403","EL ORO","CHILLA",7,705,2024,2275,7,"Julio",2.275
"3404","EL ORO","CHILLA",7,705,2024,2275,8,"Agosto",2.275
"3405","EL ORO","CHILLA",7,705,2024,2275,9,"Septiembre",2.275
"3406","EL ORO","CHILLA",7,705,2024,2275,10,"Octubre",2.275
"3407","EL ORO","CHILLA",7,705,2024,2275,11,"Noviembre",2.275
"3408","EL ORO","CHILLA",7,705,2024,2275,12,"Diciembre",2.275
"3409","EL ORO","CHILLA",7,705,2025,2256,1,"Enero",2.256
"3410","EL ORO","CHILLA",7,705,2025,2256,2,"Febrero",2.256
"3411","EL ORO","CHILLA",7,705,2025,2256,3,"Marzo",2.256
"3412","EL ORO","CHILLA",7,705,2025,2256,4,"Abril",2.256
"3413","EL ORO","CHILLA",7,705,2025,2256,5,"Mayo",2.256
"3414","EL ORO","CHILLA",7,705,2025,2256,6,"Junio",2.256
"3415","EL ORO","CHILLA",7,705,2025,2256,7,"Julio",2.256
"3416","EL ORO","CHILLA",7,705,2025,2256,8,"Agosto",2.256
"3417","EL ORO","CHILLA",7,705,2025,2256,9,"Septiembre",2.256
"3418","EL ORO","CHILLA",7,705,2025,2256,10,"Octubre",2.256
"3419","EL ORO","CHILLA",7,705,2025,2256,11,"Noviembre",2.256
"3420","EL ORO","CHILLA",7,705,2025,2256,12,"Diciembre",2.256
"3421","EL ORO","EL GUABO",7,706,2021,62128,1,"Enero",62.128
"3422","EL ORO","EL GUABO",7,706,2021,62128,2,"Febrero",62.128
"3423","EL ORO","EL GUABO",7,706,2021,62128,3,"Marzo",62.128
"3424","EL ORO","EL GUABO",7,706,2021,62128,4,"Abril",62.128
"3425","EL ORO","EL GUABO",7,706,2021,62128,5,"Mayo",62.128
"3426","EL ORO","EL GUABO",7,706,2021,62128,6,"Junio",62.128
"3427","EL ORO","EL GUABO",7,706,2021,62128,7,"Julio",62.128
"3428","EL ORO","EL GUABO",7,706,2021,62128,8,"Agosto",62.128
"3429","EL ORO","EL GUABO",7,706,2021,62128,9,"Septiembre",62.128
"3430","EL ORO","EL GUABO",7,706,2021,62128,10,"Octubre",62.128
"3431","EL ORO","EL GUABO",7,706,2021,62128,11,"Noviembre",62.128
"3432","EL ORO","EL GUABO",7,706,2021,62128,12,"Diciembre",62.128
"3433","EL ORO","EL GUABO",7,706,2022,62497,1,"Enero",62.497
"3434","EL ORO","EL GUABO",7,706,2022,62497,2,"Febrero",62.497
"3435","EL ORO","EL GUABO",7,706,2022,62497,3,"Marzo",62.497
"3436","EL ORO","EL GUABO",7,706,2022,62497,4,"Abril",62.497
"3437","EL ORO","EL GUABO",7,706,2022,62497,5,"Mayo",62.497
"3438","EL ORO","EL GUABO",7,706,2022,62497,6,"Junio",62.497
"3439","EL ORO","EL GUABO",7,706,2022,62497,7,"Julio",62.497
"3440","EL ORO","EL GUABO",7,706,2022,62497,8,"Agosto",62.497
"3441","EL ORO","EL GUABO",7,706,2022,62497,9,"Septiembre",62.497
"3442","EL ORO","EL GUABO",7,706,2022,62497,10,"Octubre",62.497
"3443","EL ORO","EL GUABO",7,706,2022,62497,11,"Noviembre",62.497
"3444","EL ORO","EL GUABO",7,706,2022,62497,12,"Diciembre",62.497
"3445","EL ORO","EL GUABO",7,706,2023,62887,1,"Enero",62.887
"3446","EL ORO","EL GUABO",7,706,2023,62887,2,"Febrero",62.887
"3447","EL ORO","EL GUABO",7,706,2023,62887,3,"Marzo",62.887
"3448","EL ORO","EL GUABO",7,706,2023,62887,4,"Abril",62.887
"3449","EL ORO","EL GUABO",7,706,2023,62887,5,"Mayo",62.887
"3450","EL ORO","EL GUABO",7,706,2023,62887,6,"Junio",62.887
"3451","EL ORO","EL GUABO",7,706,2023,62887,7,"Julio",62.887
"3452","EL ORO","EL GUABO",7,706,2023,62887,8,"Agosto",62.887
"3453","EL ORO","EL GUABO",7,706,2023,62887,9,"Septiembre",62.887
"3454","EL ORO","EL GUABO",7,706,2023,62887,10,"Octubre",62.887
"3455","EL ORO","EL GUABO",7,706,2023,62887,11,"Noviembre",62.887
"3456","EL ORO","EL GUABO",7,706,2023,62887,12,"Diciembre",62.887
"3457","EL ORO","EL GUABO",7,706,2024,63314,1,"Enero",63.314
"3458","EL ORO","EL GUABO",7,706,2024,63314,2,"Febrero",63.314
"3459","EL ORO","EL GUABO",7,706,2024,63314,3,"Marzo",63.314
"3460","EL ORO","EL GUABO",7,706,2024,63314,4,"Abril",63.314
"3461","EL ORO","EL GUABO",7,706,2024,63314,5,"Mayo",63.314
"3462","EL ORO","EL GUABO",7,706,2024,63314,6,"Junio",63.314
"3463","EL ORO","EL GUABO",7,706,2024,63314,7,"Julio",63.314
"3464","EL ORO","EL GUABO",7,706,2024,63314,8,"Agosto",63.314
"3465","EL ORO","EL GUABO",7,706,2024,63314,9,"Septiembre",63.314
"3466","EL ORO","EL GUABO",7,706,2024,63314,10,"Octubre",63.314
"3467","EL ORO","EL GUABO",7,706,2024,63314,11,"Noviembre",63.314
"3468","EL ORO","EL GUABO",7,706,2024,63314,12,"Diciembre",63.314
"3469","EL ORO","EL GUABO",7,706,2025,63789,1,"Enero",63.789
"3470","EL ORO","EL GUABO",7,706,2025,63789,2,"Febrero",63.789
"3471","EL ORO","EL GUABO",7,706,2025,63789,3,"Marzo",63.789
"3472","EL ORO","EL GUABO",7,706,2025,63789,4,"Abril",63.789
"3473","EL ORO","EL GUABO",7,706,2025,63789,5,"Mayo",63.789
"3474","EL ORO","EL GUABO",7,706,2025,63789,6,"Junio",63.789
"3475","EL ORO","EL GUABO",7,706,2025,63789,7,"Julio",63.789
"3476","EL ORO","EL GUABO",7,706,2025,63789,8,"Agosto",63.789
"3477","EL ORO","EL GUABO",7,706,2025,63789,9,"Septiembre",63.789
"3478","EL ORO","EL GUABO",7,706,2025,63789,10,"Octubre",63.789
"3479","EL ORO","EL GUABO",7,706,2025,63789,11,"Noviembre",63.789
"3480","EL ORO","EL GUABO",7,706,2025,63789,12,"Diciembre",63.789
"3481","EL ORO","HUAQUILLAS",7,707,2021,59012,1,"Enero",59.012
"3482","EL ORO","HUAQUILLAS",7,707,2021,59012,2,"Febrero",59.012
"3483","EL ORO","HUAQUILLAS",7,707,2021,59012,3,"Marzo",59.012
"3484","EL ORO","HUAQUILLAS",7,707,2021,59012,4,"Abril",59.012
"3485","EL ORO","HUAQUILLAS",7,707,2021,59012,5,"Mayo",59.012
"3486","EL ORO","HUAQUILLAS",7,707,2021,59012,6,"Junio",59.012
"3487","EL ORO","HUAQUILLAS",7,707,2021,59012,7,"Julio",59.012
"3488","EL ORO","HUAQUILLAS",7,707,2021,59012,8,"Agosto",59.012
"3489","EL ORO","HUAQUILLAS",7,707,2021,59012,9,"Septiembre",59.012
"3490","EL ORO","HUAQUILLAS",7,707,2021,59012,10,"Octubre",59.012
"3491","EL ORO","HUAQUILLAS",7,707,2021,59012,11,"Noviembre",59.012
"3492","EL ORO","HUAQUILLAS",7,707,2021,59012,12,"Diciembre",59.012
"3493","EL ORO","HUAQUILLAS",7,707,2022,59217,1,"Enero",59.217
"3494","EL ORO","HUAQUILLAS",7,707,2022,59217,2,"Febrero",59.217
"3495","EL ORO","HUAQUILLAS",7,707,2022,59217,3,"Marzo",59.217
"3496","EL ORO","HUAQUILLAS",7,707,2022,59217,4,"Abril",59.217
"3497","EL ORO","HUAQUILLAS",7,707,2022,59217,5,"Mayo",59.217
"3498","EL ORO","HUAQUILLAS",7,707,2022,59217,6,"Junio",59.217
"3499","EL ORO","HUAQUILLAS",7,707,2022,59217,7,"Julio",59.217
"3500","EL ORO","HUAQUILLAS",7,707,2022,59217,8,"Agosto",59.217
"3501","EL ORO","HUAQUILLAS",7,707,2022,59217,9,"Septiembre",59.217
"3502","EL ORO","HUAQUILLAS",7,707,2022,59217,10,"Octubre",59.217
"3503","EL ORO","HUAQUILLAS",7,707,2022,59217,11,"Noviembre",59.217
"3504","EL ORO","HUAQUILLAS",7,707,2022,59217,12,"Diciembre",59.217
"3505","EL ORO","HUAQUILLAS",7,707,2023,59439,1,"Enero",59.439
"3506","EL ORO","HUAQUILLAS",7,707,2023,59439,2,"Febrero",59.439
"3507","EL ORO","HUAQUILLAS",7,707,2023,59439,3,"Marzo",59.439
"3508","EL ORO","HUAQUILLAS",7,707,2023,59439,4,"Abril",59.439
"3509","EL ORO","HUAQUILLAS",7,707,2023,59439,5,"Mayo",59.439
"3510","EL ORO","HUAQUILLAS",7,707,2023,59439,6,"Junio",59.439
"3511","EL ORO","HUAQUILLAS",7,707,2023,59439,7,"Julio",59.439
"3512","EL ORO","HUAQUILLAS",7,707,2023,59439,8,"Agosto",59.439
"3513","EL ORO","HUAQUILLAS",7,707,2023,59439,9,"Septiembre",59.439
"3514","EL ORO","HUAQUILLAS",7,707,2023,59439,10,"Octubre",59.439
"3515","EL ORO","HUAQUILLAS",7,707,2023,59439,11,"Noviembre",59.439
"3516","EL ORO","HUAQUILLAS",7,707,2023,59439,12,"Diciembre",59.439
"3517","EL ORO","HUAQUILLAS",7,707,2024,59696,1,"Enero",59.696
"3518","EL ORO","HUAQUILLAS",7,707,2024,59696,2,"Febrero",59.696
"3519","EL ORO","HUAQUILLAS",7,707,2024,59696,3,"Marzo",59.696
"3520","EL ORO","HUAQUILLAS",7,707,2024,59696,4,"Abril",59.696
"3521","EL ORO","HUAQUILLAS",7,707,2024,59696,5,"Mayo",59.696
"3522","EL ORO","HUAQUILLAS",7,707,2024,59696,6,"Junio",59.696
"3523","EL ORO","HUAQUILLAS",7,707,2024,59696,7,"Julio",59.696
"3524","EL ORO","HUAQUILLAS",7,707,2024,59696,8,"Agosto",59.696
"3525","EL ORO","HUAQUILLAS",7,707,2024,59696,9,"Septiembre",59.696
"3526","EL ORO","HUAQUILLAS",7,707,2024,59696,10,"Octubre",59.696
"3527","EL ORO","HUAQUILLAS",7,707,2024,59696,11,"Noviembre",59.696
"3528","EL ORO","HUAQUILLAS",7,707,2024,59696,12,"Diciembre",59.696
"3529","EL ORO","HUAQUILLAS",7,707,2025,59997,1,"Enero",59.997
"3530","EL ORO","HUAQUILLAS",7,707,2025,59997,2,"Febrero",59.997
"3531","EL ORO","HUAQUILLAS",7,707,2025,59997,3,"Marzo",59.997
"3532","EL ORO","HUAQUILLAS",7,707,2025,59997,4,"Abril",59.997
"3533","EL ORO","HUAQUILLAS",7,707,2025,59997,5,"Mayo",59.997
"3534","EL ORO","HUAQUILLAS",7,707,2025,59997,6,"Junio",59.997
"3535","EL ORO","HUAQUILLAS",7,707,2025,59997,7,"Julio",59.997
"3536","EL ORO","HUAQUILLAS",7,707,2025,59997,8,"Agosto",59.997
"3537","EL ORO","HUAQUILLAS",7,707,2025,59997,9,"Septiembre",59.997
"3538","EL ORO","HUAQUILLAS",7,707,2025,59997,10,"Octubre",59.997
"3539","EL ORO","HUAQUILLAS",7,707,2025,59997,11,"Noviembre",59.997
"3540","EL ORO","HUAQUILLAS",7,707,2025,59997,12,"Diciembre",59.997
"3541","EL ORO","MARCABELI",7,708,2021,6932,1,"Enero",6.932
"3542","EL ORO","MARCABELI",7,708,2021,6932,2,"Febrero",6.932
"3543","EL ORO","MARCABELI",7,708,2021,6932,3,"Marzo",6.932
"3544","EL ORO","MARCABELI",7,708,2021,6932,4,"Abril",6.932
"3545","EL ORO","MARCABELI",7,708,2021,6932,5,"Mayo",6.932
"3546","EL ORO","MARCABELI",7,708,2021,6932,6,"Junio",6.932
"3547","EL ORO","MARCABELI",7,708,2021,6932,7,"Julio",6.932
"3548","EL ORO","MARCABELI",7,708,2021,6932,8,"Agosto",6.932
"3549","EL ORO","MARCABELI",7,708,2021,6932,9,"Septiembre",6.932
"3550","EL ORO","MARCABELI",7,708,2021,6932,10,"Octubre",6.932
"3551","EL ORO","MARCABELI",7,708,2021,6932,11,"Noviembre",6.932
"3552","EL ORO","MARCABELI",7,708,2021,6932,12,"Diciembre",6.932
"3553","EL ORO","MARCABELI",7,708,2022,6982,1,"Enero",6.982
"3554","EL ORO","MARCABELI",7,708,2022,6982,2,"Febrero",6.982
"3555","EL ORO","MARCABELI",7,708,2022,6982,3,"Marzo",6.982
"3556","EL ORO","MARCABELI",7,708,2022,6982,4,"Abril",6.982
"3557","EL ORO","MARCABELI",7,708,2022,6982,5,"Mayo",6.982
"3558","EL ORO","MARCABELI",7,708,2022,6982,6,"Junio",6.982
"3559","EL ORO","MARCABELI",7,708,2022,6982,7,"Julio",6.982
"3560","EL ORO","MARCABELI",7,708,2022,6982,8,"Agosto",6.982
"3561","EL ORO","MARCABELI",7,708,2022,6982,9,"Septiembre",6.982
"3562","EL ORO","MARCABELI",7,708,2022,6982,10,"Octubre",6.982
"3563","EL ORO","MARCABELI",7,708,2022,6982,11,"Noviembre",6.982
"3564","EL ORO","MARCABELI",7,708,2022,6982,12,"Diciembre",6.982
"3565","EL ORO","MARCABELI",7,708,2023,7034,1,"Enero",7.034
"3566","EL ORO","MARCABELI",7,708,2023,7034,2,"Febrero",7.034
"3567","EL ORO","MARCABELI",7,708,2023,7034,3,"Marzo",7.034
"3568","EL ORO","MARCABELI",7,708,2023,7034,4,"Abril",7.034
"3569","EL ORO","MARCABELI",7,708,2023,7034,5,"Mayo",7.034
"3570","EL ORO","MARCABELI",7,708,2023,7034,6,"Junio",7.034
"3571","EL ORO","MARCABELI",7,708,2023,7034,7,"Julio",7.034
"3572","EL ORO","MARCABELI",7,708,2023,7034,8,"Agosto",7.034
"3573","EL ORO","MARCABELI",7,708,2023,7034,9,"Septiembre",7.034
"3574","EL ORO","MARCABELI",7,708,2023,7034,10,"Octubre",7.034
"3575","EL ORO","MARCABELI",7,708,2023,7034,11,"Noviembre",7.034
"3576","EL ORO","MARCABELI",7,708,2023,7034,12,"Diciembre",7.034
"3577","EL ORO","MARCABELI",7,708,2024,7090,1,"Enero",7.09
"3578","EL ORO","MARCABELI",7,708,2024,7090,2,"Febrero",7.09
"3579","EL ORO","MARCABELI",7,708,2024,7090,3,"Marzo",7.09
"3580","EL ORO","MARCABELI",7,708,2024,7090,4,"Abril",7.09
"3581","EL ORO","MARCABELI",7,708,2024,7090,5,"Mayo",7.09
"3582","EL ORO","MARCABELI",7,708,2024,7090,6,"Junio",7.09
"3583","EL ORO","MARCABELI",7,708,2024,7090,7,"Julio",7.09
"3584","EL ORO","MARCABELI",7,708,2024,7090,8,"Agosto",7.09
"3585","EL ORO","MARCABELI",7,708,2024,7090,9,"Septiembre",7.09
"3586","EL ORO","MARCABELI",7,708,2024,7090,10,"Octubre",7.09
"3587","EL ORO","MARCABELI",7,708,2024,7090,11,"Noviembre",7.09
"3588","EL ORO","MARCABELI",7,708,2024,7090,12,"Diciembre",7.09
"3589","EL ORO","MARCABELI",7,708,2025,7152,1,"Enero",7.152
"3590","EL ORO","MARCABELI",7,708,2025,7152,2,"Febrero",7.152
"3591","EL ORO","MARCABELI",7,708,2025,7152,3,"Marzo",7.152
"3592","EL ORO","MARCABELI",7,708,2025,7152,4,"Abril",7.152
"3593","EL ORO","MARCABELI",7,708,2025,7152,5,"Mayo",7.152
"3594","EL ORO","MARCABELI",7,708,2025,7152,6,"Junio",7.152
"3595","EL ORO","MARCABELI",7,708,2025,7152,7,"Julio",7.152
"3596","EL ORO","MARCABELI",7,708,2025,7152,8,"Agosto",7.152
"3597","EL ORO","MARCABELI",7,708,2025,7152,9,"Septiembre",7.152
"3598","EL ORO","MARCABELI",7,708,2025,7152,10,"Octubre",7.152
"3599","EL ORO","MARCABELI",7,708,2025,7152,11,"Noviembre",7.152
"3600","EL ORO","MARCABELI",7,708,2025,7152,12,"Diciembre",7.152
"3601","EL ORO","PASAJE",7,709,2021,86511,1,"Enero",86.511
"3602","EL ORO","PASAJE",7,709,2021,86511,2,"Febrero",86.511
"3603","EL ORO","PASAJE",7,709,2021,86511,3,"Marzo",86.511
"3604","EL ORO","PASAJE",7,709,2021,86511,4,"Abril",86.511
"3605","EL ORO","PASAJE",7,709,2021,86511,5,"Mayo",86.511
"3606","EL ORO","PASAJE",7,709,2021,86511,6,"Junio",86.511
"3607","EL ORO","PASAJE",7,709,2021,86511,7,"Julio",86.511
"3608","EL ORO","PASAJE",7,709,2021,86511,8,"Agosto",86.511
"3609","EL ORO","PASAJE",7,709,2021,86511,9,"Septiembre",86.511
"3610","EL ORO","PASAJE",7,709,2021,86511,10,"Octubre",86.511
"3611","EL ORO","PASAJE",7,709,2021,86511,11,"Noviembre",86.511
"3612","EL ORO","PASAJE",7,709,2021,86511,12,"Diciembre",86.511
"3613","EL ORO","PASAJE",7,709,2022,86603,1,"Enero",86.603
"3614","EL ORO","PASAJE",7,709,2022,86603,2,"Febrero",86.603
"3615","EL ORO","PASAJE",7,709,2022,86603,3,"Marzo",86.603
"3616","EL ORO","PASAJE",7,709,2022,86603,4,"Abril",86.603
"3617","EL ORO","PASAJE",7,709,2022,86603,5,"Mayo",86.603
"3618","EL ORO","PASAJE",7,709,2022,86603,6,"Junio",86.603
"3619","EL ORO","PASAJE",7,709,2022,86603,7,"Julio",86.603
"3620","EL ORO","PASAJE",7,709,2022,86603,8,"Agosto",86.603
"3621","EL ORO","PASAJE",7,709,2022,86603,9,"Septiembre",86.603
"3622","EL ORO","PASAJE",7,709,2022,86603,10,"Octubre",86.603
"3623","EL ORO","PASAJE",7,709,2022,86603,11,"Noviembre",86.603
"3624","EL ORO","PASAJE",7,709,2022,86603,12,"Diciembre",86.603
"3625","EL ORO","PASAJE",7,709,2023,86720,1,"Enero",86.72
"3626","EL ORO","PASAJE",7,709,2023,86720,2,"Febrero",86.72
"3627","EL ORO","PASAJE",7,709,2023,86720,3,"Marzo",86.72
"3628","EL ORO","PASAJE",7,709,2023,86720,4,"Abril",86.72
"3629","EL ORO","PASAJE",7,709,2023,86720,5,"Mayo",86.72
"3630","EL ORO","PASAJE",7,709,2023,86720,6,"Junio",86.72
"3631","EL ORO","PASAJE",7,709,2023,86720,7,"Julio",86.72
"3632","EL ORO","PASAJE",7,709,2023,86720,8,"Agosto",86.72
"3633","EL ORO","PASAJE",7,709,2023,86720,9,"Septiembre",86.72
"3634","EL ORO","PASAJE",7,709,2023,86720,10,"Octubre",86.72
"3635","EL ORO","PASAJE",7,709,2023,86720,11,"Noviembre",86.72
"3636","EL ORO","PASAJE",7,709,2023,86720,12,"Diciembre",86.72
"3637","EL ORO","PASAJE",7,709,2024,86890,1,"Enero",86.89
"3638","EL ORO","PASAJE",7,709,2024,86890,2,"Febrero",86.89
"3639","EL ORO","PASAJE",7,709,2024,86890,3,"Marzo",86.89
"3640","EL ORO","PASAJE",7,709,2024,86890,4,"Abril",86.89
"3641","EL ORO","PASAJE",7,709,2024,86890,5,"Mayo",86.89
"3642","EL ORO","PASAJE",7,709,2024,86890,6,"Junio",86.89
"3643","EL ORO","PASAJE",7,709,2024,86890,7,"Julio",86.89
"3644","EL ORO","PASAJE",7,709,2024,86890,8,"Agosto",86.89
"3645","EL ORO","PASAJE",7,709,2024,86890,9,"Septiembre",86.89
"3646","EL ORO","PASAJE",7,709,2024,86890,10,"Octubre",86.89
"3647","EL ORO","PASAJE",7,709,2024,86890,11,"Noviembre",86.89
"3648","EL ORO","PASAJE",7,709,2024,86890,12,"Diciembre",86.89
"3649","EL ORO","PASAJE",7,709,2025,87122,1,"Enero",87.122
"3650","EL ORO","PASAJE",7,709,2025,87122,2,"Febrero",87.122
"3651","EL ORO","PASAJE",7,709,2025,87122,3,"Marzo",87.122
"3652","EL ORO","PASAJE",7,709,2025,87122,4,"Abril",87.122
"3653","EL ORO","PASAJE",7,709,2025,87122,5,"Mayo",87.122
"3654","EL ORO","PASAJE",7,709,2025,87122,6,"Junio",87.122
"3655","EL ORO","PASAJE",7,709,2025,87122,7,"Julio",87.122
"3656","EL ORO","PASAJE",7,709,2025,87122,8,"Agosto",87.122
"3657","EL ORO","PASAJE",7,709,2025,87122,9,"Septiembre",87.122
"3658","EL ORO","PASAJE",7,709,2025,87122,10,"Octubre",87.122
"3659","EL ORO","PASAJE",7,709,2025,87122,11,"Noviembre",87.122
"3660","EL ORO","PASAJE",7,709,2025,87122,12,"Diciembre",87.122
"3661","EL ORO","PIÑAS",7,710,2021,30155,1,"Enero",30.155
"3662","EL ORO","PIÑAS",7,710,2021,30155,2,"Febrero",30.155
"3663","EL ORO","PIÑAS",7,710,2021,30155,3,"Marzo",30.155
"3664","EL ORO","PIÑAS",7,710,2021,30155,4,"Abril",30.155
"3665","EL ORO","PIÑAS",7,710,2021,30155,5,"Mayo",30.155
"3666","EL ORO","PIÑAS",7,710,2021,30155,6,"Junio",30.155
"3667","EL ORO","PIÑAS",7,710,2021,30155,7,"Julio",30.155
"3668","EL ORO","PIÑAS",7,710,2021,30155,8,"Agosto",30.155
"3669","EL ORO","PIÑAS",7,710,2021,30155,9,"Septiembre",30.155
"3670","EL ORO","PIÑAS",7,710,2021,30155,10,"Octubre",30.155
"3671","EL ORO","PIÑAS",7,710,2021,30155,11,"Noviembre",30.155
"3672","EL ORO","PIÑAS",7,710,2021,30155,12,"Diciembre",30.155
"3673","EL ORO","PIÑAS",7,710,2022,30153,1,"Enero",30.153
"3674","EL ORO","PIÑAS",7,710,2022,30153,2,"Febrero",30.153
"3675","EL ORO","PIÑAS",7,710,2022,30153,3,"Marzo",30.153
"3676","EL ORO","PIÑAS",7,710,2022,30153,4,"Abril",30.153
"3677","EL ORO","PIÑAS",7,710,2022,30153,5,"Mayo",30.153
"3678","EL ORO","PIÑAS",7,710,2022,30153,6,"Junio",30.153
"3679","EL ORO","PIÑAS",7,710,2022,30153,7,"Julio",30.153
"3680","EL ORO","PIÑAS",7,710,2022,30153,8,"Agosto",30.153
"3681","EL ORO","PIÑAS",7,710,2022,30153,9,"Septiembre",30.153
"3682","EL ORO","PIÑAS",7,710,2022,30153,10,"Octubre",30.153
"3683","EL ORO","PIÑAS",7,710,2022,30153,11,"Noviembre",30.153
"3684","EL ORO","PIÑAS",7,710,2022,30153,12,"Diciembre",30.153
"3685","EL ORO","PIÑAS",7,710,2023,30161,1,"Enero",30.161
"3686","EL ORO","PIÑAS",7,710,2023,30161,2,"Febrero",30.161
"3687","EL ORO","PIÑAS",7,710,2023,30161,3,"Marzo",30.161
"3688","EL ORO","PIÑAS",7,710,2023,30161,4,"Abril",30.161
"3689","EL ORO","PIÑAS",7,710,2023,30161,5,"Mayo",30.161
"3690","EL ORO","PIÑAS",7,710,2023,30161,6,"Junio",30.161
"3691","EL ORO","PIÑAS",7,710,2023,30161,7,"Julio",30.161
"3692","EL ORO","PIÑAS",7,710,2023,30161,8,"Agosto",30.161
"3693","EL ORO","PIÑAS",7,710,2023,30161,9,"Septiembre",30.161
"3694","EL ORO","PIÑAS",7,710,2023,30161,10,"Octubre",30.161
"3695","EL ORO","PIÑAS",7,710,2023,30161,11,"Noviembre",30.161
"3696","EL ORO","PIÑAS",7,710,2023,30161,12,"Diciembre",30.161
"3697","EL ORO","PIÑAS",7,710,2024,30186,1,"Enero",30.186
"3698","EL ORO","PIÑAS",7,710,2024,30186,2,"Febrero",30.186
"3699","EL ORO","PIÑAS",7,710,2024,30186,3,"Marzo",30.186
"3700","EL ORO","PIÑAS",7,710,2024,30186,4,"Abril",30.186
"3701","EL ORO","PIÑAS",7,710,2024,30186,5,"Mayo",30.186
"3702","EL ORO","PIÑAS",7,710,2024,30186,6,"Junio",30.186
"3703","EL ORO","PIÑAS",7,710,2024,30186,7,"Julio",30.186
"3704","EL ORO","PIÑAS",7,710,2024,30186,8,"Agosto",30.186
"3705","EL ORO","PIÑAS",7,710,2024,30186,9,"Septiembre",30.186
"3706","EL ORO","PIÑAS",7,710,2024,30186,10,"Octubre",30.186
"3707","EL ORO","PIÑAS",7,710,2024,30186,11,"Noviembre",30.186
"3708","EL ORO","PIÑAS",7,710,2024,30186,12,"Diciembre",30.186
"3709","EL ORO","PIÑAS",7,710,2025,30236,1,"Enero",30.236
"3710","EL ORO","PIÑAS",7,710,2025,30236,2,"Febrero",30.236
"3711","EL ORO","PIÑAS",7,710,2025,30236,3,"Marzo",30.236
"3712","EL ORO","PIÑAS",7,710,2025,30236,4,"Abril",30.236
"3713","EL ORO","PIÑAS",7,710,2025,30236,5,"Mayo",30.236
"3714","EL ORO","PIÑAS",7,710,2025,30236,6,"Junio",30.236
"3715","EL ORO","PIÑAS",7,710,2025,30236,7,"Julio",30.236
"3716","EL ORO","PIÑAS",7,710,2025,30236,8,"Agosto",30.236
"3717","EL ORO","PIÑAS",7,710,2025,30236,9,"Septiembre",30.236
"3718","EL ORO","PIÑAS",7,710,2025,30236,10,"Octubre",30.236
"3719","EL ORO","PIÑAS",7,710,2025,30236,11,"Noviembre",30.236
"3720","EL ORO","PIÑAS",7,710,2025,30236,12,"Diciembre",30.236
"3721","EL ORO","PORTOVELO",7,711,2021,14072,1,"Enero",14.072
"3722","EL ORO","PORTOVELO",7,711,2021,14072,2,"Febrero",14.072
"3723","EL ORO","PORTOVELO",7,711,2021,14072,3,"Marzo",14.072
"3724","EL ORO","PORTOVELO",7,711,2021,14072,4,"Abril",14.072
"3725","EL ORO","PORTOVELO",7,711,2021,14072,5,"Mayo",14.072
"3726","EL ORO","PORTOVELO",7,711,2021,14072,6,"Junio",14.072
"3727","EL ORO","PORTOVELO",7,711,2021,14072,7,"Julio",14.072
"3728","EL ORO","PORTOVELO",7,711,2021,14072,8,"Agosto",14.072
"3729","EL ORO","PORTOVELO",7,711,2021,14072,9,"Septiembre",14.072
"3730","EL ORO","PORTOVELO",7,711,2021,14072,10,"Octubre",14.072
"3731","EL ORO","PORTOVELO",7,711,2021,14072,11,"Noviembre",14.072
"3732","EL ORO","PORTOVELO",7,711,2021,14072,12,"Diciembre",14.072
"3733","EL ORO","PORTOVELO",7,711,2022,14042,1,"Enero",14.042
"3734","EL ORO","PORTOVELO",7,711,2022,14042,2,"Febrero",14.042
"3735","EL ORO","PORTOVELO",7,711,2022,14042,3,"Marzo",14.042
"3736","EL ORO","PORTOVELO",7,711,2022,14042,4,"Abril",14.042
"3737","EL ORO","PORTOVELO",7,711,2022,14042,5,"Mayo",14.042
"3738","EL ORO","PORTOVELO",7,711,2022,14042,6,"Junio",14.042
"3739","EL ORO","PORTOVELO",7,711,2022,14042,7,"Julio",14.042
"3740","EL ORO","PORTOVELO",7,711,2022,14042,8,"Agosto",14.042
"3741","EL ORO","PORTOVELO",7,711,2022,14042,9,"Septiembre",14.042
"3742","EL ORO","PORTOVELO",7,711,2022,14042,10,"Octubre",14.042
"3743","EL ORO","PORTOVELO",7,711,2022,14042,11,"Noviembre",14.042
"3744","EL ORO","PORTOVELO",7,711,2022,14042,12,"Diciembre",14.042
"3745","EL ORO","PORTOVELO",7,711,2023,14018,1,"Enero",14.018
"3746","EL ORO","PORTOVELO",7,711,2023,14018,2,"Febrero",14.018
"3747","EL ORO","PORTOVELO",7,711,2023,14018,3,"Marzo",14.018
"3748","EL ORO","PORTOVELO",7,711,2023,14018,4,"Abril",14.018
"3749","EL ORO","PORTOVELO",7,711,2023,14018,5,"Mayo",14.018
"3750","EL ORO","PORTOVELO",7,711,2023,14018,6,"Junio",14.018
"3751","EL ORO","PORTOVELO",7,711,2023,14018,7,"Julio",14.018
"3752","EL ORO","PORTOVELO",7,711,2023,14018,8,"Agosto",14.018
"3753","EL ORO","PORTOVELO",7,711,2023,14018,9,"Septiembre",14.018
"3754","EL ORO","PORTOVELO",7,711,2023,14018,10,"Octubre",14.018
"3755","EL ORO","PORTOVELO",7,711,2023,14018,11,"Noviembre",14.018
"3756","EL ORO","PORTOVELO",7,711,2023,14018,12,"Diciembre",14.018
"3757","EL ORO","PORTOVELO",7,711,2024,14004,1,"Enero",14.004
"3758","EL ORO","PORTOVELO",7,711,2024,14004,2,"Febrero",14.004
"3759","EL ORO","PORTOVELO",7,711,2024,14004,3,"Marzo",14.004
"3760","EL ORO","PORTOVELO",7,711,2024,14004,4,"Abril",14.004
"3761","EL ORO","PORTOVELO",7,711,2024,14004,5,"Mayo",14.004
"3762","EL ORO","PORTOVELO",7,711,2024,14004,6,"Junio",14.004
"3763","EL ORO","PORTOVELO",7,711,2024,14004,7,"Julio",14.004
"3764","EL ORO","PORTOVELO",7,711,2024,14004,8,"Agosto",14.004
"3765","EL ORO","PORTOVELO",7,711,2024,14004,9,"Septiembre",14.004
"3766","EL ORO","PORTOVELO",7,711,2024,14004,10,"Octubre",14.004
"3767","EL ORO","PORTOVELO",7,711,2024,14004,11,"Noviembre",14.004
"3768","EL ORO","PORTOVELO",7,711,2024,14004,12,"Diciembre",14.004
"3769","EL ORO","PORTOVELO",7,711,2025,14002,1,"Enero",14.002
"3770","EL ORO","PORTOVELO",7,711,2025,14002,2,"Febrero",14.002
"3771","EL ORO","PORTOVELO",7,711,2025,14002,3,"Marzo",14.002
"3772","EL ORO","PORTOVELO",7,711,2025,14002,4,"Abril",14.002
"3773","EL ORO","PORTOVELO",7,711,2025,14002,5,"Mayo",14.002
"3774","EL ORO","PORTOVELO",7,711,2025,14002,6,"Junio",14.002
"3775","EL ORO","PORTOVELO",7,711,2025,14002,7,"Julio",14.002
"3776","EL ORO","PORTOVELO",7,711,2025,14002,8,"Agosto",14.002
"3777","EL ORO","PORTOVELO",7,711,2025,14002,9,"Septiembre",14.002
"3778","EL ORO","PORTOVELO",7,711,2025,14002,10,"Octubre",14.002
"3779","EL ORO","PORTOVELO",7,711,2025,14002,11,"Noviembre",14.002
"3780","EL ORO","PORTOVELO",7,711,2025,14002,12,"Diciembre",14.002
"3781","EL ORO","SANTA ROSA",7,712,2021,84223,1,"Enero",84.223
"3782","EL ORO","SANTA ROSA",7,712,2021,84223,2,"Febrero",84.223
"3783","EL ORO","SANTA ROSA",7,712,2021,84223,3,"Marzo",84.223
"3784","EL ORO","SANTA ROSA",7,712,2021,84223,4,"Abril",84.223
"3785","EL ORO","SANTA ROSA",7,712,2021,84223,5,"Mayo",84.223
"3786","EL ORO","SANTA ROSA",7,712,2021,84223,6,"Junio",84.223
"3787","EL ORO","SANTA ROSA",7,712,2021,84223,7,"Julio",84.223
"3788","EL ORO","SANTA ROSA",7,712,2021,84223,8,"Agosto",84.223
"3789","EL ORO","SANTA ROSA",7,712,2021,84223,9,"Septiembre",84.223
"3790","EL ORO","SANTA ROSA",7,712,2021,84223,10,"Octubre",84.223
"3791","EL ORO","SANTA ROSA",7,712,2021,84223,11,"Noviembre",84.223
"3792","EL ORO","SANTA ROSA",7,712,2021,84223,12,"Diciembre",84.223
"3793","EL ORO","SANTA ROSA",7,712,2022,84381,1,"Enero",84.381
"3794","EL ORO","SANTA ROSA",7,712,2022,84381,2,"Febrero",84.381
"3795","EL ORO","SANTA ROSA",7,712,2022,84381,3,"Marzo",84.381
"3796","EL ORO","SANTA ROSA",7,712,2022,84381,4,"Abril",84.381
"3797","EL ORO","SANTA ROSA",7,712,2022,84381,5,"Mayo",84.381
"3798","EL ORO","SANTA ROSA",7,712,2022,84381,6,"Junio",84.381
"3799","EL ORO","SANTA ROSA",7,712,2022,84381,7,"Julio",84.381
"3800","EL ORO","SANTA ROSA",7,712,2022,84381,8,"Agosto",84.381
"3801","EL ORO","SANTA ROSA",7,712,2022,84381,9,"Septiembre",84.381
"3802","EL ORO","SANTA ROSA",7,712,2022,84381,10,"Octubre",84.381
"3803","EL ORO","SANTA ROSA",7,712,2022,84381,11,"Noviembre",84.381
"3804","EL ORO","SANTA ROSA",7,712,2022,84381,12,"Diciembre",84.381
"3805","EL ORO","SANTA ROSA",7,712,2023,84567,1,"Enero",84.567
"3806","EL ORO","SANTA ROSA",7,712,2023,84567,2,"Febrero",84.567
"3807","EL ORO","SANTA ROSA",7,712,2023,84567,3,"Marzo",84.567
"3808","EL ORO","SANTA ROSA",7,712,2023,84567,4,"Abril",84.567
"3809","EL ORO","SANTA ROSA",7,712,2023,84567,5,"Mayo",84.567
"3810","EL ORO","SANTA ROSA",7,712,2023,84567,6,"Junio",84.567
"3811","EL ORO","SANTA ROSA",7,712,2023,84567,7,"Julio",84.567
"3812","EL ORO","SANTA ROSA",7,712,2023,84567,8,"Agosto",84.567
"3813","EL ORO","SANTA ROSA",7,712,2023,84567,9,"Septiembre",84.567
"3814","EL ORO","SANTA ROSA",7,712,2023,84567,10,"Octubre",84.567
"3815","EL ORO","SANTA ROSA",7,712,2023,84567,11,"Noviembre",84.567
"3816","EL ORO","SANTA ROSA",7,712,2023,84567,12,"Diciembre",84.567
"3817","EL ORO","SANTA ROSA",7,712,2024,84807,1,"Enero",84.807
"3818","EL ORO","SANTA ROSA",7,712,2024,84807,2,"Febrero",84.807
"3819","EL ORO","SANTA ROSA",7,712,2024,84807,3,"Marzo",84.807
"3820","EL ORO","SANTA ROSA",7,712,2024,84807,4,"Abril",84.807
"3821","EL ORO","SANTA ROSA",7,712,2024,84807,5,"Mayo",84.807
"3822","EL ORO","SANTA ROSA",7,712,2024,84807,6,"Junio",84.807
"3823","EL ORO","SANTA ROSA",7,712,2024,84807,7,"Julio",84.807
"3824","EL ORO","SANTA ROSA",7,712,2024,84807,8,"Agosto",84.807
"3825","EL ORO","SANTA ROSA",7,712,2024,84807,9,"Septiembre",84.807
"3826","EL ORO","SANTA ROSA",7,712,2024,84807,10,"Octubre",84.807
"3827","EL ORO","SANTA ROSA",7,712,2024,84807,11,"Noviembre",84.807
"3828","EL ORO","SANTA ROSA",7,712,2024,84807,12,"Diciembre",84.807
"3829","EL ORO","SANTA ROSA",7,712,2025,85112,1,"Enero",85.112
"3830","EL ORO","SANTA ROSA",7,712,2025,85112,2,"Febrero",85.112
"3831","EL ORO","SANTA ROSA",7,712,2025,85112,3,"Marzo",85.112
"3832","EL ORO","SANTA ROSA",7,712,2025,85112,4,"Abril",85.112
"3833","EL ORO","SANTA ROSA",7,712,2025,85112,5,"Mayo",85.112
"3834","EL ORO","SANTA ROSA",7,712,2025,85112,6,"Junio",85.112
"3835","EL ORO","SANTA ROSA",7,712,2025,85112,7,"Julio",85.112
"3836","EL ORO","SANTA ROSA",7,712,2025,85112,8,"Agosto",85.112
"3837","EL ORO","SANTA ROSA",7,712,2025,85112,9,"Septiembre",85.112
"3838","EL ORO","SANTA ROSA",7,712,2025,85112,10,"Octubre",85.112
"3839","EL ORO","SANTA ROSA",7,712,2025,85112,11,"Noviembre",85.112
"3840","EL ORO","SANTA ROSA",7,712,2025,85112,12,"Diciembre",85.112
"3841","EL ORO","ZARUMA",7,713,2021,25727,1,"Enero",25.727
"3842","EL ORO","ZARUMA",7,713,2021,25727,2,"Febrero",25.727
"3843","EL ORO","ZARUMA",7,713,2021,25727,3,"Marzo",25.727
"3844","EL ORO","ZARUMA",7,713,2021,25727,4,"Abril",25.727
"3845","EL ORO","ZARUMA",7,713,2021,25727,5,"Mayo",25.727
"3846","EL ORO","ZARUMA",7,713,2021,25727,6,"Junio",25.727
"3847","EL ORO","ZARUMA",7,713,2021,25727,7,"Julio",25.727
"3848","EL ORO","ZARUMA",7,713,2021,25727,8,"Agosto",25.727
"3849","EL ORO","ZARUMA",7,713,2021,25727,9,"Septiembre",25.727
"3850","EL ORO","ZARUMA",7,713,2021,25727,10,"Octubre",25.727
"3851","EL ORO","ZARUMA",7,713,2021,25727,11,"Noviembre",25.727
"3852","EL ORO","ZARUMA",7,713,2021,25727,12,"Diciembre",25.727
"3853","EL ORO","ZARUMA",7,713,2022,25487,1,"Enero",25.487
"3854","EL ORO","ZARUMA",7,713,2022,25487,2,"Febrero",25.487
"3855","EL ORO","ZARUMA",7,713,2022,25487,3,"Marzo",25.487
"3856","EL ORO","ZARUMA",7,713,2022,25487,4,"Abril",25.487
"3857","EL ORO","ZARUMA",7,713,2022,25487,5,"Mayo",25.487
"3858","EL ORO","ZARUMA",7,713,2022,25487,6,"Junio",25.487
"3859","EL ORO","ZARUMA",7,713,2022,25487,7,"Julio",25.487
"3860","EL ORO","ZARUMA",7,713,2022,25487,8,"Agosto",25.487
"3861","EL ORO","ZARUMA",7,713,2022,25487,9,"Septiembre",25.487
"3862","EL ORO","ZARUMA",7,713,2022,25487,10,"Octubre",25.487
"3863","EL ORO","ZARUMA",7,713,2022,25487,11,"Noviembre",25.487
"3864","EL ORO","ZARUMA",7,713,2022,25487,12,"Diciembre",25.487
"3865","EL ORO","ZARUMA",7,713,2023,25278,1,"Enero",25.278
"3866","EL ORO","ZARUMA",7,713,2023,25278,2,"Febrero",25.278
"3867","EL ORO","ZARUMA",7,713,2023,25278,3,"Marzo",25.278
"3868","EL ORO","ZARUMA",7,713,2023,25278,4,"Abril",25.278
"3869","EL ORO","ZARUMA",7,713,2023,25278,5,"Mayo",25.278
"3870","EL ORO","ZARUMA",7,713,2023,25278,6,"Junio",25.278
"3871","EL ORO","ZARUMA",7,713,2023,25278,7,"Julio",25.278
"3872","EL ORO","ZARUMA",7,713,2023,25278,8,"Agosto",25.278
"3873","EL ORO","ZARUMA",7,713,2023,25278,9,"Septiembre",25.278
"3874","EL ORO","ZARUMA",7,713,2023,25278,10,"Octubre",25.278
"3875","EL ORO","ZARUMA",7,713,2023,25278,11,"Noviembre",25.278
"3876","EL ORO","ZARUMA",7,713,2023,25278,12,"Diciembre",25.278
"3877","EL ORO","ZARUMA",7,713,2024,25108,1,"Enero",25.108
"3878","EL ORO","ZARUMA",7,713,2024,25108,2,"Febrero",25.108
"3879","EL ORO","ZARUMA",7,713,2024,25108,3,"Marzo",25.108
"3880","EL ORO","ZARUMA",7,713,2024,25108,4,"Abril",25.108
"3881","EL ORO","ZARUMA",7,713,2024,25108,5,"Mayo",25.108
"3882","EL ORO","ZARUMA",7,713,2024,25108,6,"Junio",25.108
"3883","EL ORO","ZARUMA",7,713,2024,25108,7,"Julio",25.108
"3884","EL ORO","ZARUMA",7,713,2024,25108,8,"Agosto",25.108
"3885","EL ORO","ZARUMA",7,713,2024,25108,9,"Septiembre",25.108
"3886","EL ORO","ZARUMA",7,713,2024,25108,10,"Octubre",25.108
"3887","EL ORO","ZARUMA",7,713,2024,25108,11,"Noviembre",25.108
"3888","EL ORO","ZARUMA",7,713,2024,25108,12,"Diciembre",25.108
"3889","EL ORO","ZARUMA",7,713,2025,24982,1,"Enero",24.982
"3890","EL ORO","ZARUMA",7,713,2025,24982,2,"Febrero",24.982
"3891","EL ORO","ZARUMA",7,713,2025,24982,3,"Marzo",24.982
"3892","EL ORO","ZARUMA",7,713,2025,24982,4,"Abril",24.982
"3893","EL ORO","ZARUMA",7,713,2025,24982,5,"Mayo",24.982
"3894","EL ORO","ZARUMA",7,713,2025,24982,6,"Junio",24.982
"3895","EL ORO","ZARUMA",7,713,2025,24982,7,"Julio",24.982
"3896","EL ORO","ZARUMA",7,713,2025,24982,8,"Agosto",24.982
"3897","EL ORO","ZARUMA",7,713,2025,24982,9,"Septiembre",24.982
"3898","EL ORO","ZARUMA",7,713,2025,24982,10,"Octubre",24.982
"3899","EL ORO","ZARUMA",7,713,2025,24982,11,"Noviembre",24.982
"3900","EL ORO","ZARUMA",7,713,2025,24982,12,"Diciembre",24.982
"3901","EL ORO","LAS LAJAS",7,714,2021,5839,1,"Enero",5.839
"3902","EL ORO","LAS LAJAS",7,714,2021,5839,2,"Febrero",5.839
"3903","EL ORO","LAS LAJAS",7,714,2021,5839,3,"Marzo",5.839
"3904","EL ORO","LAS LAJAS",7,714,2021,5839,4,"Abril",5.839
"3905","EL ORO","LAS LAJAS",7,714,2021,5839,5,"Mayo",5.839
"3906","EL ORO","LAS LAJAS",7,714,2021,5839,6,"Junio",5.839
"3907","EL ORO","LAS LAJAS",7,714,2021,5839,7,"Julio",5.839
"3908","EL ORO","LAS LAJAS",7,714,2021,5839,8,"Agosto",5.839
"3909","EL ORO","LAS LAJAS",7,714,2021,5839,9,"Septiembre",5.839
"3910","EL ORO","LAS LAJAS",7,714,2021,5839,10,"Octubre",5.839
"3911","EL ORO","LAS LAJAS",7,714,2021,5839,11,"Noviembre",5.839
"3912","EL ORO","LAS LAJAS",7,714,2021,5839,12,"Diciembre",5.839
"3913","EL ORO","LAS LAJAS",7,714,2022,5857,1,"Enero",5.857
"3914","EL ORO","LAS LAJAS",7,714,2022,5857,2,"Febrero",5.857
"3915","EL ORO","LAS LAJAS",7,714,2022,5857,3,"Marzo",5.857
"3916","EL ORO","LAS LAJAS",7,714,2022,5857,4,"Abril",5.857
"3917","EL ORO","LAS LAJAS",7,714,2022,5857,5,"Mayo",5.857
"3918","EL ORO","LAS LAJAS",7,714,2022,5857,6,"Junio",5.857
"3919","EL ORO","LAS LAJAS",7,714,2022,5857,7,"Julio",5.857
"3920","EL ORO","LAS LAJAS",7,714,2022,5857,8,"Agosto",5.857
"3921","EL ORO","LAS LAJAS",7,714,2022,5857,9,"Septiembre",5.857
"3922","EL ORO","LAS LAJAS",7,714,2022,5857,10,"Octubre",5.857
"3923","EL ORO","LAS LAJAS",7,714,2022,5857,11,"Noviembre",5.857
"3924","EL ORO","LAS LAJAS",7,714,2022,5857,12,"Diciembre",5.857
"3925","EL ORO","LAS LAJAS",7,714,2023,5878,1,"Enero",5.878
"3926","EL ORO","LAS LAJAS",7,714,2023,5878,2,"Febrero",5.878
"3927","EL ORO","LAS LAJAS",7,714,2023,5878,3,"Marzo",5.878
"3928","EL ORO","LAS LAJAS",7,714,2023,5878,4,"Abril",5.878
"3929","EL ORO","LAS LAJAS",7,714,2023,5878,5,"Mayo",5.878
"3930","EL ORO","LAS LAJAS",7,714,2023,5878,6,"Junio",5.878
"3931","EL ORO","LAS LAJAS",7,714,2023,5878,7,"Julio",5.878
"3932","EL ORO","LAS LAJAS",7,714,2023,5878,8,"Agosto",5.878
"3933","EL ORO","LAS LAJAS",7,714,2023,5878,9,"Septiembre",5.878
"3934","EL ORO","LAS LAJAS",7,714,2023,5878,10,"Octubre",5.878
"3935","EL ORO","LAS LAJAS",7,714,2023,5878,11,"Noviembre",5.878
"3936","EL ORO","LAS LAJAS",7,714,2023,5878,12,"Diciembre",5.878
"3937","EL ORO","LAS LAJAS",7,714,2024,5902,1,"Enero",5.902
"3938","EL ORO","LAS LAJAS",7,714,2024,5902,2,"Febrero",5.902
"3939","EL ORO","LAS LAJAS",7,714,2024,5902,3,"Marzo",5.902
"3940","EL ORO","LAS LAJAS",7,714,2024,5902,4,"Abril",5.902
"3941","EL ORO","LAS LAJAS",7,714,2024,5902,5,"Mayo",5.902
"3942","EL ORO","LAS LAJAS",7,714,2024,5902,6,"Junio",5.902
"3943","EL ORO","LAS LAJAS",7,714,2024,5902,7,"Julio",5.902
"3944","EL ORO","LAS LAJAS",7,714,2024,5902,8,"Agosto",5.902
"3945","EL ORO","LAS LAJAS",7,714,2024,5902,9,"Septiembre",5.902
"3946","EL ORO","LAS LAJAS",7,714,2024,5902,10,"Octubre",5.902
"3947","EL ORO","LAS LAJAS",7,714,2024,5902,11,"Noviembre",5.902
"3948","EL ORO","LAS LAJAS",7,714,2024,5902,12,"Diciembre",5.902
"3949","EL ORO","LAS LAJAS",7,714,2025,5930,1,"Enero",5.93
"3950","EL ORO","LAS LAJAS",7,714,2025,5930,2,"Febrero",5.93
"3951","EL ORO","LAS LAJAS",7,714,2025,5930,3,"Marzo",5.93
"3952","EL ORO","LAS LAJAS",7,714,2025,5930,4,"Abril",5.93
"3953","EL ORO","LAS LAJAS",7,714,2025,5930,5,"Mayo",5.93
"3954","EL ORO","LAS LAJAS",7,714,2025,5930,6,"Junio",5.93
"3955","EL ORO","LAS LAJAS",7,714,2025,5930,7,"Julio",5.93
"3956","EL ORO","LAS LAJAS",7,714,2025,5930,8,"Agosto",5.93
"3957","EL ORO","LAS LAJAS",7,714,2025,5930,9,"Septiembre",5.93
"3958","EL ORO","LAS LAJAS",7,714,2025,5930,10,"Octubre",5.93
"3959","EL ORO","LAS LAJAS",7,714,2025,5930,11,"Noviembre",5.93
"3960","EL ORO","LAS LAJAS",7,714,2025,5930,12,"Diciembre",5.93
"3961","ESMERALDAS","ESMERALDAS",8,801,2021,228852,1,"Enero",228.852
"3962","ESMERALDAS","ESMERALDAS",8,801,2021,228852,2,"Febrero",228.852
"3963","ESMERALDAS","ESMERALDAS",8,801,2021,228852,3,"Marzo",228.852
"3964","ESMERALDAS","ESMERALDAS",8,801,2021,228852,4,"Abril",228.852
"3965","ESMERALDAS","ESMERALDAS",8,801,2021,228852,5,"Mayo",228.852
"3966","ESMERALDAS","ESMERALDAS",8,801,2021,228852,6,"Junio",228.852
"3967","ESMERALDAS","ESMERALDAS",8,801,2021,228852,7,"Julio",228.852
"3968","ESMERALDAS","ESMERALDAS",8,801,2021,228852,8,"Agosto",228.852
"3969","ESMERALDAS","ESMERALDAS",8,801,2021,228852,9,"Septiembre",228.852
"3970","ESMERALDAS","ESMERALDAS",8,801,2021,228852,10,"Octubre",228.852
"3971","ESMERALDAS","ESMERALDAS",8,801,2021,228852,11,"Noviembre",228.852
"3972","ESMERALDAS","ESMERALDAS",8,801,2021,228852,12,"Diciembre",228.852
"3973","ESMERALDAS","ESMERALDAS",8,801,2022,229442,1,"Enero",229.442
"3974","ESMERALDAS","ESMERALDAS",8,801,2022,229442,2,"Febrero",229.442
"3975","ESMERALDAS","ESMERALDAS",8,801,2022,229442,3,"Marzo",229.442
"3976","ESMERALDAS","ESMERALDAS",8,801,2022,229442,4,"Abril",229.442
"3977","ESMERALDAS","ESMERALDAS",8,801,2022,229442,5,"Mayo",229.442
"3978","ESMERALDAS","ESMERALDAS",8,801,2022,229442,6,"Junio",229.442
"3979","ESMERALDAS","ESMERALDAS",8,801,2022,229442,7,"Julio",229.442
"3980","ESMERALDAS","ESMERALDAS",8,801,2022,229442,8,"Agosto",229.442
"3981","ESMERALDAS","ESMERALDAS",8,801,2022,229442,9,"Septiembre",229.442
"3982","ESMERALDAS","ESMERALDAS",8,801,2022,229442,10,"Octubre",229.442
"3983","ESMERALDAS","ESMERALDAS",8,801,2022,229442,11,"Noviembre",229.442
"3984","ESMERALDAS","ESMERALDAS",8,801,2022,229442,12,"Diciembre",229.442
"3985","ESMERALDAS","ESMERALDAS",8,801,2023,230186,1,"Enero",230.186
"3986","ESMERALDAS","ESMERALDAS",8,801,2023,230186,2,"Febrero",230.186
"3987","ESMERALDAS","ESMERALDAS",8,801,2023,230186,3,"Marzo",230.186
"3988","ESMERALDAS","ESMERALDAS",8,801,2023,230186,4,"Abril",230.186
"3989","ESMERALDAS","ESMERALDAS",8,801,2023,230186,5,"Mayo",230.186
"3990","ESMERALDAS","ESMERALDAS",8,801,2023,230186,6,"Junio",230.186
"3991","ESMERALDAS","ESMERALDAS",8,801,2023,230186,7,"Julio",230.186
"3992","ESMERALDAS","ESMERALDAS",8,801,2023,230186,8,"Agosto",230.186
"3993","ESMERALDAS","ESMERALDAS",8,801,2023,230186,9,"Septiembre",230.186
"3994","ESMERALDAS","ESMERALDAS",8,801,2023,230186,10,"Octubre",230.186
"3995","ESMERALDAS","ESMERALDAS",8,801,2023,230186,11,"Noviembre",230.186
"3996","ESMERALDAS","ESMERALDAS",8,801,2023,230186,12,"Diciembre",230.186
"3997","ESMERALDAS","ESMERALDAS",8,801,2024,231097,1,"Enero",231.097
"3998","ESMERALDAS","ESMERALDAS",8,801,2024,231097,2,"Febrero",231.097
"3999","ESMERALDAS","ESMERALDAS",8,801,2024,231097,3,"Marzo",231.097
"4000","ESMERALDAS","ESMERALDAS",8,801,2024,231097,4,"Abril",231.097
"4001","ESMERALDAS","ESMERALDAS",8,801,2024,231097,5,"Mayo",231.097
"4002","ESMERALDAS","ESMERALDAS",8,801,2024,231097,6,"Junio",231.097
"4003","ESMERALDAS","ESMERALDAS",8,801,2024,231097,7,"Julio",231.097
"4004","ESMERALDAS","ESMERALDAS",8,801,2024,231097,8,"Agosto",231.097
"4005","ESMERALDAS","ESMERALDAS",8,801,2024,231097,9,"Septiembre",231.097
"4006","ESMERALDAS","ESMERALDAS",8,801,2024,231097,10,"Octubre",231.097
"4007","ESMERALDAS","ESMERALDAS",8,801,2024,231097,11,"Noviembre",231.097
"4008","ESMERALDAS","ESMERALDAS",8,801,2024,231097,12,"Diciembre",231.097
"4009","ESMERALDAS","ESMERALDAS",8,801,2025,232221,1,"Enero",232.221
"4010","ESMERALDAS","ESMERALDAS",8,801,2025,232221,2,"Febrero",232.221
"4011","ESMERALDAS","ESMERALDAS",8,801,2025,232221,3,"Marzo",232.221
"4012","ESMERALDAS","ESMERALDAS",8,801,2025,232221,4,"Abril",232.221
"4013","ESMERALDAS","ESMERALDAS",8,801,2025,232221,5,"Mayo",232.221
"4014","ESMERALDAS","ESMERALDAS",8,801,2025,232221,6,"Junio",232.221
"4015","ESMERALDAS","ESMERALDAS",8,801,2025,232221,7,"Julio",232.221
"4016","ESMERALDAS","ESMERALDAS",8,801,2025,232221,8,"Agosto",232.221
"4017","ESMERALDAS","ESMERALDAS",8,801,2025,232221,9,"Septiembre",232.221
"4018","ESMERALDAS","ESMERALDAS",8,801,2025,232221,10,"Octubre",232.221
"4019","ESMERALDAS","ESMERALDAS",8,801,2025,232221,11,"Noviembre",232.221
"4020","ESMERALDAS","ESMERALDAS",8,801,2025,232221,12,"Diciembre",232.221
"4021","ESMERALDAS","ELOY ALFARO",8,802,2021,50544,1,"Enero",50.544
"4022","ESMERALDAS","ELOY ALFARO",8,802,2021,50544,2,"Febrero",50.544
"4023","ESMERALDAS","ELOY ALFARO",8,802,2021,50544,3,"Marzo",50.544
"4024","ESMERALDAS","ELOY ALFARO",8,802,2021,50544,4,"Abril",50.544
"4025","ESMERALDAS","ELOY ALFARO",8,802,2021,50544,5,"Mayo",50.544
"4026","ESMERALDAS","ELOY ALFARO",8,802,2021,50544,6,"Junio",50.544
"4027","ESMERALDAS","ELOY ALFARO",8,802,2021,50544,7,"Julio",50.544
"4028","ESMERALDAS","ELOY ALFARO",8,802,2021,50544,8,"Agosto",50.544
"4029","ESMERALDAS","ELOY ALFARO",8,802,2021,50544,9,"Septiembre",50.544
"4030","ESMERALDAS","ELOY ALFARO",8,802,2021,50544,10,"Octubre",50.544
"4031","ESMERALDAS","ELOY ALFARO",8,802,2021,50544,11,"Noviembre",50.544
"4032","ESMERALDAS","ELOY ALFARO",8,802,2021,50544,12,"Diciembre",50.544
"4033","ESMERALDAS","ELOY ALFARO",8,802,2022,50860,1,"Enero",50.86
"4034","ESMERALDAS","ELOY ALFARO",8,802,2022,50860,2,"Febrero",50.86
"4035","ESMERALDAS","ELOY ALFARO",8,802,2022,50860,3,"Marzo",50.86
"4036","ESMERALDAS","ELOY ALFARO",8,802,2022,50860,4,"Abril",50.86
"4037","ESMERALDAS","ELOY ALFARO",8,802,2022,50860,5,"Mayo",50.86
"4038","ESMERALDAS","ELOY ALFARO",8,802,2022,50860,6,"Junio",50.86
"4039","ESMERALDAS","ELOY ALFARO",8,802,2022,50860,7,"Julio",50.86
"4040","ESMERALDAS","ELOY ALFARO",8,802,2022,50860,8,"Agosto",50.86
"4041","ESMERALDAS","ELOY ALFARO",8,802,2022,50860,9,"Septiembre",50.86
"4042","ESMERALDAS","ELOY ALFARO",8,802,2022,50860,10,"Octubre",50.86
"4043","ESMERALDAS","ELOY ALFARO",8,802,2022,50860,11,"Noviembre",50.86
"4044","ESMERALDAS","ELOY ALFARO",8,802,2022,50860,12,"Diciembre",50.86
"4045","ESMERALDAS","ELOY ALFARO",8,802,2023,51212,1,"Enero",51.212
"4046","ESMERALDAS","ELOY ALFARO",8,802,2023,51212,2,"Febrero",51.212
"4047","ESMERALDAS","ELOY ALFARO",8,802,2023,51212,3,"Marzo",51.212
"4048","ESMERALDAS","ELOY ALFARO",8,802,2023,51212,4,"Abril",51.212
"4049","ESMERALDAS","ELOY ALFARO",8,802,2023,51212,5,"Mayo",51.212
"4050","ESMERALDAS","ELOY ALFARO",8,802,2023,51212,6,"Junio",51.212
"4051","ESMERALDAS","ELOY ALFARO",8,802,2023,51212,7,"Julio",51.212
"4052","ESMERALDAS","ELOY ALFARO",8,802,2023,51212,8,"Agosto",51.212
"4053","ESMERALDAS","ELOY ALFARO",8,802,2023,51212,9,"Septiembre",51.212
"4054","ESMERALDAS","ELOY ALFARO",8,802,2023,51212,10,"Octubre",51.212
"4055","ESMERALDAS","ELOY ALFARO",8,802,2023,51212,11,"Noviembre",51.212
"4056","ESMERALDAS","ELOY ALFARO",8,802,2023,51212,12,"Diciembre",51.212
"4057","ESMERALDAS","ELOY ALFARO",8,802,2024,51603,1,"Enero",51.603
"4058","ESMERALDAS","ELOY ALFARO",8,802,2024,51603,2,"Febrero",51.603
"4059","ESMERALDAS","ELOY ALFARO",8,802,2024,51603,3,"Marzo",51.603
"4060","ESMERALDAS","ELOY ALFARO",8,802,2024,51603,4,"Abril",51.603
"4061","ESMERALDAS","ELOY ALFARO",8,802,2024,51603,5,"Mayo",51.603
"4062","ESMERALDAS","ELOY ALFARO",8,802,2024,51603,6,"Junio",51.603
"4063","ESMERALDAS","ELOY ALFARO",8,802,2024,51603,7,"Julio",51.603
"4064","ESMERALDAS","ELOY ALFARO",8,802,2024,51603,8,"Agosto",51.603
"4065","ESMERALDAS","ELOY ALFARO",8,802,2024,51603,9,"Septiembre",51.603
"4066","ESMERALDAS","ELOY ALFARO",8,802,2024,51603,10,"Octubre",51.603
"4067","ESMERALDAS","ELOY ALFARO",8,802,2024,51603,11,"Noviembre",51.603
"4068","ESMERALDAS","ELOY ALFARO",8,802,2024,51603,12,"Diciembre",51.603
"4069","ESMERALDAS","ELOY ALFARO",8,802,2025,52040,1,"Enero",52.04
"4070","ESMERALDAS","ELOY ALFARO",8,802,2025,52040,2,"Febrero",52.04
"4071","ESMERALDAS","ELOY ALFARO",8,802,2025,52040,3,"Marzo",52.04
"4072","ESMERALDAS","ELOY ALFARO",8,802,2025,52040,4,"Abril",52.04
"4073","ESMERALDAS","ELOY ALFARO",8,802,2025,52040,5,"Mayo",52.04
"4074","ESMERALDAS","ELOY ALFARO",8,802,2025,52040,6,"Junio",52.04
"4075","ESMERALDAS","ELOY ALFARO",8,802,2025,52040,7,"Julio",52.04
"4076","ESMERALDAS","ELOY ALFARO",8,802,2025,52040,8,"Agosto",52.04
"4077","ESMERALDAS","ELOY ALFARO",8,802,2025,52040,9,"Septiembre",52.04
"4078","ESMERALDAS","ELOY ALFARO",8,802,2025,52040,10,"Octubre",52.04
"4079","ESMERALDAS","ELOY ALFARO",8,802,2025,52040,11,"Noviembre",52.04
"4080","ESMERALDAS","ELOY ALFARO",8,802,2025,52040,12,"Diciembre",52.04
"4081","ESMERALDAS","MUISNE",8,803,2021,37245,1,"Enero",37.245
"4082","ESMERALDAS","MUISNE",8,803,2021,37245,2,"Febrero",37.245
"4083","ESMERALDAS","MUISNE",8,803,2021,37245,3,"Marzo",37.245
"4084","ESMERALDAS","MUISNE",8,803,2021,37245,4,"Abril",37.245
"4085","ESMERALDAS","MUISNE",8,803,2021,37245,5,"Mayo",37.245
"4086","ESMERALDAS","MUISNE",8,803,2021,37245,6,"Junio",37.245
"4087","ESMERALDAS","MUISNE",8,803,2021,37245,7,"Julio",37.245
"4088","ESMERALDAS","MUISNE",8,803,2021,37245,8,"Agosto",37.245
"4089","ESMERALDAS","MUISNE",8,803,2021,37245,9,"Septiembre",37.245
"4090","ESMERALDAS","MUISNE",8,803,2021,37245,10,"Octubre",37.245
"4091","ESMERALDAS","MUISNE",8,803,2021,37245,11,"Noviembre",37.245
"4092","ESMERALDAS","MUISNE",8,803,2021,37245,12,"Diciembre",37.245
"4093","ESMERALDAS","MUISNE",8,803,2022,37640,1,"Enero",37.64
"4094","ESMERALDAS","MUISNE",8,803,2022,37640,2,"Febrero",37.64
"4095","ESMERALDAS","MUISNE",8,803,2022,37640,3,"Marzo",37.64
"4096","ESMERALDAS","MUISNE",8,803,2022,37640,4,"Abril",37.64
"4097","ESMERALDAS","MUISNE",8,803,2022,37640,5,"Mayo",37.64
"4098","ESMERALDAS","MUISNE",8,803,2022,37640,6,"Junio",37.64
"4099","ESMERALDAS","MUISNE",8,803,2022,37640,7,"Julio",37.64
"4100","ESMERALDAS","MUISNE",8,803,2022,37640,8,"Agosto",37.64
"4101","ESMERALDAS","MUISNE",8,803,2022,37640,9,"Septiembre",37.64
"4102","ESMERALDAS","MUISNE",8,803,2022,37640,10,"Octubre",37.64
"4103","ESMERALDAS","MUISNE",8,803,2022,37640,11,"Noviembre",37.64
"4104","ESMERALDAS","MUISNE",8,803,2022,37640,12,"Diciembre",37.64
"4105","ESMERALDAS","MUISNE",8,803,2023,38056,1,"Enero",38.056
"4106","ESMERALDAS","MUISNE",8,803,2023,38056,2,"Febrero",38.056
"4107","ESMERALDAS","MUISNE",8,803,2023,38056,3,"Marzo",38.056
"4108","ESMERALDAS","MUISNE",8,803,2023,38056,4,"Abril",38.056
"4109","ESMERALDAS","MUISNE",8,803,2023,38056,5,"Mayo",38.056
"4110","ESMERALDAS","MUISNE",8,803,2023,38056,6,"Junio",38.056
"4111","ESMERALDAS","MUISNE",8,803,2023,38056,7,"Julio",38.056
"4112","ESMERALDAS","MUISNE",8,803,2023,38056,8,"Agosto",38.056
"4113","ESMERALDAS","MUISNE",8,803,2023,38056,9,"Septiembre",38.056
"4114","ESMERALDAS","MUISNE",8,803,2023,38056,10,"Octubre",38.056
"4115","ESMERALDAS","MUISNE",8,803,2023,38056,11,"Noviembre",38.056
"4116","ESMERALDAS","MUISNE",8,803,2023,38056,12,"Diciembre",38.056
"4117","ESMERALDAS","MUISNE",8,803,2024,38495,1,"Enero",38.495
"4118","ESMERALDAS","MUISNE",8,803,2024,38495,2,"Febrero",38.495
"4119","ESMERALDAS","MUISNE",8,803,2024,38495,3,"Marzo",38.495
"4120","ESMERALDAS","MUISNE",8,803,2024,38495,4,"Abril",38.495
"4121","ESMERALDAS","MUISNE",8,803,2024,38495,5,"Mayo",38.495
"4122","ESMERALDAS","MUISNE",8,803,2024,38495,6,"Junio",38.495
"4123","ESMERALDAS","MUISNE",8,803,2024,38495,7,"Julio",38.495
"4124","ESMERALDAS","MUISNE",8,803,2024,38495,8,"Agosto",38.495
"4125","ESMERALDAS","MUISNE",8,803,2024,38495,9,"Septiembre",38.495
"4126","ESMERALDAS","MUISNE",8,803,2024,38495,10,"Octubre",38.495
"4127","ESMERALDAS","MUISNE",8,803,2024,38495,11,"Noviembre",38.495
"4128","ESMERALDAS","MUISNE",8,803,2024,38495,12,"Diciembre",38.495
"4129","ESMERALDAS","MUISNE",8,803,2025,38966,1,"Enero",38.966
"4130","ESMERALDAS","MUISNE",8,803,2025,38966,2,"Febrero",38.966
"4131","ESMERALDAS","MUISNE",8,803,2025,38966,3,"Marzo",38.966
"4132","ESMERALDAS","MUISNE",8,803,2025,38966,4,"Abril",38.966
"4133","ESMERALDAS","MUISNE",8,803,2025,38966,5,"Mayo",38.966
"4134","ESMERALDAS","MUISNE",8,803,2025,38966,6,"Junio",38.966
"4135","ESMERALDAS","MUISNE",8,803,2025,38966,7,"Julio",38.966
"4136","ESMERALDAS","MUISNE",8,803,2025,38966,8,"Agosto",38.966
"4137","ESMERALDAS","MUISNE",8,803,2025,38966,9,"Septiembre",38.966
"4138","ESMERALDAS","MUISNE",8,803,2025,38966,10,"Octubre",38.966
"4139","ESMERALDAS","MUISNE",8,803,2025,38966,11,"Noviembre",38.966
"4140","ESMERALDAS","MUISNE",8,803,2025,38966,12,"Diciembre",38.966
"4141","ESMERALDAS","QUININDE",8,804,2021,134601,1,"Enero",134.601
"4142","ESMERALDAS","QUININDE",8,804,2021,134601,2,"Febrero",134.601
"4143","ESMERALDAS","QUININDE",8,804,2021,134601,3,"Marzo",134.601
"4144","ESMERALDAS","QUININDE",8,804,2021,134601,4,"Abril",134.601
"4145","ESMERALDAS","QUININDE",8,804,2021,134601,5,"Mayo",134.601
"4146","ESMERALDAS","QUININDE",8,804,2021,134601,6,"Junio",134.601
"4147","ESMERALDAS","QUININDE",8,804,2021,134601,7,"Julio",134.601
"4148","ESMERALDAS","QUININDE",8,804,2021,134601,8,"Agosto",134.601
"4149","ESMERALDAS","QUININDE",8,804,2021,134601,9,"Septiembre",134.601
"4150","ESMERALDAS","QUININDE",8,804,2021,134601,10,"Octubre",134.601
"4151","ESMERALDAS","QUININDE",8,804,2021,134601,11,"Noviembre",134.601
"4152","ESMERALDAS","QUININDE",8,804,2021,134601,12,"Diciembre",134.601
"4153","ESMERALDAS","QUININDE",8,804,2022,134311,1,"Enero",134.311
"4154","ESMERALDAS","QUININDE",8,804,2022,134311,2,"Febrero",134.311
"4155","ESMERALDAS","QUININDE",8,804,2022,134311,3,"Marzo",134.311
"4156","ESMERALDAS","QUININDE",8,804,2022,134311,4,"Abril",134.311
"4157","ESMERALDAS","QUININDE",8,804,2022,134311,5,"Mayo",134.311
"4158","ESMERALDAS","QUININDE",8,804,2022,134311,6,"Junio",134.311
"4159","ESMERALDAS","QUININDE",8,804,2022,134311,7,"Julio",134.311
"4160","ESMERALDAS","QUININDE",8,804,2022,134311,8,"Agosto",134.311
"4161","ESMERALDAS","QUININDE",8,804,2022,134311,9,"Septiembre",134.311
"4162","ESMERALDAS","QUININDE",8,804,2022,134311,10,"Octubre",134.311
"4163","ESMERALDAS","QUININDE",8,804,2022,134311,11,"Noviembre",134.311
"4164","ESMERALDAS","QUININDE",8,804,2022,134311,12,"Diciembre",134.311
"4165","ESMERALDAS","QUININDE",8,804,2023,134127,1,"Enero",134.127
"4166","ESMERALDAS","QUININDE",8,804,2023,134127,2,"Febrero",134.127
"4167","ESMERALDAS","QUININDE",8,804,2023,134127,3,"Marzo",134.127
"4168","ESMERALDAS","QUININDE",8,804,2023,134127,4,"Abril",134.127
"4169","ESMERALDAS","QUININDE",8,804,2023,134127,5,"Mayo",134.127
"4170","ESMERALDAS","QUININDE",8,804,2023,134127,6,"Junio",134.127
"4171","ESMERALDAS","QUININDE",8,804,2023,134127,7,"Julio",134.127
"4172","ESMERALDAS","QUININDE",8,804,2023,134127,8,"Agosto",134.127
"4173","ESMERALDAS","QUININDE",8,804,2023,134127,9,"Septiembre",134.127
"4174","ESMERALDAS","QUININDE",8,804,2023,134127,10,"Octubre",134.127
"4175","ESMERALDAS","QUININDE",8,804,2023,134127,11,"Noviembre",134.127
"4176","ESMERALDAS","QUININDE",8,804,2023,134127,12,"Diciembre",134.127
"4177","ESMERALDAS","QUININDE",8,804,2024,134059,1,"Enero",134.059
"4178","ESMERALDAS","QUININDE",8,804,2024,134059,2,"Febrero",134.059
"4179","ESMERALDAS","QUININDE",8,804,2024,134059,3,"Marzo",134.059
"4180","ESMERALDAS","QUININDE",8,804,2024,134059,4,"Abril",134.059
"4181","ESMERALDAS","QUININDE",8,804,2024,134059,5,"Mayo",134.059
"4182","ESMERALDAS","QUININDE",8,804,2024,134059,6,"Junio",134.059
"4183","ESMERALDAS","QUININDE",8,804,2024,134059,7,"Julio",134.059
"4184","ESMERALDAS","QUININDE",8,804,2024,134059,8,"Agosto",134.059
"4185","ESMERALDAS","QUININDE",8,804,2024,134059,9,"Septiembre",134.059
"4186","ESMERALDAS","QUININDE",8,804,2024,134059,10,"Octubre",134.059
"4187","ESMERALDAS","QUININDE",8,804,2024,134059,11,"Noviembre",134.059
"4188","ESMERALDAS","QUININDE",8,804,2024,134059,12,"Diciembre",134.059
"4189","ESMERALDAS","QUININDE",8,804,2025,134131,1,"Enero",134.131
"4190","ESMERALDAS","QUININDE",8,804,2025,134131,2,"Febrero",134.131
"4191","ESMERALDAS","QUININDE",8,804,2025,134131,3,"Marzo",134.131
"4192","ESMERALDAS","QUININDE",8,804,2025,134131,4,"Abril",134.131
"4193","ESMERALDAS","QUININDE",8,804,2025,134131,5,"Mayo",134.131
"4194","ESMERALDAS","QUININDE",8,804,2025,134131,6,"Junio",134.131
"4195","ESMERALDAS","QUININDE",8,804,2025,134131,7,"Julio",134.131
"4196","ESMERALDAS","QUININDE",8,804,2025,134131,8,"Agosto",134.131
"4197","ESMERALDAS","QUININDE",8,804,2025,134131,9,"Septiembre",134.131
"4198","ESMERALDAS","QUININDE",8,804,2025,134131,10,"Octubre",134.131
"4199","ESMERALDAS","QUININDE",8,804,2025,134131,11,"Noviembre",134.131
"4200","ESMERALDAS","QUININDE",8,804,2025,134131,12,"Diciembre",134.131
"4201","ESMERALDAS","SAN LORENZO",8,805,2021,53076,1,"Enero",53.076
"4202","ESMERALDAS","SAN LORENZO",8,805,2021,53076,2,"Febrero",53.076
"4203","ESMERALDAS","SAN LORENZO",8,805,2021,53076,3,"Marzo",53.076
"4204","ESMERALDAS","SAN LORENZO",8,805,2021,53076,4,"Abril",53.076
"4205","ESMERALDAS","SAN LORENZO",8,805,2021,53076,5,"Mayo",53.076
"4206","ESMERALDAS","SAN LORENZO",8,805,2021,53076,6,"Junio",53.076
"4207","ESMERALDAS","SAN LORENZO",8,805,2021,53076,7,"Julio",53.076
"4208","ESMERALDAS","SAN LORENZO",8,805,2021,53076,8,"Agosto",53.076
"4209","ESMERALDAS","SAN LORENZO",8,805,2021,53076,9,"Septiembre",53.076
"4210","ESMERALDAS","SAN LORENZO",8,805,2021,53076,10,"Octubre",53.076
"4211","ESMERALDAS","SAN LORENZO",8,805,2021,53076,11,"Noviembre",53.076
"4212","ESMERALDAS","SAN LORENZO",8,805,2021,53076,12,"Diciembre",53.076
"4213","ESMERALDAS","SAN LORENZO",8,805,2022,53655,1,"Enero",53.655
"4214","ESMERALDAS","SAN LORENZO",8,805,2022,53655,2,"Febrero",53.655
"4215","ESMERALDAS","SAN LORENZO",8,805,2022,53655,3,"Marzo",53.655
"4216","ESMERALDAS","SAN LORENZO",8,805,2022,53655,4,"Abril",53.655
"4217","ESMERALDAS","SAN LORENZO",8,805,2022,53655,5,"Mayo",53.655
"4218","ESMERALDAS","SAN LORENZO",8,805,2022,53655,6,"Junio",53.655
"4219","ESMERALDAS","SAN LORENZO",8,805,2022,53655,7,"Julio",53.655
"4220","ESMERALDAS","SAN LORENZO",8,805,2022,53655,8,"Agosto",53.655
"4221","ESMERALDAS","SAN LORENZO",8,805,2022,53655,9,"Septiembre",53.655
"4222","ESMERALDAS","SAN LORENZO",8,805,2022,53655,10,"Octubre",53.655
"4223","ESMERALDAS","SAN LORENZO",8,805,2022,53655,11,"Noviembre",53.655
"4224","ESMERALDAS","SAN LORENZO",8,805,2022,53655,12,"Diciembre",53.655
"4225","ESMERALDAS","SAN LORENZO",8,805,2023,54263,1,"Enero",54.263
"4226","ESMERALDAS","SAN LORENZO",8,805,2023,54263,2,"Febrero",54.263
"4227","ESMERALDAS","SAN LORENZO",8,805,2023,54263,3,"Marzo",54.263
"4228","ESMERALDAS","SAN LORENZO",8,805,2023,54263,4,"Abril",54.263
"4229","ESMERALDAS","SAN LORENZO",8,805,2023,54263,5,"Mayo",54.263
"4230","ESMERALDAS","SAN LORENZO",8,805,2023,54263,6,"Junio",54.263
"4231","ESMERALDAS","SAN LORENZO",8,805,2023,54263,7,"Julio",54.263
"4232","ESMERALDAS","SAN LORENZO",8,805,2023,54263,8,"Agosto",54.263
"4233","ESMERALDAS","SAN LORENZO",8,805,2023,54263,9,"Septiembre",54.263
"4234","ESMERALDAS","SAN LORENZO",8,805,2023,54263,10,"Octubre",54.263
"4235","ESMERALDAS","SAN LORENZO",8,805,2023,54263,11,"Noviembre",54.263
"4236","ESMERALDAS","SAN LORENZO",8,805,2023,54263,12,"Diciembre",54.263
"4237","ESMERALDAS","SAN LORENZO",8,805,2024,54902,1,"Enero",54.902
"4238","ESMERALDAS","SAN LORENZO",8,805,2024,54902,2,"Febrero",54.902
"4239","ESMERALDAS","SAN LORENZO",8,805,2024,54902,3,"Marzo",54.902
"4240","ESMERALDAS","SAN LORENZO",8,805,2024,54902,4,"Abril",54.902
"4241","ESMERALDAS","SAN LORENZO",8,805,2024,54902,5,"Mayo",54.902
"4242","ESMERALDAS","SAN LORENZO",8,805,2024,54902,6,"Junio",54.902
"4243","ESMERALDAS","SAN LORENZO",8,805,2024,54902,7,"Julio",54.902
"4244","ESMERALDAS","SAN LORENZO",8,805,2024,54902,8,"Agosto",54.902
"4245","ESMERALDAS","SAN LORENZO",8,805,2024,54902,9,"Septiembre",54.902
"4246","ESMERALDAS","SAN LORENZO",8,805,2024,54902,10,"Octubre",54.902
"4247","ESMERALDAS","SAN LORENZO",8,805,2024,54902,11,"Noviembre",54.902
"4248","ESMERALDAS","SAN LORENZO",8,805,2024,54902,12,"Diciembre",54.902
"4249","ESMERALDAS","SAN LORENZO",8,805,2025,55584,1,"Enero",55.584
"4250","ESMERALDAS","SAN LORENZO",8,805,2025,55584,2,"Febrero",55.584
"4251","ESMERALDAS","SAN LORENZO",8,805,2025,55584,3,"Marzo",55.584
"4252","ESMERALDAS","SAN LORENZO",8,805,2025,55584,4,"Abril",55.584
"4253","ESMERALDAS","SAN LORENZO",8,805,2025,55584,5,"Mayo",55.584
"4254","ESMERALDAS","SAN LORENZO",8,805,2025,55584,6,"Junio",55.584
"4255","ESMERALDAS","SAN LORENZO",8,805,2025,55584,7,"Julio",55.584
"4256","ESMERALDAS","SAN LORENZO",8,805,2025,55584,8,"Agosto",55.584
"4257","ESMERALDAS","SAN LORENZO",8,805,2025,55584,9,"Septiembre",55.584
"4258","ESMERALDAS","SAN LORENZO",8,805,2025,55584,10,"Octubre",55.584
"4259","ESMERALDAS","SAN LORENZO",8,805,2025,55584,11,"Noviembre",55.584
"4260","ESMERALDAS","SAN LORENZO",8,805,2025,55584,12,"Diciembre",55.584
"4261","ESMERALDAS","ATACAMES",8,806,2021,53970,1,"Enero",53.97
"4262","ESMERALDAS","ATACAMES",8,806,2021,53970,2,"Febrero",53.97
"4263","ESMERALDAS","ATACAMES",8,806,2021,53970,3,"Marzo",53.97
"4264","ESMERALDAS","ATACAMES",8,806,2021,53970,4,"Abril",53.97
"4265","ESMERALDAS","ATACAMES",8,806,2021,53970,5,"Mayo",53.97
"4266","ESMERALDAS","ATACAMES",8,806,2021,53970,6,"Junio",53.97
"4267","ESMERALDAS","ATACAMES",8,806,2021,53970,7,"Julio",53.97
"4268","ESMERALDAS","ATACAMES",8,806,2021,53970,8,"Agosto",53.97
"4269","ESMERALDAS","ATACAMES",8,806,2021,53970,9,"Septiembre",53.97
"4270","ESMERALDAS","ATACAMES",8,806,2021,53970,10,"Octubre",53.97
"4271","ESMERALDAS","ATACAMES",8,806,2021,53970,11,"Noviembre",53.97
"4272","ESMERALDAS","ATACAMES",8,806,2021,53970,12,"Diciembre",53.97
"4273","ESMERALDAS","ATACAMES",8,806,2022,54415,1,"Enero",54.415
"4274","ESMERALDAS","ATACAMES",8,806,2022,54415,2,"Febrero",54.415
"4275","ESMERALDAS","ATACAMES",8,806,2022,54415,3,"Marzo",54.415
"4276","ESMERALDAS","ATACAMES",8,806,2022,54415,4,"Abril",54.415
"4277","ESMERALDAS","ATACAMES",8,806,2022,54415,5,"Mayo",54.415
"4278","ESMERALDAS","ATACAMES",8,806,2022,54415,6,"Junio",54.415
"4279","ESMERALDAS","ATACAMES",8,806,2022,54415,7,"Julio",54.415
"4280","ESMERALDAS","ATACAMES",8,806,2022,54415,8,"Agosto",54.415
"4281","ESMERALDAS","ATACAMES",8,806,2022,54415,9,"Septiembre",54.415
"4282","ESMERALDAS","ATACAMES",8,806,2022,54415,10,"Octubre",54.415
"4283","ESMERALDAS","ATACAMES",8,806,2022,54415,11,"Noviembre",54.415
"4284","ESMERALDAS","ATACAMES",8,806,2022,54415,12,"Diciembre",54.415
"4285","ESMERALDAS","ATACAMES",8,806,2023,54897,1,"Enero",54.897
"4286","ESMERALDAS","ATACAMES",8,806,2023,54897,2,"Febrero",54.897
"4287","ESMERALDAS","ATACAMES",8,806,2023,54897,3,"Marzo",54.897
"4288","ESMERALDAS","ATACAMES",8,806,2023,54897,4,"Abril",54.897
"4289","ESMERALDAS","ATACAMES",8,806,2023,54897,5,"Mayo",54.897
"4290","ESMERALDAS","ATACAMES",8,806,2023,54897,6,"Junio",54.897
"4291","ESMERALDAS","ATACAMES",8,806,2023,54897,7,"Julio",54.897
"4292","ESMERALDAS","ATACAMES",8,806,2023,54897,8,"Agosto",54.897
"4293","ESMERALDAS","ATACAMES",8,806,2023,54897,9,"Septiembre",54.897
"4294","ESMERALDAS","ATACAMES",8,806,2023,54897,10,"Octubre",54.897
"4295","ESMERALDAS","ATACAMES",8,806,2023,54897,11,"Noviembre",54.897
"4296","ESMERALDAS","ATACAMES",8,806,2023,54897,12,"Diciembre",54.897
"4297","ESMERALDAS","ATACAMES",8,806,2024,55418,1,"Enero",55.418
"4298","ESMERALDAS","ATACAMES",8,806,2024,55418,2,"Febrero",55.418
"4299","ESMERALDAS","ATACAMES",8,806,2024,55418,3,"Marzo",55.418
"4300","ESMERALDAS","ATACAMES",8,806,2024,55418,4,"Abril",55.418
"4301","ESMERALDAS","ATACAMES",8,806,2024,55418,5,"Mayo",55.418
"4302","ESMERALDAS","ATACAMES",8,806,2024,55418,6,"Junio",55.418
"4303","ESMERALDAS","ATACAMES",8,806,2024,55418,7,"Julio",55.418
"4304","ESMERALDAS","ATACAMES",8,806,2024,55418,8,"Agosto",55.418
"4305","ESMERALDAS","ATACAMES",8,806,2024,55418,9,"Septiembre",55.418
"4306","ESMERALDAS","ATACAMES",8,806,2024,55418,10,"Octubre",55.418
"4307","ESMERALDAS","ATACAMES",8,806,2024,55418,11,"Noviembre",55.418
"4308","ESMERALDAS","ATACAMES",8,806,2024,55418,12,"Diciembre",55.418
"4309","ESMERALDAS","ATACAMES",8,806,2025,55990,1,"Enero",55.99
"4310","ESMERALDAS","ATACAMES",8,806,2025,55990,2,"Febrero",55.99
"4311","ESMERALDAS","ATACAMES",8,806,2025,55990,3,"Marzo",55.99
"4312","ESMERALDAS","ATACAMES",8,806,2025,55990,4,"Abril",55.99
"4313","ESMERALDAS","ATACAMES",8,806,2025,55990,5,"Mayo",55.99
"4314","ESMERALDAS","ATACAMES",8,806,2025,55990,6,"Junio",55.99
"4315","ESMERALDAS","ATACAMES",8,806,2025,55990,7,"Julio",55.99
"4316","ESMERALDAS","ATACAMES",8,806,2025,55990,8,"Agosto",55.99
"4317","ESMERALDAS","ATACAMES",8,806,2025,55990,9,"Septiembre",55.99
"4318","ESMERALDAS","ATACAMES",8,806,2025,55990,10,"Octubre",55.99
"4319","ESMERALDAS","ATACAMES",8,806,2025,55990,11,"Noviembre",55.99
"4320","ESMERALDAS","ATACAMES",8,806,2025,55990,12,"Diciembre",55.99
"4321","ESMERALDAS","RIOVERDE",8,807,2021,35036,1,"Enero",35.036
"4322","ESMERALDAS","RIOVERDE",8,807,2021,35036,2,"Febrero",35.036
"4323","ESMERALDAS","RIOVERDE",8,807,2021,35036,3,"Marzo",35.036
"4324","ESMERALDAS","RIOVERDE",8,807,2021,35036,4,"Abril",35.036
"4325","ESMERALDAS","RIOVERDE",8,807,2021,35036,5,"Mayo",35.036
"4326","ESMERALDAS","RIOVERDE",8,807,2021,35036,6,"Junio",35.036
"4327","ESMERALDAS","RIOVERDE",8,807,2021,35036,7,"Julio",35.036
"4328","ESMERALDAS","RIOVERDE",8,807,2021,35036,8,"Agosto",35.036
"4329","ESMERALDAS","RIOVERDE",8,807,2021,35036,9,"Septiembre",35.036
"4330","ESMERALDAS","RIOVERDE",8,807,2021,35036,10,"Octubre",35.036
"4331","ESMERALDAS","RIOVERDE",8,807,2021,35036,11,"Noviembre",35.036
"4332","ESMERALDAS","RIOVERDE",8,807,2021,35036,12,"Diciembre",35.036
"4333","ESMERALDAS","RIOVERDE",8,807,2022,35351,1,"Enero",35.351
"4334","ESMERALDAS","RIOVERDE",8,807,2022,35351,2,"Febrero",35.351
"4335","ESMERALDAS","RIOVERDE",8,807,2022,35351,3,"Marzo",35.351
"4336","ESMERALDAS","RIOVERDE",8,807,2022,35351,4,"Abril",35.351
"4337","ESMERALDAS","RIOVERDE",8,807,2022,35351,5,"Mayo",35.351
"4338","ESMERALDAS","RIOVERDE",8,807,2022,35351,6,"Junio",35.351
"4339","ESMERALDAS","RIOVERDE",8,807,2022,35351,7,"Julio",35.351
"4340","ESMERALDAS","RIOVERDE",8,807,2022,35351,8,"Agosto",35.351
"4341","ESMERALDAS","RIOVERDE",8,807,2022,35351,9,"Septiembre",35.351
"4342","ESMERALDAS","RIOVERDE",8,807,2022,35351,10,"Octubre",35.351
"4343","ESMERALDAS","RIOVERDE",8,807,2022,35351,11,"Noviembre",35.351
"4344","ESMERALDAS","RIOVERDE",8,807,2022,35351,12,"Diciembre",35.351
"4345","ESMERALDAS","RIOVERDE",8,807,2023,35689,1,"Enero",35.689
"4346","ESMERALDAS","RIOVERDE",8,807,2023,35689,2,"Febrero",35.689
"4347","ESMERALDAS","RIOVERDE",8,807,2023,35689,3,"Marzo",35.689
"4348","ESMERALDAS","RIOVERDE",8,807,2023,35689,4,"Abril",35.689
"4349","ESMERALDAS","RIOVERDE",8,807,2023,35689,5,"Mayo",35.689
"4350","ESMERALDAS","RIOVERDE",8,807,2023,35689,6,"Junio",35.689
"4351","ESMERALDAS","RIOVERDE",8,807,2023,35689,7,"Julio",35.689
"4352","ESMERALDAS","RIOVERDE",8,807,2023,35689,8,"Agosto",35.689
"4353","ESMERALDAS","RIOVERDE",8,807,2023,35689,9,"Septiembre",35.689
"4354","ESMERALDAS","RIOVERDE",8,807,2023,35689,10,"Octubre",35.689
"4355","ESMERALDAS","RIOVERDE",8,807,2023,35689,11,"Noviembre",35.689
"4356","ESMERALDAS","RIOVERDE",8,807,2023,35689,12,"Diciembre",35.689
"4357","ESMERALDAS","RIOVERDE",8,807,2024,36052,1,"Enero",36.052
"4358","ESMERALDAS","RIOVERDE",8,807,2024,36052,2,"Febrero",36.052
"4359","ESMERALDAS","RIOVERDE",8,807,2024,36052,3,"Marzo",36.052
"4360","ESMERALDAS","RIOVERDE",8,807,2024,36052,4,"Abril",36.052
"4361","ESMERALDAS","RIOVERDE",8,807,2024,36052,5,"Mayo",36.052
"4362","ESMERALDAS","RIOVERDE",8,807,2024,36052,6,"Junio",36.052
"4363","ESMERALDAS","RIOVERDE",8,807,2024,36052,7,"Julio",36.052
"4364","ESMERALDAS","RIOVERDE",8,807,2024,36052,8,"Agosto",36.052
"4365","ESMERALDAS","RIOVERDE",8,807,2024,36052,9,"Septiembre",36.052
"4366","ESMERALDAS","RIOVERDE",8,807,2024,36052,10,"Octubre",36.052
"4367","ESMERALDAS","RIOVERDE",8,807,2024,36052,11,"Noviembre",36.052
"4368","ESMERALDAS","RIOVERDE",8,807,2024,36052,12,"Diciembre",36.052
"4369","ESMERALDAS","RIOVERDE",8,807,2025,36445,1,"Enero",36.445
"4370","ESMERALDAS","RIOVERDE",8,807,2025,36445,2,"Febrero",36.445
"4371","ESMERALDAS","RIOVERDE",8,807,2025,36445,3,"Marzo",36.445
"4372","ESMERALDAS","RIOVERDE",8,807,2025,36445,4,"Abril",36.445
"4373","ESMERALDAS","RIOVERDE",8,807,2025,36445,5,"Mayo",36.445
"4374","ESMERALDAS","RIOVERDE",8,807,2025,36445,6,"Junio",36.445
"4375","ESMERALDAS","RIOVERDE",8,807,2025,36445,7,"Julio",36.445
"4376","ESMERALDAS","RIOVERDE",8,807,2025,36445,8,"Agosto",36.445
"4377","ESMERALDAS","RIOVERDE",8,807,2025,36445,9,"Septiembre",36.445
"4378","ESMERALDAS","RIOVERDE",8,807,2025,36445,10,"Octubre",36.445
"4379","ESMERALDAS","RIOVERDE",8,807,2025,36445,11,"Noviembre",36.445
"4380","ESMERALDAS","RIOVERDE",8,807,2025,36445,12,"Diciembre",36.445
"4381","GUAYAS","GUAYAQUIL",9,901,2021,2888378,1,"Enero",2888.378
"4382","GUAYAS","GUAYAQUIL",9,901,2021,2888378,2,"Febrero",2888.378
"4383","GUAYAS","GUAYAQUIL",9,901,2021,2888378,3,"Marzo",2888.378
"4384","GUAYAS","GUAYAQUIL",9,901,2021,2888378,4,"Abril",2888.378
"4385","GUAYAS","GUAYAQUIL",9,901,2021,2888378,5,"Mayo",2888.378
"4386","GUAYAS","GUAYAQUIL",9,901,2021,2888378,6,"Junio",2888.378
"4387","GUAYAS","GUAYAQUIL",9,901,2021,2888378,7,"Julio",2888.378
"4388","GUAYAS","GUAYAQUIL",9,901,2021,2888378,8,"Agosto",2888.378
"4389","GUAYAS","GUAYAQUIL",9,901,2021,2888378,9,"Septiembre",2888.378
"4390","GUAYAS","GUAYAQUIL",9,901,2021,2888378,10,"Octubre",2888.378
"4391","GUAYAS","GUAYAQUIL",9,901,2021,2888378,11,"Noviembre",2888.378
"4392","GUAYAS","GUAYAQUIL",9,901,2021,2888378,12,"Diciembre",2888.378
"4393","GUAYAS","GUAYAQUIL",9,901,2022,2908589,1,"Enero",2908.589
"4394","GUAYAS","GUAYAQUIL",9,901,2022,2908589,2,"Febrero",2908.589
"4395","GUAYAS","GUAYAQUIL",9,901,2022,2908589,3,"Marzo",2908.589
"4396","GUAYAS","GUAYAQUIL",9,901,2022,2908589,4,"Abril",2908.589
"4397","GUAYAS","GUAYAQUIL",9,901,2022,2908589,5,"Mayo",2908.589
"4398","GUAYAS","GUAYAQUIL",9,901,2022,2908589,6,"Junio",2908.589
"4399","GUAYAS","GUAYAQUIL",9,901,2022,2908589,7,"Julio",2908.589
"4400","GUAYAS","GUAYAQUIL",9,901,2022,2908589,8,"Agosto",2908.589
"4401","GUAYAS","GUAYAQUIL",9,901,2022,2908589,9,"Septiembre",2908.589
"4402","GUAYAS","GUAYAQUIL",9,901,2022,2908589,10,"Octubre",2908.589
"4403","GUAYAS","GUAYAQUIL",9,901,2022,2908589,11,"Noviembre",2908.589
"4404","GUAYAS","GUAYAQUIL",9,901,2022,2908589,12,"Diciembre",2908.589
"4405","GUAYAS","GUAYAQUIL",9,901,2023,2932225,1,"Enero",2932.225
"4406","GUAYAS","GUAYAQUIL",9,901,2023,2932225,2,"Febrero",2932.225
"4407","GUAYAS","GUAYAQUIL",9,901,2023,2932225,3,"Marzo",2932.225
"4408","GUAYAS","GUAYAQUIL",9,901,2023,2932225,4,"Abril",2932.225
"4409","GUAYAS","GUAYAQUIL",9,901,2023,2932225,5,"Mayo",2932.225
"4410","GUAYAS","GUAYAQUIL",9,901,2023,2932225,6,"Junio",2932.225
"4411","GUAYAS","GUAYAQUIL",9,901,2023,2932225,7,"Julio",2932.225
"4412","GUAYAS","GUAYAQUIL",9,901,2023,2932225,8,"Agosto",2932.225
"4413","GUAYAS","GUAYAQUIL",9,901,2023,2932225,9,"Septiembre",2932.225
"4414","GUAYAS","GUAYAQUIL",9,901,2023,2932225,10,"Octubre",2932.225
"4415","GUAYAS","GUAYAQUIL",9,901,2023,2932225,11,"Noviembre",2932.225
"4416","GUAYAS","GUAYAQUIL",9,901,2023,2932225,12,"Diciembre",2932.225
"4417","GUAYAS","GUAYAQUIL",9,901,2024,2957527,1,"Enero",2957.527
"4418","GUAYAS","GUAYAQUIL",9,901,2024,2957527,2,"Febrero",2957.527
"4419","GUAYAS","GUAYAQUIL",9,901,2024,2957527,3,"Marzo",2957.527
"4420","GUAYAS","GUAYAQUIL",9,901,2024,2957527,4,"Abril",2957.527
"4421","GUAYAS","GUAYAQUIL",9,901,2024,2957527,5,"Mayo",2957.527
"4422","GUAYAS","GUAYAQUIL",9,901,2024,2957527,6,"Junio",2957.527
"4423","GUAYAS","GUAYAQUIL",9,901,2024,2957527,7,"Julio",2957.527
"4424","GUAYAS","GUAYAQUIL",9,901,2024,2957527,8,"Agosto",2957.527
"4425","GUAYAS","GUAYAQUIL",9,901,2024,2957527,9,"Septiembre",2957.527
"4426","GUAYAS","GUAYAQUIL",9,901,2024,2957527,10,"Octubre",2957.527
"4427","GUAYAS","GUAYAQUIL",9,901,2024,2957527,11,"Noviembre",2957.527
"4428","GUAYAS","GUAYAQUIL",9,901,2024,2957527,12,"Diciembre",2957.527
"4429","GUAYAS","GUAYAQUIL",9,901,2025,2982756,1,"Enero",2982.756
"4430","GUAYAS","GUAYAQUIL",9,901,2025,2982756,2,"Febrero",2982.756
"4431","GUAYAS","GUAYAQUIL",9,901,2025,2982756,3,"Marzo",2982.756
"4432","GUAYAS","GUAYAQUIL",9,901,2025,2982756,4,"Abril",2982.756
"4433","GUAYAS","GUAYAQUIL",9,901,2025,2982756,5,"Mayo",2982.756
"4434","GUAYAS","GUAYAQUIL",9,901,2025,2982756,6,"Junio",2982.756
"4435","GUAYAS","GUAYAQUIL",9,901,2025,2982756,7,"Julio",2982.756
"4436","GUAYAS","GUAYAQUIL",9,901,2025,2982756,8,"Agosto",2982.756
"4437","GUAYAS","GUAYAQUIL",9,901,2025,2982756,9,"Septiembre",2982.756
"4438","GUAYAS","GUAYAQUIL",9,901,2025,2982756,10,"Octubre",2982.756
"4439","GUAYAS","GUAYAQUIL",9,901,2025,2982756,11,"Noviembre",2982.756
"4440","GUAYAS","GUAYAQUIL",9,901,2025,2982756,12,"Diciembre",2982.756
"4441","GUAYAS","BALAO",9,903,2021,26436,1,"Enero",26.436
"4442","GUAYAS","BALAO",9,903,2021,26436,2,"Febrero",26.436
"4443","GUAYAS","BALAO",9,903,2021,26436,3,"Marzo",26.436
"4444","GUAYAS","BALAO",9,903,2021,26436,4,"Abril",26.436
"4445","GUAYAS","BALAO",9,903,2021,26436,5,"Mayo",26.436
"4446","GUAYAS","BALAO",9,903,2021,26436,6,"Junio",26.436
"4447","GUAYAS","BALAO",9,903,2021,26436,7,"Julio",26.436
"4448","GUAYAS","BALAO",9,903,2021,26436,8,"Agosto",26.436
"4449","GUAYAS","BALAO",9,903,2021,26436,9,"Septiembre",26.436
"4450","GUAYAS","BALAO",9,903,2021,26436,10,"Octubre",26.436
"4451","GUAYAS","BALAO",9,903,2021,26436,11,"Noviembre",26.436
"4452","GUAYAS","BALAO",9,903,2021,26436,12,"Diciembre",26.436
"4453","GUAYAS","BALAO",9,903,2022,26808,1,"Enero",26.808
"4454","GUAYAS","BALAO",9,903,2022,26808,2,"Febrero",26.808
"4455","GUAYAS","BALAO",9,903,2022,26808,3,"Marzo",26.808
"4456","GUAYAS","BALAO",9,903,2022,26808,4,"Abril",26.808
"4457","GUAYAS","BALAO",9,903,2022,26808,5,"Mayo",26.808
"4458","GUAYAS","BALAO",9,903,2022,26808,6,"Junio",26.808
"4459","GUAYAS","BALAO",9,903,2022,26808,7,"Julio",26.808
"4460","GUAYAS","BALAO",9,903,2022,26808,8,"Agosto",26.808
"4461","GUAYAS","BALAO",9,903,2022,26808,9,"Septiembre",26.808
"4462","GUAYAS","BALAO",9,903,2022,26808,10,"Octubre",26.808
"4463","GUAYAS","BALAO",9,903,2022,26808,11,"Noviembre",26.808
"4464","GUAYAS","BALAO",9,903,2022,26808,12,"Diciembre",26.808
"4465","GUAYAS","BALAO",9,903,2023,27213,1,"Enero",27.213
"4466","GUAYAS","BALAO",9,903,2023,27213,2,"Febrero",27.213
"4467","GUAYAS","BALAO",9,903,2023,27213,3,"Marzo",27.213
"4468","GUAYAS","BALAO",9,903,2023,27213,4,"Abril",27.213
"4469","GUAYAS","BALAO",9,903,2023,27213,5,"Mayo",27.213
"4470","GUAYAS","BALAO",9,903,2023,27213,6,"Junio",27.213
"4471","GUAYAS","BALAO",9,903,2023,27213,7,"Julio",27.213
"4472","GUAYAS","BALAO",9,903,2023,27213,8,"Agosto",27.213
"4473","GUAYAS","BALAO",9,903,2023,27213,9,"Septiembre",27.213
"4474","GUAYAS","BALAO",9,903,2023,27213,10,"Octubre",27.213
"4475","GUAYAS","BALAO",9,903,2023,27213,11,"Noviembre",27.213
"4476","GUAYAS","BALAO",9,903,2023,27213,12,"Diciembre",27.213
"4477","GUAYAS","BALAO",9,903,2024,27635,1,"Enero",27.635
"4478","GUAYAS","BALAO",9,903,2024,27635,2,"Febrero",27.635
"4479","GUAYAS","BALAO",9,903,2024,27635,3,"Marzo",27.635
"4480","GUAYAS","BALAO",9,903,2024,27635,4,"Abril",27.635
"4481","GUAYAS","BALAO",9,903,2024,27635,5,"Mayo",27.635
"4482","GUAYAS","BALAO",9,903,2024,27635,6,"Junio",27.635
"4483","GUAYAS","BALAO",9,903,2024,27635,7,"Julio",27.635
"4484","GUAYAS","BALAO",9,903,2024,27635,8,"Agosto",27.635
"4485","GUAYAS","BALAO",9,903,2024,27635,9,"Septiembre",27.635
"4486","GUAYAS","BALAO",9,903,2024,27635,10,"Octubre",27.635
"4487","GUAYAS","BALAO",9,903,2024,27635,11,"Noviembre",27.635
"4488","GUAYAS","BALAO",9,903,2024,27635,12,"Diciembre",27.635
"4489","GUAYAS","BALAO",9,903,2025,28057,1,"Enero",28.057
"4490","GUAYAS","BALAO",9,903,2025,28057,2,"Febrero",28.057
"4491","GUAYAS","BALAO",9,903,2025,28057,3,"Marzo",28.057
"4492","GUAYAS","BALAO",9,903,2025,28057,4,"Abril",28.057
"4493","GUAYAS","BALAO",9,903,2025,28057,5,"Mayo",28.057
"4494","GUAYAS","BALAO",9,903,2025,28057,6,"Junio",28.057
"4495","GUAYAS","BALAO",9,903,2025,28057,7,"Julio",28.057
"4496","GUAYAS","BALAO",9,903,2025,28057,8,"Agosto",28.057
"4497","GUAYAS","BALAO",9,903,2025,28057,9,"Septiembre",28.057
"4498","GUAYAS","BALAO",9,903,2025,28057,10,"Octubre",28.057
"4499","GUAYAS","BALAO",9,903,2025,28057,11,"Noviembre",28.057
"4500","GUAYAS","BALAO",9,903,2025,28057,12,"Diciembre",28.057
"4501","GUAYAS","BALZAR",9,904,2021,62579,1,"Enero",62.579
"4502","GUAYAS","BALZAR",9,904,2021,62579,2,"Febrero",62.579
"4503","GUAYAS","BALZAR",9,904,2021,62579,3,"Marzo",62.579
"4504","GUAYAS","BALZAR",9,904,2021,62579,4,"Abril",62.579
"4505","GUAYAS","BALZAR",9,904,2021,62579,5,"Mayo",62.579
"4506","GUAYAS","BALZAR",9,904,2021,62579,6,"Junio",62.579
"4507","GUAYAS","BALZAR",9,904,2021,62579,7,"Julio",62.579
"4508","GUAYAS","BALZAR",9,904,2021,62579,8,"Agosto",62.579
"4509","GUAYAS","BALZAR",9,904,2021,62579,9,"Septiembre",62.579
"4510","GUAYAS","BALZAR",9,904,2021,62579,10,"Octubre",62.579
"4511","GUAYAS","BALZAR",9,904,2021,62579,11,"Noviembre",62.579
"4512","GUAYAS","BALZAR",9,904,2021,62579,12,"Diciembre",62.579
"4513","GUAYAS","BALZAR",9,904,2022,62528,1,"Enero",62.528
"4514","GUAYAS","BALZAR",9,904,2022,62528,2,"Febrero",62.528
"4515","GUAYAS","BALZAR",9,904,2022,62528,3,"Marzo",62.528
"4516","GUAYAS","BALZAR",9,904,2022,62528,4,"Abril",62.528
"4517","GUAYAS","BALZAR",9,904,2022,62528,5,"Mayo",62.528
"4518","GUAYAS","BALZAR",9,904,2022,62528,6,"Junio",62.528
"4519","GUAYAS","BALZAR",9,904,2022,62528,7,"Julio",62.528
"4520","GUAYAS","BALZAR",9,904,2022,62528,8,"Agosto",62.528
"4521","GUAYAS","BALZAR",9,904,2022,62528,9,"Septiembre",62.528
"4522","GUAYAS","BALZAR",9,904,2022,62528,10,"Octubre",62.528
"4523","GUAYAS","BALZAR",9,904,2022,62528,11,"Noviembre",62.528
"4524","GUAYAS","BALZAR",9,904,2022,62528,12,"Diciembre",62.528
"4525","GUAYAS","BALZAR",9,904,2023,62573,1,"Enero",62.573
"4526","GUAYAS","BALZAR",9,904,2023,62573,2,"Febrero",62.573
"4527","GUAYAS","BALZAR",9,904,2023,62573,3,"Marzo",62.573
"4528","GUAYAS","BALZAR",9,904,2023,62573,4,"Abril",62.573
"4529","GUAYAS","BALZAR",9,904,2023,62573,5,"Mayo",62.573
"4530","GUAYAS","BALZAR",9,904,2023,62573,6,"Junio",62.573
"4531","GUAYAS","BALZAR",9,904,2023,62573,7,"Julio",62.573
"4532","GUAYAS","BALZAR",9,904,2023,62573,8,"Agosto",62.573
"4533","GUAYAS","BALZAR",9,904,2023,62573,9,"Septiembre",62.573
"4534","GUAYAS","BALZAR",9,904,2023,62573,10,"Octubre",62.573
"4535","GUAYAS","BALZAR",9,904,2023,62573,11,"Noviembre",62.573
"4536","GUAYAS","BALZAR",9,904,2023,62573,12,"Diciembre",62.573
"4537","GUAYAS","BALZAR",9,904,2024,62680,1,"Enero",62.68
"4538","GUAYAS","BALZAR",9,904,2024,62680,2,"Febrero",62.68
"4539","GUAYAS","BALZAR",9,904,2024,62680,3,"Marzo",62.68
"4540","GUAYAS","BALZAR",9,904,2024,62680,4,"Abril",62.68
"4541","GUAYAS","BALZAR",9,904,2024,62680,5,"Mayo",62.68
"4542","GUAYAS","BALZAR",9,904,2024,62680,6,"Junio",62.68
"4543","GUAYAS","BALZAR",9,904,2024,62680,7,"Julio",62.68
"4544","GUAYAS","BALZAR",9,904,2024,62680,8,"Agosto",62.68
"4545","GUAYAS","BALZAR",9,904,2024,62680,9,"Septiembre",62.68
"4546","GUAYAS","BALZAR",9,904,2024,62680,10,"Octubre",62.68
"4547","GUAYAS","BALZAR",9,904,2024,62680,11,"Noviembre",62.68
"4548","GUAYAS","BALZAR",9,904,2024,62680,12,"Diciembre",62.68
"4549","GUAYAS","BALZAR",9,904,2025,62813,1,"Enero",62.813
"4550","GUAYAS","BALZAR",9,904,2025,62813,2,"Febrero",62.813
"4551","GUAYAS","BALZAR",9,904,2025,62813,3,"Marzo",62.813
"4552","GUAYAS","BALZAR",9,904,2025,62813,4,"Abril",62.813
"4553","GUAYAS","BALZAR",9,904,2025,62813,5,"Mayo",62.813
"4554","GUAYAS","BALZAR",9,904,2025,62813,6,"Junio",62.813
"4555","GUAYAS","BALZAR",9,904,2025,62813,7,"Julio",62.813
"4556","GUAYAS","BALZAR",9,904,2025,62813,8,"Agosto",62.813
"4557","GUAYAS","BALZAR",9,904,2025,62813,9,"Septiembre",62.813
"4558","GUAYAS","BALZAR",9,904,2025,62813,10,"Octubre",62.813
"4559","GUAYAS","BALZAR",9,904,2025,62813,11,"Noviembre",62.813
"4560","GUAYAS","BALZAR",9,904,2025,62813,12,"Diciembre",62.813
"4561","GUAYAS","COLIMES",9,905,2021,27419,1,"Enero",27.419
"4562","GUAYAS","COLIMES",9,905,2021,27419,2,"Febrero",27.419
"4563","GUAYAS","COLIMES",9,905,2021,27419,3,"Marzo",27.419
"4564","GUAYAS","COLIMES",9,905,2021,27419,4,"Abril",27.419
"4565","GUAYAS","COLIMES",9,905,2021,27419,5,"Mayo",27.419
"4566","GUAYAS","COLIMES",9,905,2021,27419,6,"Junio",27.419
"4567","GUAYAS","COLIMES",9,905,2021,27419,7,"Julio",27.419
"4568","GUAYAS","COLIMES",9,905,2021,27419,8,"Agosto",27.419
"4569","GUAYAS","COLIMES",9,905,2021,27419,9,"Septiembre",27.419
"4570","GUAYAS","COLIMES",9,905,2021,27419,10,"Octubre",27.419
"4571","GUAYAS","COLIMES",9,905,2021,27419,11,"Noviembre",27.419
"4572","GUAYAS","COLIMES",9,905,2021,27419,12,"Diciembre",27.419
"4573","GUAYAS","COLIMES",9,905,2022,27496,1,"Enero",27.496
"4574","GUAYAS","COLIMES",9,905,2022,27496,2,"Febrero",27.496
"4575","GUAYAS","COLIMES",9,905,2022,27496,3,"Marzo",27.496
"4576","GUAYAS","COLIMES",9,905,2022,27496,4,"Abril",27.496
"4577","GUAYAS","COLIMES",9,905,2022,27496,5,"Mayo",27.496
"4578","GUAYAS","COLIMES",9,905,2022,27496,6,"Junio",27.496
"4579","GUAYAS","COLIMES",9,905,2022,27496,7,"Julio",27.496
"4580","GUAYAS","COLIMES",9,905,2022,27496,8,"Agosto",27.496
"4581","GUAYAS","COLIMES",9,905,2022,27496,9,"Septiembre",27.496
"4582","GUAYAS","COLIMES",9,905,2022,27496,10,"Octubre",27.496
"4583","GUAYAS","COLIMES",9,905,2022,27496,11,"Noviembre",27.496
"4584","GUAYAS","COLIMES",9,905,2022,27496,12,"Diciembre",27.496
"4585","GUAYAS","COLIMES",9,905,2023,27608,1,"Enero",27.608
"4586","GUAYAS","COLIMES",9,905,2023,27608,2,"Febrero",27.608
"4587","GUAYAS","COLIMES",9,905,2023,27608,3,"Marzo",27.608
"4588","GUAYAS","COLIMES",9,905,2023,27608,4,"Abril",27.608
"4589","GUAYAS","COLIMES",9,905,2023,27608,5,"Mayo",27.608
"4590","GUAYAS","COLIMES",9,905,2023,27608,6,"Junio",27.608
"4591","GUAYAS","COLIMES",9,905,2023,27608,7,"Julio",27.608
"4592","GUAYAS","COLIMES",9,905,2023,27608,8,"Agosto",27.608
"4593","GUAYAS","COLIMES",9,905,2023,27608,9,"Septiembre",27.608
"4594","GUAYAS","COLIMES",9,905,2023,27608,10,"Octubre",27.608
"4595","GUAYAS","COLIMES",9,905,2023,27608,11,"Noviembre",27.608
"4596","GUAYAS","COLIMES",9,905,2023,27608,12,"Diciembre",27.608
"4597","GUAYAS","COLIMES",9,905,2024,27738,1,"Enero",27.738
"4598","GUAYAS","COLIMES",9,905,2024,27738,2,"Febrero",27.738
"4599","GUAYAS","COLIMES",9,905,2024,27738,3,"Marzo",27.738
"4600","GUAYAS","COLIMES",9,905,2024,27738,4,"Abril",27.738
"4601","GUAYAS","COLIMES",9,905,2024,27738,5,"Mayo",27.738
"4602","GUAYAS","COLIMES",9,905,2024,27738,6,"Junio",27.738
"4603","GUAYAS","COLIMES",9,905,2024,27738,7,"Julio",27.738
"4604","GUAYAS","COLIMES",9,905,2024,27738,8,"Agosto",27.738
"4605","GUAYAS","COLIMES",9,905,2024,27738,9,"Septiembre",27.738
"4606","GUAYAS","COLIMES",9,905,2024,27738,10,"Octubre",27.738
"4607","GUAYAS","COLIMES",9,905,2024,27738,11,"Noviembre",27.738
"4608","GUAYAS","COLIMES",9,905,2024,27738,12,"Diciembre",27.738
"4609","GUAYAS","COLIMES",9,905,2025,27870,1,"Enero",27.87
"4610","GUAYAS","COLIMES",9,905,2025,27870,2,"Febrero",27.87
"4611","GUAYAS","COLIMES",9,905,2025,27870,3,"Marzo",27.87
"4612","GUAYAS","COLIMES",9,905,2025,27870,4,"Abril",27.87
"4613","GUAYAS","COLIMES",9,905,2025,27870,5,"Mayo",27.87
"4614","GUAYAS","COLIMES",9,905,2025,27870,6,"Junio",27.87
"4615","GUAYAS","COLIMES",9,905,2025,27870,7,"Julio",27.87
"4616","GUAYAS","COLIMES",9,905,2025,27870,8,"Agosto",27.87
"4617","GUAYAS","COLIMES",9,905,2025,27870,9,"Septiembre",27.87
"4618","GUAYAS","COLIMES",9,905,2025,27870,10,"Octubre",27.87
"4619","GUAYAS","COLIMES",9,905,2025,27870,11,"Noviembre",27.87
"4620","GUAYAS","COLIMES",9,905,2025,27870,12,"Diciembre",27.87
"4621","GUAYAS","DAULE",9,906,2021,217904,1,"Enero",217.904
"4622","GUAYAS","DAULE",9,906,2021,217904,2,"Febrero",217.904
"4623","GUAYAS","DAULE",9,906,2021,217904,3,"Marzo",217.904
"4624","GUAYAS","DAULE",9,906,2021,217904,4,"Abril",217.904
"4625","GUAYAS","DAULE",9,906,2021,217904,5,"Mayo",217.904
"4626","GUAYAS","DAULE",9,906,2021,217904,6,"Junio",217.904
"4627","GUAYAS","DAULE",9,906,2021,217904,7,"Julio",217.904
"4628","GUAYAS","DAULE",9,906,2021,217904,8,"Agosto",217.904
"4629","GUAYAS","DAULE",9,906,2021,217904,9,"Septiembre",217.904
"4630","GUAYAS","DAULE",9,906,2021,217904,10,"Octubre",217.904
"4631","GUAYAS","DAULE",9,906,2021,217904,11,"Noviembre",217.904
"4632","GUAYAS","DAULE",9,906,2021,217904,12,"Diciembre",217.904
"4633","GUAYAS","DAULE",9,906,2022,225776,1,"Enero",225.776
"4634","GUAYAS","DAULE",9,906,2022,225776,2,"Febrero",225.776
"4635","GUAYAS","DAULE",9,906,2022,225776,3,"Marzo",225.776
"4636","GUAYAS","DAULE",9,906,2022,225776,4,"Abril",225.776
"4637","GUAYAS","DAULE",9,906,2022,225776,5,"Mayo",225.776
"4638","GUAYAS","DAULE",9,906,2022,225776,6,"Junio",225.776
"4639","GUAYAS","DAULE",9,906,2022,225776,7,"Julio",225.776
"4640","GUAYAS","DAULE",9,906,2022,225776,8,"Agosto",225.776
"4641","GUAYAS","DAULE",9,906,2022,225776,9,"Septiembre",225.776
"4642","GUAYAS","DAULE",9,906,2022,225776,10,"Octubre",225.776
"4643","GUAYAS","DAULE",9,906,2022,225776,11,"Noviembre",225.776
"4644","GUAYAS","DAULE",9,906,2022,225776,12,"Diciembre",225.776
"4645","GUAYAS","DAULE",9,906,2023,233201,1,"Enero",233.201
"4646","GUAYAS","DAULE",9,906,2023,233201,2,"Febrero",233.201
"4647","GUAYAS","DAULE",9,906,2023,233201,3,"Marzo",233.201
"4648","GUAYAS","DAULE",9,906,2023,233201,4,"Abril",233.201
"4649","GUAYAS","DAULE",9,906,2023,233201,5,"Mayo",233.201
"4650","GUAYAS","DAULE",9,906,2023,233201,6,"Junio",233.201
"4651","GUAYAS","DAULE",9,906,2023,233201,7,"Julio",233.201
"4652","GUAYAS","DAULE",9,906,2023,233201,8,"Agosto",233.201
"4653","GUAYAS","DAULE",9,906,2023,233201,9,"Septiembre",233.201
"4654","GUAYAS","DAULE",9,906,2023,233201,10,"Octubre",233.201
"4655","GUAYAS","DAULE",9,906,2023,233201,11,"Noviembre",233.201
"4656","GUAYAS","DAULE",9,906,2023,233201,12,"Diciembre",233.201
"4657","GUAYAS","DAULE",9,906,2024,240043,1,"Enero",240.043
"4658","GUAYAS","DAULE",9,906,2024,240043,2,"Febrero",240.043
"4659","GUAYAS","DAULE",9,906,2024,240043,3,"Marzo",240.043
"4660","GUAYAS","DAULE",9,906,2024,240043,4,"Abril",240.043
"4661","GUAYAS","DAULE",9,906,2024,240043,5,"Mayo",240.043
"4662","GUAYAS","DAULE",9,906,2024,240043,6,"Junio",240.043
"4663","GUAYAS","DAULE",9,906,2024,240043,7,"Julio",240.043
"4664","GUAYAS","DAULE",9,906,2024,240043,8,"Agosto",240.043
"4665","GUAYAS","DAULE",9,906,2024,240043,9,"Septiembre",240.043
"4666","GUAYAS","DAULE",9,906,2024,240043,10,"Octubre",240.043
"4667","GUAYAS","DAULE",9,906,2024,240043,11,"Noviembre",240.043
"4668","GUAYAS","DAULE",9,906,2024,240043,12,"Diciembre",240.043
"4669","GUAYAS","DAULE",9,906,2025,246208,1,"Enero",246.208
"4670","GUAYAS","DAULE",9,906,2025,246208,2,"Febrero",246.208
"4671","GUAYAS","DAULE",9,906,2025,246208,3,"Marzo",246.208
"4672","GUAYAS","DAULE",9,906,2025,246208,4,"Abril",246.208
"4673","GUAYAS","DAULE",9,906,2025,246208,5,"Mayo",246.208
"4674","GUAYAS","DAULE",9,906,2025,246208,6,"Junio",246.208
"4675","GUAYAS","DAULE",9,906,2025,246208,7,"Julio",246.208
"4676","GUAYAS","DAULE",9,906,2025,246208,8,"Agosto",246.208
"4677","GUAYAS","DAULE",9,906,2025,246208,9,"Septiembre",246.208
"4678","GUAYAS","DAULE",9,906,2025,246208,10,"Octubre",246.208
"4679","GUAYAS","DAULE",9,906,2025,246208,11,"Noviembre",246.208
"4680","GUAYAS","DAULE",9,906,2025,246208,12,"Diciembre",246.208
"4681","GUAYAS","DURAN",9,907,2021,311563,1,"Enero",311.563
"4682","GUAYAS","DURAN",9,907,2021,311563,2,"Febrero",311.563
"4683","GUAYAS","DURAN",9,907,2021,311563,3,"Marzo",311.563
"4684","GUAYAS","DURAN",9,907,2021,311563,4,"Abril",311.563
"4685","GUAYAS","DURAN",9,907,2021,311563,5,"Mayo",311.563
"4686","GUAYAS","DURAN",9,907,2021,311563,6,"Junio",311.563
"4687","GUAYAS","DURAN",9,907,2021,311563,7,"Julio",311.563
"4688","GUAYAS","DURAN",9,907,2021,311563,8,"Agosto",311.563
"4689","GUAYAS","DURAN",9,907,2021,311563,9,"Septiembre",311.563
"4690","GUAYAS","DURAN",9,907,2021,311563,10,"Octubre",311.563
"4691","GUAYAS","DURAN",9,907,2021,311563,11,"Noviembre",311.563
"4692","GUAYAS","DURAN",9,907,2021,311563,12,"Diciembre",311.563
"4693","GUAYAS","DURAN",9,907,2022,316551,1,"Enero",316.551
"4694","GUAYAS","DURAN",9,907,2022,316551,2,"Febrero",316.551
"4695","GUAYAS","DURAN",9,907,2022,316551,3,"Marzo",316.551
"4696","GUAYAS","DURAN",9,907,2022,316551,4,"Abril",316.551
"4697","GUAYAS","DURAN",9,907,2022,316551,5,"Mayo",316.551
"4698","GUAYAS","DURAN",9,907,2022,316551,6,"Junio",316.551
"4699","GUAYAS","DURAN",9,907,2022,316551,7,"Julio",316.551
"4700","GUAYAS","DURAN",9,907,2022,316551,8,"Agosto",316.551
"4701","GUAYAS","DURAN",9,907,2022,316551,9,"Septiembre",316.551
"4702","GUAYAS","DURAN",9,907,2022,316551,10,"Octubre",316.551
"4703","GUAYAS","DURAN",9,907,2022,316551,11,"Noviembre",316.551
"4704","GUAYAS","DURAN",9,907,2022,316551,12,"Diciembre",316.551
"4705","GUAYAS","DURAN",9,907,2023,321912,1,"Enero",321.912
"4706","GUAYAS","DURAN",9,907,2023,321912,2,"Febrero",321.912
"4707","GUAYAS","DURAN",9,907,2023,321912,3,"Marzo",321.912
"4708","GUAYAS","DURAN",9,907,2023,321912,4,"Abril",321.912
"4709","GUAYAS","DURAN",9,907,2023,321912,5,"Mayo",321.912
"4710","GUAYAS","DURAN",9,907,2023,321912,6,"Junio",321.912
"4711","GUAYAS","DURAN",9,907,2023,321912,7,"Julio",321.912
"4712","GUAYAS","DURAN",9,907,2023,321912,8,"Agosto",321.912
"4713","GUAYAS","DURAN",9,907,2023,321912,9,"Septiembre",321.912
"4714","GUAYAS","DURAN",9,907,2023,321912,10,"Octubre",321.912
"4715","GUAYAS","DURAN",9,907,2023,321912,11,"Noviembre",321.912
"4716","GUAYAS","DURAN",9,907,2023,321912,12,"Diciembre",321.912
"4717","GUAYAS","DURAN",9,907,2024,327452,1,"Enero",327.452
"4718","GUAYAS","DURAN",9,907,2024,327452,2,"Febrero",327.452
"4719","GUAYAS","DURAN",9,907,2024,327452,3,"Marzo",327.452
"4720","GUAYAS","DURAN",9,907,2024,327452,4,"Abril",327.452
"4721","GUAYAS","DURAN",9,907,2024,327452,5,"Mayo",327.452
"4722","GUAYAS","DURAN",9,907,2024,327452,6,"Junio",327.452
"4723","GUAYAS","DURAN",9,907,2024,327452,7,"Julio",327.452
"4724","GUAYAS","DURAN",9,907,2024,327452,8,"Agosto",327.452
"4725","GUAYAS","DURAN",9,907,2024,327452,9,"Septiembre",327.452
"4726","GUAYAS","DURAN",9,907,2024,327452,10,"Octubre",327.452
"4727","GUAYAS","DURAN",9,907,2024,327452,11,"Noviembre",327.452
"4728","GUAYAS","DURAN",9,907,2024,327452,12,"Diciembre",327.452
"4729","GUAYAS","DURAN",9,907,2025,332968,1,"Enero",332.968
"4730","GUAYAS","DURAN",9,907,2025,332968,2,"Febrero",332.968
"4731","GUAYAS","DURAN",9,907,2025,332968,3,"Marzo",332.968
"4732","GUAYAS","DURAN",9,907,2025,332968,4,"Abril",332.968
"4733","GUAYAS","DURAN",9,907,2025,332968,5,"Mayo",332.968
"4734","GUAYAS","DURAN",9,907,2025,332968,6,"Junio",332.968
"4735","GUAYAS","DURAN",9,907,2025,332968,7,"Julio",332.968
"4736","GUAYAS","DURAN",9,907,2025,332968,8,"Agosto",332.968
"4737","GUAYAS","DURAN",9,907,2025,332968,9,"Septiembre",332.968
"4738","GUAYAS","DURAN",9,907,2025,332968,10,"Octubre",332.968
"4739","GUAYAS","DURAN",9,907,2025,332968,11,"Noviembre",332.968
"4740","GUAYAS","DURAN",9,907,2025,332968,12,"Diciembre",332.968
"4741","GUAYAS","EL EMPALME",9,908,2021,87174,1,"Enero",87.174
"4742","GUAYAS","EL EMPALME",9,908,2021,87174,2,"Febrero",87.174
"4743","GUAYAS","EL EMPALME",9,908,2021,87174,3,"Marzo",87.174
"4744","GUAYAS","EL EMPALME",9,908,2021,87174,4,"Abril",87.174
"4745","GUAYAS","EL EMPALME",9,908,2021,87174,5,"Mayo",87.174
"4746","GUAYAS","EL EMPALME",9,908,2021,87174,6,"Junio",87.174
"4747","GUAYAS","EL EMPALME",9,908,2021,87174,7,"Julio",87.174
"4748","GUAYAS","EL EMPALME",9,908,2021,87174,8,"Agosto",87.174
"4749","GUAYAS","EL EMPALME",9,908,2021,87174,9,"Septiembre",87.174
"4750","GUAYAS","EL EMPALME",9,908,2021,87174,10,"Octubre",87.174
"4751","GUAYAS","EL EMPALME",9,908,2021,87174,11,"Noviembre",87.174
"4752","GUAYAS","EL EMPALME",9,908,2021,87174,12,"Diciembre",87.174
"4753","GUAYAS","EL EMPALME",9,908,2022,87108,1,"Enero",87.108
"4754","GUAYAS","EL EMPALME",9,908,2022,87108,2,"Febrero",87.108
"4755","GUAYAS","EL EMPALME",9,908,2022,87108,3,"Marzo",87.108
"4756","GUAYAS","EL EMPALME",9,908,2022,87108,4,"Abril",87.108
"4757","GUAYAS","EL EMPALME",9,908,2022,87108,5,"Mayo",87.108
"4758","GUAYAS","EL EMPALME",9,908,2022,87108,6,"Junio",87.108
"4759","GUAYAS","EL EMPALME",9,908,2022,87108,7,"Julio",87.108
"4760","GUAYAS","EL EMPALME",9,908,2022,87108,8,"Agosto",87.108
"4761","GUAYAS","EL EMPALME",9,908,2022,87108,9,"Septiembre",87.108
"4762","GUAYAS","EL EMPALME",9,908,2022,87108,10,"Octubre",87.108
"4763","GUAYAS","EL EMPALME",9,908,2022,87108,11,"Noviembre",87.108
"4764","GUAYAS","EL EMPALME",9,908,2022,87108,12,"Diciembre",87.108
"4765","GUAYAS","EL EMPALME",9,908,2023,87177,1,"Enero",87.177
"4766","GUAYAS","EL EMPALME",9,908,2023,87177,2,"Febrero",87.177
"4767","GUAYAS","EL EMPALME",9,908,2023,87177,3,"Marzo",87.177
"4768","GUAYAS","EL EMPALME",9,908,2023,87177,4,"Abril",87.177
"4769","GUAYAS","EL EMPALME",9,908,2023,87177,5,"Mayo",87.177
"4770","GUAYAS","EL EMPALME",9,908,2023,87177,6,"Junio",87.177
"4771","GUAYAS","EL EMPALME",9,908,2023,87177,7,"Julio",87.177
"4772","GUAYAS","EL EMPALME",9,908,2023,87177,8,"Agosto",87.177
"4773","GUAYAS","EL EMPALME",9,908,2023,87177,9,"Septiembre",87.177
"4774","GUAYAS","EL EMPALME",9,908,2023,87177,10,"Octubre",87.177
"4775","GUAYAS","EL EMPALME",9,908,2023,87177,11,"Noviembre",87.177
"4776","GUAYAS","EL EMPALME",9,908,2023,87177,12,"Diciembre",87.177
"4777","GUAYAS","EL EMPALME",9,908,2024,87331,1,"Enero",87.331
"4778","GUAYAS","EL EMPALME",9,908,2024,87331,2,"Febrero",87.331
"4779","GUAYAS","EL EMPALME",9,908,2024,87331,3,"Marzo",87.331
"4780","GUAYAS","EL EMPALME",9,908,2024,87331,4,"Abril",87.331
"4781","GUAYAS","EL EMPALME",9,908,2024,87331,5,"Mayo",87.331
"4782","GUAYAS","EL EMPALME",9,908,2024,87331,6,"Junio",87.331
"4783","GUAYAS","EL EMPALME",9,908,2024,87331,7,"Julio",87.331
"4784","GUAYAS","EL EMPALME",9,908,2024,87331,8,"Agosto",87.331
"4785","GUAYAS","EL EMPALME",9,908,2024,87331,9,"Septiembre",87.331
"4786","GUAYAS","EL EMPALME",9,908,2024,87331,10,"Octubre",87.331
"4787","GUAYAS","EL EMPALME",9,908,2024,87331,11,"Noviembre",87.331
"4788","GUAYAS","EL EMPALME",9,908,2024,87331,12,"Diciembre",87.331
"4789","GUAYAS","EL EMPALME",9,908,2025,87521,1,"Enero",87.521
"4790","GUAYAS","EL EMPALME",9,908,2025,87521,2,"Febrero",87.521
"4791","GUAYAS","EL EMPALME",9,908,2025,87521,3,"Marzo",87.521
"4792","GUAYAS","EL EMPALME",9,908,2025,87521,4,"Abril",87.521
"4793","GUAYAS","EL EMPALME",9,908,2025,87521,5,"Mayo",87.521
"4794","GUAYAS","EL EMPALME",9,908,2025,87521,6,"Junio",87.521
"4795","GUAYAS","EL EMPALME",9,908,2025,87521,7,"Julio",87.521
"4796","GUAYAS","EL EMPALME",9,908,2025,87521,8,"Agosto",87.521
"4797","GUAYAS","EL EMPALME",9,908,2025,87521,9,"Septiembre",87.521
"4798","GUAYAS","EL EMPALME",9,908,2025,87521,10,"Octubre",87.521
"4799","GUAYAS","EL EMPALME",9,908,2025,87521,11,"Noviembre",87.521
"4800","GUAYAS","EL EMPALME",9,908,2025,87521,12,"Diciembre",87.521
"4801","GUAYAS","EL TRIUNFO",9,909,2021,63117,1,"Enero",63.117
"4802","GUAYAS","EL TRIUNFO",9,909,2021,63117,2,"Febrero",63.117
"4803","GUAYAS","EL TRIUNFO",9,909,2021,63117,3,"Marzo",63.117
"4804","GUAYAS","EL TRIUNFO",9,909,2021,63117,4,"Abril",63.117
"4805","GUAYAS","EL TRIUNFO",9,909,2021,63117,5,"Mayo",63.117
"4806","GUAYAS","EL TRIUNFO",9,909,2021,63117,6,"Junio",63.117
"4807","GUAYAS","EL TRIUNFO",9,909,2021,63117,7,"Julio",63.117
"4808","GUAYAS","EL TRIUNFO",9,909,2021,63117,8,"Agosto",63.117
"4809","GUAYAS","EL TRIUNFO",9,909,2021,63117,9,"Septiembre",63.117
"4810","GUAYAS","EL TRIUNFO",9,909,2021,63117,10,"Octubre",63.117
"4811","GUAYAS","EL TRIUNFO",9,909,2021,63117,11,"Noviembre",63.117
"4812","GUAYAS","EL TRIUNFO",9,909,2021,63117,12,"Diciembre",63.117
"4813","GUAYAS","EL TRIUNFO",9,909,2022,63577,1,"Enero",63.577
"4814","GUAYAS","EL TRIUNFO",9,909,2022,63577,2,"Febrero",63.577
"4815","GUAYAS","EL TRIUNFO",9,909,2022,63577,3,"Marzo",63.577
"4816","GUAYAS","EL TRIUNFO",9,909,2022,63577,4,"Abril",63.577
"4817","GUAYAS","EL TRIUNFO",9,909,2022,63577,5,"Mayo",63.577
"4818","GUAYAS","EL TRIUNFO",9,909,2022,63577,6,"Junio",63.577
"4819","GUAYAS","EL TRIUNFO",9,909,2022,63577,7,"Julio",63.577
"4820","GUAYAS","EL TRIUNFO",9,909,2022,63577,8,"Agosto",63.577
"4821","GUAYAS","EL TRIUNFO",9,909,2022,63577,9,"Septiembre",63.577
"4822","GUAYAS","EL TRIUNFO",9,909,2022,63577,10,"Octubre",63.577
"4823","GUAYAS","EL TRIUNFO",9,909,2022,63577,11,"Noviembre",63.577
"4824","GUAYAS","EL TRIUNFO",9,909,2022,63577,12,"Diciembre",63.577
"4825","GUAYAS","EL TRIUNFO",9,909,2023,64112,1,"Enero",64.112
"4826","GUAYAS","EL TRIUNFO",9,909,2023,64112,2,"Febrero",64.112
"4827","GUAYAS","EL TRIUNFO",9,909,2023,64112,3,"Marzo",64.112
"4828","GUAYAS","EL TRIUNFO",9,909,2023,64112,4,"Abril",64.112
"4829","GUAYAS","EL TRIUNFO",9,909,2023,64112,5,"Mayo",64.112
"4830","GUAYAS","EL TRIUNFO",9,909,2023,64112,6,"Junio",64.112
"4831","GUAYAS","EL TRIUNFO",9,909,2023,64112,7,"Julio",64.112
"4832","GUAYAS","EL TRIUNFO",9,909,2023,64112,8,"Agosto",64.112
"4833","GUAYAS","EL TRIUNFO",9,909,2023,64112,9,"Septiembre",64.112
"4834","GUAYAS","EL TRIUNFO",9,909,2023,64112,10,"Octubre",64.112
"4835","GUAYAS","EL TRIUNFO",9,909,2023,64112,11,"Noviembre",64.112
"4836","GUAYAS","EL TRIUNFO",9,909,2023,64112,12,"Diciembre",64.112
"4837","GUAYAS","EL TRIUNFO",9,909,2024,64682,1,"Enero",64.682
"4838","GUAYAS","EL TRIUNFO",9,909,2024,64682,2,"Febrero",64.682
"4839","GUAYAS","EL TRIUNFO",9,909,2024,64682,3,"Marzo",64.682
"4840","GUAYAS","EL TRIUNFO",9,909,2024,64682,4,"Abril",64.682
"4841","GUAYAS","EL TRIUNFO",9,909,2024,64682,5,"Mayo",64.682
"4842","GUAYAS","EL TRIUNFO",9,909,2024,64682,6,"Junio",64.682
"4843","GUAYAS","EL TRIUNFO",9,909,2024,64682,7,"Julio",64.682
"4844","GUAYAS","EL TRIUNFO",9,909,2024,64682,8,"Agosto",64.682
"4845","GUAYAS","EL TRIUNFO",9,909,2024,64682,9,"Septiembre",64.682
"4846","GUAYAS","EL TRIUNFO",9,909,2024,64682,10,"Octubre",64.682
"4847","GUAYAS","EL TRIUNFO",9,909,2024,64682,11,"Noviembre",64.682
"4848","GUAYAS","EL TRIUNFO",9,909,2024,64682,12,"Diciembre",64.682
"4849","GUAYAS","EL TRIUNFO",9,909,2025,65252,1,"Enero",65.252
"4850","GUAYAS","EL TRIUNFO",9,909,2025,65252,2,"Febrero",65.252
"4851","GUAYAS","EL TRIUNFO",9,909,2025,65252,3,"Marzo",65.252
"4852","GUAYAS","EL TRIUNFO",9,909,2025,65252,4,"Abril",65.252
"4853","GUAYAS","EL TRIUNFO",9,909,2025,65252,5,"Mayo",65.252
"4854","GUAYAS","EL TRIUNFO",9,909,2025,65252,6,"Junio",65.252
"4855","GUAYAS","EL TRIUNFO",9,909,2025,65252,7,"Julio",65.252
"4856","GUAYAS","EL TRIUNFO",9,909,2025,65252,8,"Agosto",65.252
"4857","GUAYAS","EL TRIUNFO",9,909,2025,65252,9,"Septiembre",65.252
"4858","GUAYAS","EL TRIUNFO",9,909,2025,65252,10,"Octubre",65.252
"4859","GUAYAS","EL TRIUNFO",9,909,2025,65252,11,"Noviembre",65.252
"4860","GUAYAS","EL TRIUNFO",9,909,2025,65252,12,"Diciembre",65.252
"4861","GUAYAS","MILAGRO",9,910,2021,210359,1,"Enero",210.359
"4862","GUAYAS","MILAGRO",9,910,2021,210359,2,"Febrero",210.359
"4863","GUAYAS","MILAGRO",9,910,2021,210359,3,"Marzo",210.359
"4864","GUAYAS","MILAGRO",9,910,2021,210359,4,"Abril",210.359
"4865","GUAYAS","MILAGRO",9,910,2021,210359,5,"Mayo",210.359
"4866","GUAYAS","MILAGRO",9,910,2021,210359,6,"Junio",210.359
"4867","GUAYAS","MILAGRO",9,910,2021,210359,7,"Julio",210.359
"4868","GUAYAS","MILAGRO",9,910,2021,210359,8,"Agosto",210.359
"4869","GUAYAS","MILAGRO",9,910,2021,210359,9,"Septiembre",210.359
"4870","GUAYAS","MILAGRO",9,910,2021,210359,10,"Octubre",210.359
"4871","GUAYAS","MILAGRO",9,910,2021,210359,11,"Noviembre",210.359
"4872","GUAYAS","MILAGRO",9,910,2021,210359,12,"Diciembre",210.359
"4873","GUAYAS","MILAGRO",9,910,2022,211848,1,"Enero",211.848
"4874","GUAYAS","MILAGRO",9,910,2022,211848,2,"Febrero",211.848
"4875","GUAYAS","MILAGRO",9,910,2022,211848,3,"Marzo",211.848
"4876","GUAYAS","MILAGRO",9,910,2022,211848,4,"Abril",211.848
"4877","GUAYAS","MILAGRO",9,910,2022,211848,5,"Mayo",211.848
"4878","GUAYAS","MILAGRO",9,910,2022,211848,6,"Junio",211.848
"4879","GUAYAS","MILAGRO",9,910,2022,211848,7,"Julio",211.848
"4880","GUAYAS","MILAGRO",9,910,2022,211848,8,"Agosto",211.848
"4881","GUAYAS","MILAGRO",9,910,2022,211848,9,"Septiembre",211.848
"4882","GUAYAS","MILAGRO",9,910,2022,211848,10,"Octubre",211.848
"4883","GUAYAS","MILAGRO",9,910,2022,211848,11,"Noviembre",211.848
"4884","GUAYAS","MILAGRO",9,910,2022,211848,12,"Diciembre",211.848
"4885","GUAYAS","MILAGRO",9,910,2023,213587,1,"Enero",213.587
"4886","GUAYAS","MILAGRO",9,910,2023,213587,2,"Febrero",213.587
"4887","GUAYAS","MILAGRO",9,910,2023,213587,3,"Marzo",213.587
"4888","GUAYAS","MILAGRO",9,910,2023,213587,4,"Abril",213.587
"4889","GUAYAS","MILAGRO",9,910,2023,213587,5,"Mayo",213.587
"4890","GUAYAS","MILAGRO",9,910,2023,213587,6,"Junio",213.587
"4891","GUAYAS","MILAGRO",9,910,2023,213587,7,"Julio",213.587
"4892","GUAYAS","MILAGRO",9,910,2023,213587,8,"Agosto",213.587
"4893","GUAYAS","MILAGRO",9,910,2023,213587,9,"Septiembre",213.587
"4894","GUAYAS","MILAGRO",9,910,2023,213587,10,"Octubre",213.587
"4895","GUAYAS","MILAGRO",9,910,2023,213587,11,"Noviembre",213.587
"4896","GUAYAS","MILAGRO",9,910,2023,213587,12,"Diciembre",213.587
"4897","GUAYAS","MILAGRO",9,910,2024,215447,1,"Enero",215.447
"4898","GUAYAS","MILAGRO",9,910,2024,215447,2,"Febrero",215.447
"4899","GUAYAS","MILAGRO",9,910,2024,215447,3,"Marzo",215.447
"4900","GUAYAS","MILAGRO",9,910,2024,215447,4,"Abril",215.447
"4901","GUAYAS","MILAGRO",9,910,2024,215447,5,"Mayo",215.447
"4902","GUAYAS","MILAGRO",9,910,2024,215447,6,"Junio",215.447
"4903","GUAYAS","MILAGRO",9,910,2024,215447,7,"Julio",215.447
"4904","GUAYAS","MILAGRO",9,910,2024,215447,8,"Agosto",215.447
"4905","GUAYAS","MILAGRO",9,910,2024,215447,9,"Septiembre",215.447
"4906","GUAYAS","MILAGRO",9,910,2024,215447,10,"Octubre",215.447
"4907","GUAYAS","MILAGRO",9,910,2024,215447,11,"Noviembre",215.447
"4908","GUAYAS","MILAGRO",9,910,2024,215447,12,"Diciembre",215.447
"4909","GUAYAS","MILAGRO",9,910,2025,217302,1,"Enero",217.302
"4910","GUAYAS","MILAGRO",9,910,2025,217302,2,"Febrero",217.302
"4911","GUAYAS","MILAGRO",9,910,2025,217302,3,"Marzo",217.302
"4912","GUAYAS","MILAGRO",9,910,2025,217302,4,"Abril",217.302
"4913","GUAYAS","MILAGRO",9,910,2025,217302,5,"Mayo",217.302
"4914","GUAYAS","MILAGRO",9,910,2025,217302,6,"Junio",217.302
"4915","GUAYAS","MILAGRO",9,910,2025,217302,7,"Julio",217.302
"4916","GUAYAS","MILAGRO",9,910,2025,217302,8,"Agosto",217.302
"4917","GUAYAS","MILAGRO",9,910,2025,217302,9,"Septiembre",217.302
"4918","GUAYAS","MILAGRO",9,910,2025,217302,10,"Octubre",217.302
"4919","GUAYAS","MILAGRO",9,910,2025,217302,11,"Noviembre",217.302
"4920","GUAYAS","MILAGRO",9,910,2025,217302,12,"Diciembre",217.302
"4921","GUAYAS","NARANJAL",9,911,2021,89016,1,"Enero",89.016
"4922","GUAYAS","NARANJAL",9,911,2021,89016,2,"Febrero",89.016
"4923","GUAYAS","NARANJAL",9,911,2021,89016,3,"Marzo",89.016
"4924","GUAYAS","NARANJAL",9,911,2021,89016,4,"Abril",89.016
"4925","GUAYAS","NARANJAL",9,911,2021,89016,5,"Mayo",89.016
"4926","GUAYAS","NARANJAL",9,911,2021,89016,6,"Junio",89.016
"4927","GUAYAS","NARANJAL",9,911,2021,89016,7,"Julio",89.016
"4928","GUAYAS","NARANJAL",9,911,2021,89016,8,"Agosto",89.016
"4929","GUAYAS","NARANJAL",9,911,2021,89016,9,"Septiembre",89.016
"4930","GUAYAS","NARANJAL",9,911,2021,89016,10,"Octubre",89.016
"4931","GUAYAS","NARANJAL",9,911,2021,89016,11,"Noviembre",89.016
"4932","GUAYAS","NARANJAL",9,911,2021,89016,12,"Diciembre",89.016
"4933","GUAYAS","NARANJAL",9,911,2022,89898,1,"Enero",89.898
"4934","GUAYAS","NARANJAL",9,911,2022,89898,2,"Febrero",89.898
"4935","GUAYAS","NARANJAL",9,911,2022,89898,3,"Marzo",89.898
"4936","GUAYAS","NARANJAL",9,911,2022,89898,4,"Abril",89.898
"4937","GUAYAS","NARANJAL",9,911,2022,89898,5,"Mayo",89.898
"4938","GUAYAS","NARANJAL",9,911,2022,89898,6,"Junio",89.898
"4939","GUAYAS","NARANJAL",9,911,2022,89898,7,"Julio",89.898
"4940","GUAYAS","NARANJAL",9,911,2022,89898,8,"Agosto",89.898
"4941","GUAYAS","NARANJAL",9,911,2022,89898,9,"Septiembre",89.898
"4942","GUAYAS","NARANJAL",9,911,2022,89898,10,"Octubre",89.898
"4943","GUAYAS","NARANJAL",9,911,2022,89898,11,"Noviembre",89.898
"4944","GUAYAS","NARANJAL",9,911,2022,89898,12,"Diciembre",89.898
"4945","GUAYAS","NARANJAL",9,911,2023,90889,1,"Enero",90.889
"4946","GUAYAS","NARANJAL",9,911,2023,90889,2,"Febrero",90.889
"4947","GUAYAS","NARANJAL",9,911,2023,90889,3,"Marzo",90.889
"4948","GUAYAS","NARANJAL",9,911,2023,90889,4,"Abril",90.889
"4949","GUAYAS","NARANJAL",9,911,2023,90889,5,"Mayo",90.889
"4950","GUAYAS","NARANJAL",9,911,2023,90889,6,"Junio",90.889
"4951","GUAYAS","NARANJAL",9,911,2023,90889,7,"Julio",90.889
"4952","GUAYAS","NARANJAL",9,911,2023,90889,8,"Agosto",90.889
"4953","GUAYAS","NARANJAL",9,911,2023,90889,9,"Septiembre",90.889
"4954","GUAYAS","NARANJAL",9,911,2023,90889,10,"Octubre",90.889
"4955","GUAYAS","NARANJAL",9,911,2023,90889,11,"Noviembre",90.889
"4956","GUAYAS","NARANJAL",9,911,2023,90889,12,"Diciembre",90.889
"4957","GUAYAS","NARANJAL",9,911,2024,91937,1,"Enero",91.937
"4958","GUAYAS","NARANJAL",9,911,2024,91937,2,"Febrero",91.937
"4959","GUAYAS","NARANJAL",9,911,2024,91937,3,"Marzo",91.937
"4960","GUAYAS","NARANJAL",9,911,2024,91937,4,"Abril",91.937
"4961","GUAYAS","NARANJAL",9,911,2024,91937,5,"Mayo",91.937
"4962","GUAYAS","NARANJAL",9,911,2024,91937,6,"Junio",91.937
"4963","GUAYAS","NARANJAL",9,911,2024,91937,7,"Julio",91.937
"4964","GUAYAS","NARANJAL",9,911,2024,91937,8,"Agosto",91.937
"4965","GUAYAS","NARANJAL",9,911,2024,91937,9,"Septiembre",91.937
"4966","GUAYAS","NARANJAL",9,911,2024,91937,10,"Octubre",91.937
"4967","GUAYAS","NARANJAL",9,911,2024,91937,11,"Noviembre",91.937
"4968","GUAYAS","NARANJAL",9,911,2024,91937,12,"Diciembre",91.937
"4969","GUAYAS","NARANJAL",9,911,2025,92986,1,"Enero",92.986
"4970","GUAYAS","NARANJAL",9,911,2025,92986,2,"Febrero",92.986
"4971","GUAYAS","NARANJAL",9,911,2025,92986,3,"Marzo",92.986
"4972","GUAYAS","NARANJAL",9,911,2025,92986,4,"Abril",92.986
"4973","GUAYAS","NARANJAL",9,911,2025,92986,5,"Mayo",92.986
"4974","GUAYAS","NARANJAL",9,911,2025,92986,6,"Junio",92.986
"4975","GUAYAS","NARANJAL",9,911,2025,92986,7,"Julio",92.986
"4976","GUAYAS","NARANJAL",9,911,2025,92986,8,"Agosto",92.986
"4977","GUAYAS","NARANJAL",9,911,2025,92986,9,"Septiembre",92.986
"4978","GUAYAS","NARANJAL",9,911,2025,92986,10,"Octubre",92.986
"4979","GUAYAS","NARANJAL",9,911,2025,92986,11,"Noviembre",92.986
"4980","GUAYAS","NARANJAL",9,911,2025,92986,12,"Diciembre",92.986
"4981","GUAYAS","NARANJITO",9,912,2021,46796,1,"Enero",46.796
"4982","GUAYAS","NARANJITO",9,912,2021,46796,2,"Febrero",46.796
"4983","GUAYAS","NARANJITO",9,912,2021,46796,3,"Marzo",46.796
"4984","GUAYAS","NARANJITO",9,912,2021,46796,4,"Abril",46.796
"4985","GUAYAS","NARANJITO",9,912,2021,46796,5,"Mayo",46.796
"4986","GUAYAS","NARANJITO",9,912,2021,46796,6,"Junio",46.796
"4987","GUAYAS","NARANJITO",9,912,2021,46796,7,"Julio",46.796
"4988","GUAYAS","NARANJITO",9,912,2021,46796,8,"Agosto",46.796
"4989","GUAYAS","NARANJITO",9,912,2021,46796,9,"Septiembre",46.796
"4990","GUAYAS","NARANJITO",9,912,2021,46796,10,"Octubre",46.796
"4991","GUAYAS","NARANJITO",9,912,2021,46796,11,"Noviembre",46.796
"4992","GUAYAS","NARANJITO",9,912,2021,46796,12,"Diciembre",46.796
"4993","GUAYAS","NARANJITO",9,912,2022,47097,1,"Enero",47.097
"4994","GUAYAS","NARANJITO",9,912,2022,47097,2,"Febrero",47.097
"4995","GUAYAS","NARANJITO",9,912,2022,47097,3,"Marzo",47.097
"4996","GUAYAS","NARANJITO",9,912,2022,47097,4,"Abril",47.097
"4997","GUAYAS","NARANJITO",9,912,2022,47097,5,"Mayo",47.097
"4998","GUAYAS","NARANJITO",9,912,2022,47097,6,"Junio",47.097
"4999","GUAYAS","NARANJITO",9,912,2022,47097,7,"Julio",47.097
"5000","GUAYAS","NARANJITO",9,912,2022,47097,8,"Agosto",47.097
"5001","GUAYAS","NARANJITO",9,912,2022,47097,9,"Septiembre",47.097
"5002","GUAYAS","NARANJITO",9,912,2022,47097,10,"Octubre",47.097
"5003","GUAYAS","NARANJITO",9,912,2022,47097,11,"Noviembre",47.097
"5004","GUAYAS","NARANJITO",9,912,2022,47097,12,"Diciembre",47.097
"5005","GUAYAS","NARANJITO",9,912,2023,47453,1,"Enero",47.453
"5006","GUAYAS","NARANJITO",9,912,2023,47453,2,"Febrero",47.453
"5007","GUAYAS","NARANJITO",9,912,2023,47453,3,"Marzo",47.453
"5008","GUAYAS","NARANJITO",9,912,2023,47453,4,"Abril",47.453
"5009","GUAYAS","NARANJITO",9,912,2023,47453,5,"Mayo",47.453
"5010","GUAYAS","NARANJITO",9,912,2023,47453,6,"Junio",47.453
"5011","GUAYAS","NARANJITO",9,912,2023,47453,7,"Julio",47.453
"5012","GUAYAS","NARANJITO",9,912,2023,47453,8,"Agosto",47.453
"5013","GUAYAS","NARANJITO",9,912,2023,47453,9,"Septiembre",47.453
"5014","GUAYAS","NARANJITO",9,912,2023,47453,10,"Octubre",47.453
"5015","GUAYAS","NARANJITO",9,912,2023,47453,11,"Noviembre",47.453
"5016","GUAYAS","NARANJITO",9,912,2023,47453,12,"Diciembre",47.453
"5017","GUAYAS","NARANJITO",9,912,2024,47836,1,"Enero",47.836
"5018","GUAYAS","NARANJITO",9,912,2024,47836,2,"Febrero",47.836
"5019","GUAYAS","NARANJITO",9,912,2024,47836,3,"Marzo",47.836
"5020","GUAYAS","NARANJITO",9,912,2024,47836,4,"Abril",47.836
"5021","GUAYAS","NARANJITO",9,912,2024,47836,5,"Mayo",47.836
"5022","GUAYAS","NARANJITO",9,912,2024,47836,6,"Junio",47.836
"5023","GUAYAS","NARANJITO",9,912,2024,47836,7,"Julio",47.836
"5024","GUAYAS","NARANJITO",9,912,2024,47836,8,"Agosto",47.836
"5025","GUAYAS","NARANJITO",9,912,2024,47836,9,"Septiembre",47.836
"5026","GUAYAS","NARANJITO",9,912,2024,47836,10,"Octubre",47.836
"5027","GUAYAS","NARANJITO",9,912,2024,47836,11,"Noviembre",47.836
"5028","GUAYAS","NARANJITO",9,912,2024,47836,12,"Diciembre",47.836
"5029","GUAYAS","NARANJITO",9,912,2025,48219,1,"Enero",48.219
"5030","GUAYAS","NARANJITO",9,912,2025,48219,2,"Febrero",48.219
"5031","GUAYAS","NARANJITO",9,912,2025,48219,3,"Marzo",48.219
"5032","GUAYAS","NARANJITO",9,912,2025,48219,4,"Abril",48.219
"5033","GUAYAS","NARANJITO",9,912,2025,48219,5,"Mayo",48.219
"5034","GUAYAS","NARANJITO",9,912,2025,48219,6,"Junio",48.219
"5035","GUAYAS","NARANJITO",9,912,2025,48219,7,"Julio",48.219
"5036","GUAYAS","NARANJITO",9,912,2025,48219,8,"Agosto",48.219
"5037","GUAYAS","NARANJITO",9,912,2025,48219,9,"Septiembre",48.219
"5038","GUAYAS","NARANJITO",9,912,2025,48219,10,"Octubre",48.219
"5039","GUAYAS","NARANJITO",9,912,2025,48219,11,"Noviembre",48.219
"5040","GUAYAS","NARANJITO",9,912,2025,48219,12,"Diciembre",48.219
"5041","GUAYAS","PALESTINA",9,913,2021,18883,1,"Enero",18.883
"5042","GUAYAS","PALESTINA",9,913,2021,18883,2,"Febrero",18.883
"5043","GUAYAS","PALESTINA",9,913,2021,18883,3,"Marzo",18.883
"5044","GUAYAS","PALESTINA",9,913,2021,18883,4,"Abril",18.883
"5045","GUAYAS","PALESTINA",9,913,2021,18883,5,"Mayo",18.883
"5046","GUAYAS","PALESTINA",9,913,2021,18883,6,"Junio",18.883
"5047","GUAYAS","PALESTINA",9,913,2021,18883,7,"Julio",18.883
"5048","GUAYAS","PALESTINA",9,913,2021,18883,8,"Agosto",18.883
"5049","GUAYAS","PALESTINA",9,913,2021,18883,9,"Septiembre",18.883
"5050","GUAYAS","PALESTINA",9,913,2021,18883,10,"Octubre",18.883
"5051","GUAYAS","PALESTINA",9,913,2021,18883,11,"Noviembre",18.883
"5052","GUAYAS","PALESTINA",9,913,2021,18883,12,"Diciembre",18.883
"5053","GUAYAS","PALESTINA",9,913,2022,18930,1,"Enero",18.93
"5054","GUAYAS","PALESTINA",9,913,2022,18930,2,"Febrero",18.93
"5055","GUAYAS","PALESTINA",9,913,2022,18930,3,"Marzo",18.93
"5056","GUAYAS","PALESTINA",9,913,2022,18930,4,"Abril",18.93
"5057","GUAYAS","PALESTINA",9,913,2022,18930,5,"Mayo",18.93
"5058","GUAYAS","PALESTINA",9,913,2022,18930,6,"Junio",18.93
"5059","GUAYAS","PALESTINA",9,913,2022,18930,7,"Julio",18.93
"5060","GUAYAS","PALESTINA",9,913,2022,18930,8,"Agosto",18.93
"5061","GUAYAS","PALESTINA",9,913,2022,18930,9,"Septiembre",18.93
"5062","GUAYAS","PALESTINA",9,913,2022,18930,10,"Octubre",18.93
"5063","GUAYAS","PALESTINA",9,913,2022,18930,11,"Noviembre",18.93
"5064","GUAYAS","PALESTINA",9,913,2022,18930,12,"Diciembre",18.93
"5065","GUAYAS","PALESTINA",9,913,2023,19001,1,"Enero",19.001
"5066","GUAYAS","PALESTINA",9,913,2023,19001,2,"Febrero",19.001
"5067","GUAYAS","PALESTINA",9,913,2023,19001,3,"Marzo",19.001
"5068","GUAYAS","PALESTINA",9,913,2023,19001,4,"Abril",19.001
"5069","GUAYAS","PALESTINA",9,913,2023,19001,5,"Mayo",19.001
"5070","GUAYAS","PALESTINA",9,913,2023,19001,6,"Junio",19.001
"5071","GUAYAS","PALESTINA",9,913,2023,19001,7,"Julio",19.001
"5072","GUAYAS","PALESTINA",9,913,2023,19001,8,"Agosto",19.001
"5073","GUAYAS","PALESTINA",9,913,2023,19001,9,"Septiembre",19.001
"5074","GUAYAS","PALESTINA",9,913,2023,19001,10,"Octubre",19.001
"5075","GUAYAS","PALESTINA",9,913,2023,19001,11,"Noviembre",19.001
"5076","GUAYAS","PALESTINA",9,913,2023,19001,12,"Diciembre",19.001
"5077","GUAYAS","PALESTINA",9,913,2024,19085,1,"Enero",19.085
"5078","GUAYAS","PALESTINA",9,913,2024,19085,2,"Febrero",19.085
"5079","GUAYAS","PALESTINA",9,913,2024,19085,3,"Marzo",19.085
"5080","GUAYAS","PALESTINA",9,913,2024,19085,4,"Abril",19.085
"5081","GUAYAS","PALESTINA",9,913,2024,19085,5,"Mayo",19.085
"5082","GUAYAS","PALESTINA",9,913,2024,19085,6,"Junio",19.085
"5083","GUAYAS","PALESTINA",9,913,2024,19085,7,"Julio",19.085
"5084","GUAYAS","PALESTINA",9,913,2024,19085,8,"Agosto",19.085
"5085","GUAYAS","PALESTINA",9,913,2024,19085,9,"Septiembre",19.085
"5086","GUAYAS","PALESTINA",9,913,2024,19085,10,"Octubre",19.085
"5087","GUAYAS","PALESTINA",9,913,2024,19085,11,"Noviembre",19.085
"5088","GUAYAS","PALESTINA",9,913,2024,19085,12,"Diciembre",19.085
"5089","GUAYAS","PALESTINA",9,913,2025,19171,1,"Enero",19.171
"5090","GUAYAS","PALESTINA",9,913,2025,19171,2,"Febrero",19.171
"5091","GUAYAS","PALESTINA",9,913,2025,19171,3,"Marzo",19.171
"5092","GUAYAS","PALESTINA",9,913,2025,19171,4,"Abril",19.171
"5093","GUAYAS","PALESTINA",9,913,2025,19171,5,"Mayo",19.171
"5094","GUAYAS","PALESTINA",9,913,2025,19171,6,"Junio",19.171
"5095","GUAYAS","PALESTINA",9,913,2025,19171,7,"Julio",19.171
"5096","GUAYAS","PALESTINA",9,913,2025,19171,8,"Agosto",19.171
"5097","GUAYAS","PALESTINA",9,913,2025,19171,9,"Septiembre",19.171
"5098","GUAYAS","PALESTINA",9,913,2025,19171,10,"Octubre",19.171
"5099","GUAYAS","PALESTINA",9,913,2025,19171,11,"Noviembre",19.171
"5100","GUAYAS","PALESTINA",9,913,2025,19171,12,"Diciembre",19.171
"5101","GUAYAS","PEDRO CARBO",9,914,2021,54520,1,"Enero",54.52
"5102","GUAYAS","PEDRO CARBO",9,914,2021,54520,2,"Febrero",54.52
"5103","GUAYAS","PEDRO CARBO",9,914,2021,54520,3,"Marzo",54.52
"5104","GUAYAS","PEDRO CARBO",9,914,2021,54520,4,"Abril",54.52
"5105","GUAYAS","PEDRO CARBO",9,914,2021,54520,5,"Mayo",54.52
"5106","GUAYAS","PEDRO CARBO",9,914,2021,54520,6,"Junio",54.52
"5107","GUAYAS","PEDRO CARBO",9,914,2021,54520,7,"Julio",54.52
"5108","GUAYAS","PEDRO CARBO",9,914,2021,54520,8,"Agosto",54.52
"5109","GUAYAS","PEDRO CARBO",9,914,2021,54520,9,"Septiembre",54.52
"5110","GUAYAS","PEDRO CARBO",9,914,2021,54520,10,"Octubre",54.52
"5111","GUAYAS","PEDRO CARBO",9,914,2021,54520,11,"Noviembre",54.52
"5112","GUAYAS","PEDRO CARBO",9,914,2021,54520,12,"Diciembre",54.52
"5113","GUAYAS","PEDRO CARBO",9,914,2022,55054,1,"Enero",55.054
"5114","GUAYAS","PEDRO CARBO",9,914,2022,55054,2,"Febrero",55.054
"5115","GUAYAS","PEDRO CARBO",9,914,2022,55054,3,"Marzo",55.054
"5116","GUAYAS","PEDRO CARBO",9,914,2022,55054,4,"Abril",55.054
"5117","GUAYAS","PEDRO CARBO",9,914,2022,55054,5,"Mayo",55.054
"5118","GUAYAS","PEDRO CARBO",9,914,2022,55054,6,"Junio",55.054
"5119","GUAYAS","PEDRO CARBO",9,914,2022,55054,7,"Julio",55.054
"5120","GUAYAS","PEDRO CARBO",9,914,2022,55054,8,"Agosto",55.054
"5121","GUAYAS","PEDRO CARBO",9,914,2022,55054,9,"Septiembre",55.054
"5122","GUAYAS","PEDRO CARBO",9,914,2022,55054,10,"Octubre",55.054
"5123","GUAYAS","PEDRO CARBO",9,914,2022,55054,11,"Noviembre",55.054
"5124","GUAYAS","PEDRO CARBO",9,914,2022,55054,12,"Diciembre",55.054
"5125","GUAYAS","PEDRO CARBO",9,914,2023,55654,1,"Enero",55.654
"5126","GUAYAS","PEDRO CARBO",9,914,2023,55654,2,"Febrero",55.654
"5127","GUAYAS","PEDRO CARBO",9,914,2023,55654,3,"Marzo",55.654
"5128","GUAYAS","PEDRO CARBO",9,914,2023,55654,4,"Abril",55.654
"5129","GUAYAS","PEDRO CARBO",9,914,2023,55654,5,"Mayo",55.654
"5130","GUAYAS","PEDRO CARBO",9,914,2023,55654,6,"Junio",55.654
"5131","GUAYAS","PEDRO CARBO",9,914,2023,55654,7,"Julio",55.654
"5132","GUAYAS","PEDRO CARBO",9,914,2023,55654,8,"Agosto",55.654
"5133","GUAYAS","PEDRO CARBO",9,914,2023,55654,9,"Septiembre",55.654
"5134","GUAYAS","PEDRO CARBO",9,914,2023,55654,10,"Octubre",55.654
"5135","GUAYAS","PEDRO CARBO",9,914,2023,55654,11,"Noviembre",55.654
"5136","GUAYAS","PEDRO CARBO",9,914,2023,55654,12,"Diciembre",55.654
"5137","GUAYAS","PEDRO CARBO",9,914,2024,56289,1,"Enero",56.289
"5138","GUAYAS","PEDRO CARBO",9,914,2024,56289,2,"Febrero",56.289
"5139","GUAYAS","PEDRO CARBO",9,914,2024,56289,3,"Marzo",56.289
"5140","GUAYAS","PEDRO CARBO",9,914,2024,56289,4,"Abril",56.289
"5141","GUAYAS","PEDRO CARBO",9,914,2024,56289,5,"Mayo",56.289
"5142","GUAYAS","PEDRO CARBO",9,914,2024,56289,6,"Junio",56.289
"5143","GUAYAS","PEDRO CARBO",9,914,2024,56289,7,"Julio",56.289
"5144","GUAYAS","PEDRO CARBO",9,914,2024,56289,8,"Agosto",56.289
"5145","GUAYAS","PEDRO CARBO",9,914,2024,56289,9,"Septiembre",56.289
"5146","GUAYAS","PEDRO CARBO",9,914,2024,56289,10,"Octubre",56.289
"5147","GUAYAS","PEDRO CARBO",9,914,2024,56289,11,"Noviembre",56.289
"5148","GUAYAS","PEDRO CARBO",9,914,2024,56289,12,"Diciembre",56.289
"5149","GUAYAS","PEDRO CARBO",9,914,2025,56925,1,"Enero",56.925
"5150","GUAYAS","PEDRO CARBO",9,914,2025,56925,2,"Febrero",56.925
"5151","GUAYAS","PEDRO CARBO",9,914,2025,56925,3,"Marzo",56.925
"5152","GUAYAS","PEDRO CARBO",9,914,2025,56925,4,"Abril",56.925
"5153","GUAYAS","PEDRO CARBO",9,914,2025,56925,5,"Mayo",56.925
"5154","GUAYAS","PEDRO CARBO",9,914,2025,56925,6,"Junio",56.925
"5155","GUAYAS","PEDRO CARBO",9,914,2025,56925,7,"Julio",56.925
"5156","GUAYAS","PEDRO CARBO",9,914,2025,56925,8,"Agosto",56.925
"5157","GUAYAS","PEDRO CARBO",9,914,2025,56925,9,"Septiembre",56.925
"5158","GUAYAS","PEDRO CARBO",9,914,2025,56925,10,"Octubre",56.925
"5159","GUAYAS","PEDRO CARBO",9,914,2025,56925,11,"Noviembre",56.925
"5160","GUAYAS","PEDRO CARBO",9,914,2025,56925,12,"Diciembre",56.925
"5161","GUAYAS","SAMBORONDON",9,916,2021,99595,1,"Enero",99.595
"5162","GUAYAS","SAMBORONDON",9,916,2021,99595,2,"Febrero",99.595
"5163","GUAYAS","SAMBORONDON",9,916,2021,99595,3,"Marzo",99.595
"5164","GUAYAS","SAMBORONDON",9,916,2021,99595,4,"Abril",99.595
"5165","GUAYAS","SAMBORONDON",9,916,2021,99595,5,"Mayo",99.595
"5166","GUAYAS","SAMBORONDON",9,916,2021,99595,6,"Junio",99.595
"5167","GUAYAS","SAMBORONDON",9,916,2021,99595,7,"Julio",99.595
"5168","GUAYAS","SAMBORONDON",9,916,2021,99595,8,"Agosto",99.595
"5169","GUAYAS","SAMBORONDON",9,916,2021,99595,9,"Septiembre",99.595
"5170","GUAYAS","SAMBORONDON",9,916,2021,99595,10,"Octubre",99.595
"5171","GUAYAS","SAMBORONDON",9,916,2021,99595,11,"Noviembre",99.595
"5172","GUAYAS","SAMBORONDON",9,916,2021,99595,12,"Diciembre",99.595
"5173","GUAYAS","SAMBORONDON",9,916,2022,102019,1,"Enero",102.019
"5174","GUAYAS","SAMBORONDON",9,916,2022,102019,2,"Febrero",102.019
"5175","GUAYAS","SAMBORONDON",9,916,2022,102019,3,"Marzo",102.019
"5176","GUAYAS","SAMBORONDON",9,916,2022,102019,4,"Abril",102.019
"5177","GUAYAS","SAMBORONDON",9,916,2022,102019,5,"Mayo",102.019
"5178","GUAYAS","SAMBORONDON",9,916,2022,102019,6,"Junio",102.019
"5179","GUAYAS","SAMBORONDON",9,916,2022,102019,7,"Julio",102.019
"5180","GUAYAS","SAMBORONDON",9,916,2022,102019,8,"Agosto",102.019
"5181","GUAYAS","SAMBORONDON",9,916,2022,102019,9,"Septiembre",102.019
"5182","GUAYAS","SAMBORONDON",9,916,2022,102019,10,"Octubre",102.019
"5183","GUAYAS","SAMBORONDON",9,916,2022,102019,11,"Noviembre",102.019
"5184","GUAYAS","SAMBORONDON",9,916,2022,102019,12,"Diciembre",102.019
"5185","GUAYAS","SAMBORONDON",9,916,2023,104484,1,"Enero",104.484
"5186","GUAYAS","SAMBORONDON",9,916,2023,104484,2,"Febrero",104.484
"5187","GUAYAS","SAMBORONDON",9,916,2023,104484,3,"Marzo",104.484
"5188","GUAYAS","SAMBORONDON",9,916,2023,104484,4,"Abril",104.484
"5189","GUAYAS","SAMBORONDON",9,916,2023,104484,5,"Mayo",104.484
"5190","GUAYAS","SAMBORONDON",9,916,2023,104484,6,"Junio",104.484
"5191","GUAYAS","SAMBORONDON",9,916,2023,104484,7,"Julio",104.484
"5192","GUAYAS","SAMBORONDON",9,916,2023,104484,8,"Agosto",104.484
"5193","GUAYAS","SAMBORONDON",9,916,2023,104484,9,"Septiembre",104.484
"5194","GUAYAS","SAMBORONDON",9,916,2023,104484,10,"Octubre",104.484
"5195","GUAYAS","SAMBORONDON",9,916,2023,104484,11,"Noviembre",104.484
"5196","GUAYAS","SAMBORONDON",9,916,2023,104484,12,"Diciembre",104.484
"5197","GUAYAS","SAMBORONDON",9,916,2024,106919,1,"Enero",106.919
"5198","GUAYAS","SAMBORONDON",9,916,2024,106919,2,"Febrero",106.919
"5199","GUAYAS","SAMBORONDON",9,916,2024,106919,3,"Marzo",106.919
"5200","GUAYAS","SAMBORONDON",9,916,2024,106919,4,"Abril",106.919
"5201","GUAYAS","SAMBORONDON",9,916,2024,106919,5,"Mayo",106.919
"5202","GUAYAS","SAMBORONDON",9,916,2024,106919,6,"Junio",106.919
"5203","GUAYAS","SAMBORONDON",9,916,2024,106919,7,"Julio",106.919
"5204","GUAYAS","SAMBORONDON",9,916,2024,106919,8,"Agosto",106.919
"5205","GUAYAS","SAMBORONDON",9,916,2024,106919,9,"Septiembre",106.919
"5206","GUAYAS","SAMBORONDON",9,916,2024,106919,10,"Octubre",106.919
"5207","GUAYAS","SAMBORONDON",9,916,2024,106919,11,"Noviembre",106.919
"5208","GUAYAS","SAMBORONDON",9,916,2024,106919,12,"Diciembre",106.919
"5209","GUAYAS","SAMBORONDON",9,916,2025,109253,1,"Enero",109.253
"5210","GUAYAS","SAMBORONDON",9,916,2025,109253,2,"Febrero",109.253
"5211","GUAYAS","SAMBORONDON",9,916,2025,109253,3,"Marzo",109.253
"5212","GUAYAS","SAMBORONDON",9,916,2025,109253,4,"Abril",109.253
"5213","GUAYAS","SAMBORONDON",9,916,2025,109253,5,"Mayo",109.253
"5214","GUAYAS","SAMBORONDON",9,916,2025,109253,6,"Junio",109.253
"5215","GUAYAS","SAMBORONDON",9,916,2025,109253,7,"Julio",109.253
"5216","GUAYAS","SAMBORONDON",9,916,2025,109253,8,"Agosto",109.253
"5217","GUAYAS","SAMBORONDON",9,916,2025,109253,9,"Septiembre",109.253
"5218","GUAYAS","SAMBORONDON",9,916,2025,109253,10,"Octubre",109.253
"5219","GUAYAS","SAMBORONDON",9,916,2025,109253,11,"Noviembre",109.253
"5220","GUAYAS","SAMBORONDON",9,916,2025,109253,12,"Diciembre",109.253
"5221","GUAYAS","SANTA LUCIA",9,918,2021,46116,1,"Enero",46.116
"5222","GUAYAS","SANTA LUCIA",9,918,2021,46116,2,"Febrero",46.116
"5223","GUAYAS","SANTA LUCIA",9,918,2021,46116,3,"Marzo",46.116
"5224","GUAYAS","SANTA LUCIA",9,918,2021,46116,4,"Abril",46.116
"5225","GUAYAS","SANTA LUCIA",9,918,2021,46116,5,"Mayo",46.116
"5226","GUAYAS","SANTA LUCIA",9,918,2021,46116,6,"Junio",46.116
"5227","GUAYAS","SANTA LUCIA",9,918,2021,46116,7,"Julio",46.116
"5228","GUAYAS","SANTA LUCIA",9,918,2021,46116,8,"Agosto",46.116
"5229","GUAYAS","SANTA LUCIA",9,918,2021,46116,9,"Septiembre",46.116
"5230","GUAYAS","SANTA LUCIA",9,918,2021,46116,10,"Octubre",46.116
"5231","GUAYAS","SANTA LUCIA",9,918,2021,46116,11,"Noviembre",46.116
"5232","GUAYAS","SANTA LUCIA",9,918,2021,46116,12,"Diciembre",46.116
"5233","GUAYAS","SANTA LUCIA",9,918,2022,46205,1,"Enero",46.205
"5234","GUAYAS","SANTA LUCIA",9,918,2022,46205,2,"Febrero",46.205
"5235","GUAYAS","SANTA LUCIA",9,918,2022,46205,3,"Marzo",46.205
"5236","GUAYAS","SANTA LUCIA",9,918,2022,46205,4,"Abril",46.205
"5237","GUAYAS","SANTA LUCIA",9,918,2022,46205,5,"Mayo",46.205
"5238","GUAYAS","SANTA LUCIA",9,918,2022,46205,6,"Junio",46.205
"5239","GUAYAS","SANTA LUCIA",9,918,2022,46205,7,"Julio",46.205
"5240","GUAYAS","SANTA LUCIA",9,918,2022,46205,8,"Agosto",46.205
"5241","GUAYAS","SANTA LUCIA",9,918,2022,46205,9,"Septiembre",46.205
"5242","GUAYAS","SANTA LUCIA",9,918,2022,46205,10,"Octubre",46.205
"5243","GUAYAS","SANTA LUCIA",9,918,2022,46205,11,"Noviembre",46.205
"5244","GUAYAS","SANTA LUCIA",9,918,2022,46205,12,"Diciembre",46.205
"5245","GUAYAS","SANTA LUCIA",9,918,2023,46355,1,"Enero",46.355
"5246","GUAYAS","SANTA LUCIA",9,918,2023,46355,2,"Febrero",46.355
"5247","GUAYAS","SANTA LUCIA",9,918,2023,46355,3,"Marzo",46.355
"5248","GUAYAS","SANTA LUCIA",9,918,2023,46355,4,"Abril",46.355
"5249","GUAYAS","SANTA LUCIA",9,918,2023,46355,5,"Mayo",46.355
"5250","GUAYAS","SANTA LUCIA",9,918,2023,46355,6,"Junio",46.355
"5251","GUAYAS","SANTA LUCIA",9,918,2023,46355,7,"Julio",46.355
"5252","GUAYAS","SANTA LUCIA",9,918,2023,46355,8,"Agosto",46.355
"5253","GUAYAS","SANTA LUCIA",9,918,2023,46355,9,"Septiembre",46.355
"5254","GUAYAS","SANTA LUCIA",9,918,2023,46355,10,"Octubre",46.355
"5255","GUAYAS","SANTA LUCIA",9,918,2023,46355,11,"Noviembre",46.355
"5256","GUAYAS","SANTA LUCIA",9,918,2023,46355,12,"Diciembre",46.355
"5257","GUAYAS","SANTA LUCIA",9,918,2024,46537,1,"Enero",46.537
"5258","GUAYAS","SANTA LUCIA",9,918,2024,46537,2,"Febrero",46.537
"5259","GUAYAS","SANTA LUCIA",9,918,2024,46537,3,"Marzo",46.537
"5260","GUAYAS","SANTA LUCIA",9,918,2024,46537,4,"Abril",46.537
"5261","GUAYAS","SANTA LUCIA",9,918,2024,46537,5,"Mayo",46.537
"5262","GUAYAS","SANTA LUCIA",9,918,2024,46537,6,"Junio",46.537
"5263","GUAYAS","SANTA LUCIA",9,918,2024,46537,7,"Julio",46.537
"5264","GUAYAS","SANTA LUCIA",9,918,2024,46537,8,"Agosto",46.537
"5265","GUAYAS","SANTA LUCIA",9,918,2024,46537,9,"Septiembre",46.537
"5266","GUAYAS","SANTA LUCIA",9,918,2024,46537,10,"Octubre",46.537
"5267","GUAYAS","SANTA LUCIA",9,918,2024,46537,11,"Noviembre",46.537
"5268","GUAYAS","SANTA LUCIA",9,918,2024,46537,12,"Diciembre",46.537
"5269","GUAYAS","SANTA LUCIA",9,918,2025,46729,1,"Enero",46.729
"5270","GUAYAS","SANTA LUCIA",9,918,2025,46729,2,"Febrero",46.729
"5271","GUAYAS","SANTA LUCIA",9,918,2025,46729,3,"Marzo",46.729
"5272","GUAYAS","SANTA LUCIA",9,918,2025,46729,4,"Abril",46.729
"5273","GUAYAS","SANTA LUCIA",9,918,2025,46729,5,"Mayo",46.729
"5274","GUAYAS","SANTA LUCIA",9,918,2025,46729,6,"Junio",46.729
"5275","GUAYAS","SANTA LUCIA",9,918,2025,46729,7,"Julio",46.729
"5276","GUAYAS","SANTA LUCIA",9,918,2025,46729,8,"Agosto",46.729
"5277","GUAYAS","SANTA LUCIA",9,918,2025,46729,9,"Septiembre",46.729
"5278","GUAYAS","SANTA LUCIA",9,918,2025,46729,10,"Octubre",46.729
"5279","GUAYAS","SANTA LUCIA",9,918,2025,46729,11,"Noviembre",46.729
"5280","GUAYAS","SANTA LUCIA",9,918,2025,46729,12,"Diciembre",46.729
"5281","GUAYAS","SALITRE",9,919,2021,65425,1,"Enero",65.425
"5282","GUAYAS","SALITRE",9,919,2021,65425,2,"Febrero",65.425
"5283","GUAYAS","SALITRE",9,919,2021,65425,3,"Marzo",65.425
"5284","GUAYAS","SALITRE",9,919,2021,65425,4,"Abril",65.425
"5285","GUAYAS","SALITRE",9,919,2021,65425,5,"Mayo",65.425
"5286","GUAYAS","SALITRE",9,919,2021,65425,6,"Junio",65.425
"5287","GUAYAS","SALITRE",9,919,2021,65425,7,"Julio",65.425
"5288","GUAYAS","SALITRE",9,919,2021,65425,8,"Agosto",65.425
"5289","GUAYAS","SALITRE",9,919,2021,65425,9,"Septiembre",65.425
"5290","GUAYAS","SALITRE",9,919,2021,65425,10,"Octubre",65.425
"5291","GUAYAS","SALITRE",9,919,2021,65425,11,"Noviembre",65.425
"5292","GUAYAS","SALITRE",9,919,2021,65425,12,"Diciembre",65.425
"5293","GUAYAS","SALITRE",9,919,2022,65340,1,"Enero",65.34
"5294","GUAYAS","SALITRE",9,919,2022,65340,2,"Febrero",65.34
"5295","GUAYAS","SALITRE",9,919,2022,65340,3,"Marzo",65.34
"5296","GUAYAS","SALITRE",9,919,2022,65340,4,"Abril",65.34
"5297","GUAYAS","SALITRE",9,919,2022,65340,5,"Mayo",65.34
"5298","GUAYAS","SALITRE",9,919,2022,65340,6,"Junio",65.34
"5299","GUAYAS","SALITRE",9,919,2022,65340,7,"Julio",65.34
"5300","GUAYAS","SALITRE",9,919,2022,65340,8,"Agosto",65.34
"5301","GUAYAS","SALITRE",9,919,2022,65340,9,"Septiembre",65.34
"5302","GUAYAS","SALITRE",9,919,2022,65340,10,"Octubre",65.34
"5303","GUAYAS","SALITRE",9,919,2022,65340,11,"Noviembre",65.34
"5304","GUAYAS","SALITRE",9,919,2022,65340,12,"Diciembre",65.34
"5305","GUAYAS","SALITRE",9,919,2023,65359,1,"Enero",65.359
"5306","GUAYAS","SALITRE",9,919,2023,65359,2,"Febrero",65.359
"5307","GUAYAS","SALITRE",9,919,2023,65359,3,"Marzo",65.359
"5308","GUAYAS","SALITRE",9,919,2023,65359,4,"Abril",65.359
"5309","GUAYAS","SALITRE",9,919,2023,65359,5,"Mayo",65.359
"5310","GUAYAS","SALITRE",9,919,2023,65359,6,"Junio",65.359
"5311","GUAYAS","SALITRE",9,919,2023,65359,7,"Julio",65.359
"5312","GUAYAS","SALITRE",9,919,2023,65359,8,"Agosto",65.359
"5313","GUAYAS","SALITRE",9,919,2023,65359,9,"Septiembre",65.359
"5314","GUAYAS","SALITRE",9,919,2023,65359,10,"Octubre",65.359
"5315","GUAYAS","SALITRE",9,919,2023,65359,11,"Noviembre",65.359
"5316","GUAYAS","SALITRE",9,919,2023,65359,12,"Diciembre",65.359
"5317","GUAYAS","SALITRE",9,919,2024,65447,1,"Enero",65.447
"5318","GUAYAS","SALITRE",9,919,2024,65447,2,"Febrero",65.447
"5319","GUAYAS","SALITRE",9,919,2024,65447,3,"Marzo",65.447
"5320","GUAYAS","SALITRE",9,919,2024,65447,4,"Abril",65.447
"5321","GUAYAS","SALITRE",9,919,2024,65447,5,"Mayo",65.447
"5322","GUAYAS","SALITRE",9,919,2024,65447,6,"Junio",65.447
"5323","GUAYAS","SALITRE",9,919,2024,65447,7,"Julio",65.447
"5324","GUAYAS","SALITRE",9,919,2024,65447,8,"Agosto",65.447
"5325","GUAYAS","SALITRE",9,919,2024,65447,9,"Septiembre",65.447
"5326","GUAYAS","SALITRE",9,919,2024,65447,10,"Octubre",65.447
"5327","GUAYAS","SALITRE",9,919,2024,65447,11,"Noviembre",65.447
"5328","GUAYAS","SALITRE",9,919,2024,65447,12,"Diciembre",65.447
"5329","GUAYAS","SALITRE",9,919,2025,65565,1,"Enero",65.565
"5330","GUAYAS","SALITRE",9,919,2025,65565,2,"Febrero",65.565
"5331","GUAYAS","SALITRE",9,919,2025,65565,3,"Marzo",65.565
"5332","GUAYAS","SALITRE",9,919,2025,65565,4,"Abril",65.565
"5333","GUAYAS","SALITRE",9,919,2025,65565,5,"Mayo",65.565
"5334","GUAYAS","SALITRE",9,919,2025,65565,6,"Junio",65.565
"5335","GUAYAS","SALITRE",9,919,2025,65565,7,"Julio",65.565
"5336","GUAYAS","SALITRE",9,919,2025,65565,8,"Agosto",65.565
"5337","GUAYAS","SALITRE",9,919,2025,65565,9,"Septiembre",65.565
"5338","GUAYAS","SALITRE",9,919,2025,65565,10,"Octubre",65.565
"5339","GUAYAS","SALITRE",9,919,2025,65565,11,"Noviembre",65.565
"5340","GUAYAS","SALITRE",9,919,2025,65565,12,"Diciembre",65.565
"5341","GUAYAS","SAN JACINTO DE YAGUACHI",9,920,2021,75510,1,"Enero",75.51
"5342","GUAYAS","SAN JACINTO DE YAGUACHI",9,920,2021,75510,2,"Febrero",75.51
"5343","GUAYAS","SAN JACINTO DE YAGUACHI",9,920,2021,75510,3,"Marzo",75.51
"5344","GUAYAS","SAN JACINTO DE YAGUACHI",9,920,2021,75510,4,"Abril",75.51
"5345","GUAYAS","SAN JACINTO DE YAGUACHI",9,920,2021,75510,5,"Mayo",75.51
"5346","GUAYAS","SAN JACINTO DE YAGUACHI",9,920,2021,75510,6,"Junio",75.51
"5347","GUAYAS","SAN JACINTO DE YAGUACHI",9,920,2021,75510,7,"Julio",75.51
"5348","GUAYAS","SAN JACINTO DE YAGUACHI",9,920,2021,75510,8,"Agosto",75.51
"5349","GUAYAS","SAN JACINTO DE YAGUACHI",9,920,2021,75510,9,"Septiembre",75.51
"5350","GUAYAS","SAN JACINTO DE YAGUACHI",9,920,2021,75510,10,"Octubre",75.51
"5351","GUAYAS","SAN JACINTO DE YAGUACHI",9,920,2021,75510,11,"Noviembre",75.51
"5352","GUAYAS","SAN JACINTO DE YAGUACHI",9,920,2021,75510,12,"Diciembre",75.51
"5353","GUAYAS","SAN JACINTO DE YAGUACHI",9,920,2022,76247,1,"Enero",76.247
"5354","GUAYAS","SAN JACINTO DE YAGUACHI",9,920,2022,76247,2,"Febrero",76.247
"5355","GUAYAS","SAN JACINTO DE YAGUACHI",9,920,2022,76247,3,"Marzo",76.247
"5356","GUAYAS","SAN JACINTO DE YAGUACHI",9,920,2022,76247,4,"Abril",76.247
"5357","GUAYAS","SAN JACINTO DE YAGUACHI",9,920,2022,76247,5,"Mayo",76.247
"5358","GUAYAS","SAN JACINTO DE YAGUACHI",9,920,2022,76247,6,"Junio",76.247
"5359","GUAYAS","SAN JACINTO DE YAGUACHI",9,920,2022,76247,7,"Julio",76.247
"5360","GUAYAS","SAN JACINTO DE YAGUACHI",9,920,2022,76247,8,"Agosto",76.247
"5361","GUAYAS","SAN JACINTO DE YAGUACHI",9,920,2022,76247,9,"Septiembre",76.247
"5362","GUAYAS","SAN JACINTO DE YAGUACHI",9,920,2022,76247,10,"Octubre",76.247
"5363","GUAYAS","SAN JACINTO DE YAGUACHI",9,920,2022,76247,11,"Noviembre",76.247
"5364","GUAYAS","SAN JACINTO DE YAGUACHI",9,920,2022,76247,12,"Diciembre",76.247
"5365","GUAYAS","SAN JACINTO DE YAGUACHI",9,920,2023,77077,1,"Enero",77.077
"5366","GUAYAS","SAN JACINTO DE YAGUACHI",9,920,2023,77077,2,"Febrero",77.077
"5367","GUAYAS","SAN JACINTO DE YAGUACHI",9,920,2023,77077,3,"Marzo",77.077
"5368","GUAYAS","SAN JACINTO DE YAGUACHI",9,920,2023,77077,4,"Abril",77.077
"5369","GUAYAS","SAN JACINTO DE YAGUACHI",9,920,2023,77077,5,"Mayo",77.077
"5370","GUAYAS","SAN JACINTO DE YAGUACHI",9,920,2023,77077,6,"Junio",77.077
"5371","GUAYAS","SAN JACINTO DE YAGUACHI",9,920,2023,77077,7,"Julio",77.077
"5372","GUAYAS","SAN JACINTO DE YAGUACHI",9,920,2023,77077,8,"Agosto",77.077
"5373","GUAYAS","SAN JACINTO DE YAGUACHI",9,920,2023,77077,9,"Septiembre",77.077
"5374","GUAYAS","SAN JACINTO DE YAGUACHI",9,920,2023,77077,10,"Octubre",77.077
"5375","GUAYAS","SAN JACINTO DE YAGUACHI",9,920,2023,77077,11,"Noviembre",77.077
"5376","GUAYAS","SAN JACINTO DE YAGUACHI",9,920,2023,77077,12,"Diciembre",77.077
"5377","GUAYAS","SAN JACINTO DE YAGUACHI",9,920,2024,77953,1,"Enero",77.953
"5378","GUAYAS","SAN JACINTO DE YAGUACHI",9,920,2024,77953,2,"Febrero",77.953
"5379","GUAYAS","SAN JACINTO DE YAGUACHI",9,920,2024,77953,3,"Marzo",77.953
"5380","GUAYAS","SAN JACINTO DE YAGUACHI",9,920,2024,77953,4,"Abril",77.953
"5381","GUAYAS","SAN JACINTO DE YAGUACHI",9,920,2024,77953,5,"Mayo",77.953
"5382","GUAYAS","SAN JACINTO DE YAGUACHI",9,920,2024,77953,6,"Junio",77.953
"5383","GUAYAS","SAN JACINTO DE YAGUACHI",9,920,2024,77953,7,"Julio",77.953
"5384","GUAYAS","SAN JACINTO DE YAGUACHI",9,920,2024,77953,8,"Agosto",77.953
"5385","GUAYAS","SAN JACINTO DE YAGUACHI",9,920,2024,77953,9,"Septiembre",77.953
"5386","GUAYAS","SAN JACINTO DE YAGUACHI",9,920,2024,77953,10,"Octubre",77.953
"5387","GUAYAS","SAN JACINTO DE YAGUACHI",9,920,2024,77953,11,"Noviembre",77.953
"5388","GUAYAS","SAN JACINTO DE YAGUACHI",9,920,2024,77953,12,"Diciembre",77.953
"5389","GUAYAS","SAN JACINTO DE YAGUACHI",9,920,2025,78831,1,"Enero",78.831
"5390","GUAYAS","SAN JACINTO DE YAGUACHI",9,920,2025,78831,2,"Febrero",78.831
"5391","GUAYAS","SAN JACINTO DE YAGUACHI",9,920,2025,78831,3,"Marzo",78.831
"5392","GUAYAS","SAN JACINTO DE YAGUACHI",9,920,2025,78831,4,"Abril",78.831
"5393","GUAYAS","SAN JACINTO DE YAGUACHI",9,920,2025,78831,5,"Mayo",78.831
"5394","GUAYAS","SAN JACINTO DE YAGUACHI",9,920,2025,78831,6,"Junio",78.831
"5395","GUAYAS","SAN JACINTO DE YAGUACHI",9,920,2025,78831,7,"Julio",78.831
"5396","GUAYAS","SAN JACINTO DE YAGUACHI",9,920,2025,78831,8,"Agosto",78.831
"5397","GUAYAS","SAN JACINTO DE YAGUACHI",9,920,2025,78831,9,"Septiembre",78.831
"5398","GUAYAS","SAN JACINTO DE YAGUACHI",9,920,2025,78831,10,"Octubre",78.831
"5399","GUAYAS","SAN JACINTO DE YAGUACHI",9,920,2025,78831,11,"Noviembre",78.831
"5400","GUAYAS","SAN JACINTO DE YAGUACHI",9,920,2025,78831,12,"Diciembre",78.831
"5401","GUAYAS","PLAYAS",9,921,2021,61597,1,"Enero",61.597
"5402","GUAYAS","PLAYAS",9,921,2021,61597,2,"Febrero",61.597
"5403","GUAYAS","PLAYAS",9,921,2021,61597,3,"Marzo",61.597
"5404","GUAYAS","PLAYAS",9,921,2021,61597,4,"Abril",61.597
"5405","GUAYAS","PLAYAS",9,921,2021,61597,5,"Mayo",61.597
"5406","GUAYAS","PLAYAS",9,921,2021,61597,6,"Junio",61.597
"5407","GUAYAS","PLAYAS",9,921,2021,61597,7,"Julio",61.597
"5408","GUAYAS","PLAYAS",9,921,2021,61597,8,"Agosto",61.597
"5409","GUAYAS","PLAYAS",9,921,2021,61597,9,"Septiembre",61.597
"5410","GUAYAS","PLAYAS",9,921,2021,61597,10,"Octubre",61.597
"5411","GUAYAS","PLAYAS",9,921,2021,61597,11,"Noviembre",61.597
"5412","GUAYAS","PLAYAS",9,921,2021,61597,12,"Diciembre",61.597
"5413","GUAYAS","PLAYAS",9,921,2022,62862,1,"Enero",62.862
"5414","GUAYAS","PLAYAS",9,921,2022,62862,2,"Febrero",62.862
"5415","GUAYAS","PLAYAS",9,921,2022,62862,3,"Marzo",62.862
"5416","GUAYAS","PLAYAS",9,921,2022,62862,4,"Abril",62.862
"5417","GUAYAS","PLAYAS",9,921,2022,62862,5,"Mayo",62.862
"5418","GUAYAS","PLAYAS",9,921,2022,62862,6,"Junio",62.862
"5419","GUAYAS","PLAYAS",9,921,2022,62862,7,"Julio",62.862
"5420","GUAYAS","PLAYAS",9,921,2022,62862,8,"Agosto",62.862
"5421","GUAYAS","PLAYAS",9,921,2022,62862,9,"Septiembre",62.862
"5422","GUAYAS","PLAYAS",9,921,2022,62862,10,"Octubre",62.862
"5423","GUAYAS","PLAYAS",9,921,2022,62862,11,"Noviembre",62.862
"5424","GUAYAS","PLAYAS",9,921,2022,62862,12,"Diciembre",62.862
"5425","GUAYAS","PLAYAS",9,921,2023,64183,1,"Enero",64.183
"5426","GUAYAS","PLAYAS",9,921,2023,64183,2,"Febrero",64.183
"5427","GUAYAS","PLAYAS",9,921,2023,64183,3,"Marzo",64.183
"5428","GUAYAS","PLAYAS",9,921,2023,64183,4,"Abril",64.183
"5429","GUAYAS","PLAYAS",9,921,2023,64183,5,"Mayo",64.183
"5430","GUAYAS","PLAYAS",9,921,2023,64183,6,"Junio",64.183
"5431","GUAYAS","PLAYAS",9,921,2023,64183,7,"Julio",64.183
"5432","GUAYAS","PLAYAS",9,921,2023,64183,8,"Agosto",64.183
"5433","GUAYAS","PLAYAS",9,921,2023,64183,9,"Septiembre",64.183
"5434","GUAYAS","PLAYAS",9,921,2023,64183,10,"Octubre",64.183
"5435","GUAYAS","PLAYAS",9,921,2023,64183,11,"Noviembre",64.183
"5436","GUAYAS","PLAYAS",9,921,2023,64183,12,"Diciembre",64.183
"5437","GUAYAS","PLAYAS",9,921,2024,65515,1,"Enero",65.515
"5438","GUAYAS","PLAYAS",9,921,2024,65515,2,"Febrero",65.515
"5439","GUAYAS","PLAYAS",9,921,2024,65515,3,"Marzo",65.515
"5440","GUAYAS","PLAYAS",9,921,2024,65515,4,"Abril",65.515
"5441","GUAYAS","PLAYAS",9,921,2024,65515,5,"Mayo",65.515
"5442","GUAYAS","PLAYAS",9,921,2024,65515,6,"Junio",65.515
"5443","GUAYAS","PLAYAS",9,921,2024,65515,7,"Julio",65.515
"5444","GUAYAS","PLAYAS",9,921,2024,65515,8,"Agosto",65.515
"5445","GUAYAS","PLAYAS",9,921,2024,65515,9,"Septiembre",65.515
"5446","GUAYAS","PLAYAS",9,921,2024,65515,10,"Octubre",65.515
"5447","GUAYAS","PLAYAS",9,921,2024,65515,11,"Noviembre",65.515
"5448","GUAYAS","PLAYAS",9,921,2024,65515,12,"Diciembre",65.515
"5449","GUAYAS","PLAYAS",9,921,2025,66818,1,"Enero",66.818
"5450","GUAYAS","PLAYAS",9,921,2025,66818,2,"Febrero",66.818
"5451","GUAYAS","PLAYAS",9,921,2025,66818,3,"Marzo",66.818
"5452","GUAYAS","PLAYAS",9,921,2025,66818,4,"Abril",66.818
"5453","GUAYAS","PLAYAS",9,921,2025,66818,5,"Mayo",66.818
"5454","GUAYAS","PLAYAS",9,921,2025,66818,6,"Junio",66.818
"5455","GUAYAS","PLAYAS",9,921,2025,66818,7,"Julio",66.818
"5456","GUAYAS","PLAYAS",9,921,2025,66818,8,"Agosto",66.818
"5457","GUAYAS","PLAYAS",9,921,2025,66818,9,"Septiembre",66.818
"5458","GUAYAS","PLAYAS",9,921,2025,66818,10,"Octubre",66.818
"5459","GUAYAS","PLAYAS",9,921,2025,66818,11,"Noviembre",66.818
"5460","GUAYAS","PLAYAS",9,921,2025,66818,12,"Diciembre",66.818
"5461","GUAYAS","SIMON BOLIVAR",9,922,2021,30851,1,"Enero",30.851
"5462","GUAYAS","SIMON BOLIVAR",9,922,2021,30851,2,"Febrero",30.851
"5463","GUAYAS","SIMON BOLIVAR",9,922,2021,30851,3,"Marzo",30.851
"5464","GUAYAS","SIMON BOLIVAR",9,922,2021,30851,4,"Abril",30.851
"5465","GUAYAS","SIMON BOLIVAR",9,922,2021,30851,5,"Mayo",30.851
"5466","GUAYAS","SIMON BOLIVAR",9,922,2021,30851,6,"Junio",30.851
"5467","GUAYAS","SIMON BOLIVAR",9,922,2021,30851,7,"Julio",30.851
"5468","GUAYAS","SIMON BOLIVAR",9,922,2021,30851,8,"Agosto",30.851
"5469","GUAYAS","SIMON BOLIVAR",9,922,2021,30851,9,"Septiembre",30.851
"5470","GUAYAS","SIMON BOLIVAR",9,922,2021,30851,10,"Octubre",30.851
"5471","GUAYAS","SIMON BOLIVAR",9,922,2021,30851,11,"Noviembre",30.851
"5472","GUAYAS","SIMON BOLIVAR",9,922,2021,30851,12,"Diciembre",30.851
"5473","GUAYAS","SIMON BOLIVAR",9,922,2022,31045,1,"Enero",31.045
"5474","GUAYAS","SIMON BOLIVAR",9,922,2022,31045,2,"Febrero",31.045
"5475","GUAYAS","SIMON BOLIVAR",9,922,2022,31045,3,"Marzo",31.045
"5476","GUAYAS","SIMON BOLIVAR",9,922,2022,31045,4,"Abril",31.045
"5477","GUAYAS","SIMON BOLIVAR",9,922,2022,31045,5,"Mayo",31.045
"5478","GUAYAS","SIMON BOLIVAR",9,922,2022,31045,6,"Junio",31.045
"5479","GUAYAS","SIMON BOLIVAR",9,922,2022,31045,7,"Julio",31.045
"5480","GUAYAS","SIMON BOLIVAR",9,922,2022,31045,8,"Agosto",31.045
"5481","GUAYAS","SIMON BOLIVAR",9,922,2022,31045,9,"Septiembre",31.045
"5482","GUAYAS","SIMON BOLIVAR",9,922,2022,31045,10,"Octubre",31.045
"5483","GUAYAS","SIMON BOLIVAR",9,922,2022,31045,11,"Noviembre",31.045
"5484","GUAYAS","SIMON BOLIVAR",9,922,2022,31045,12,"Diciembre",31.045
"5485","GUAYAS","SIMON BOLIVAR",9,922,2023,31273,1,"Enero",31.273
"5486","GUAYAS","SIMON BOLIVAR",9,922,2023,31273,2,"Febrero",31.273
"5487","GUAYAS","SIMON BOLIVAR",9,922,2023,31273,3,"Marzo",31.273
"5488","GUAYAS","SIMON BOLIVAR",9,922,2023,31273,4,"Abril",31.273
"5489","GUAYAS","SIMON BOLIVAR",9,922,2023,31273,5,"Mayo",31.273
"5490","GUAYAS","SIMON BOLIVAR",9,922,2023,31273,6,"Junio",31.273
"5491","GUAYAS","SIMON BOLIVAR",9,922,2023,31273,7,"Julio",31.273
"5492","GUAYAS","SIMON BOLIVAR",9,922,2023,31273,8,"Agosto",31.273
"5493","GUAYAS","SIMON BOLIVAR",9,922,2023,31273,9,"Septiembre",31.273
"5494","GUAYAS","SIMON BOLIVAR",9,922,2023,31273,10,"Octubre",31.273
"5495","GUAYAS","SIMON BOLIVAR",9,922,2023,31273,11,"Noviembre",31.273
"5496","GUAYAS","SIMON BOLIVAR",9,922,2023,31273,12,"Diciembre",31.273
"5497","GUAYAS","SIMON BOLIVAR",9,922,2024,31522,1,"Enero",31.522
"5498","GUAYAS","SIMON BOLIVAR",9,922,2024,31522,2,"Febrero",31.522
"5499","GUAYAS","SIMON BOLIVAR",9,922,2024,31522,3,"Marzo",31.522
"5500","GUAYAS","SIMON BOLIVAR",9,922,2024,31522,4,"Abril",31.522
"5501","GUAYAS","SIMON BOLIVAR",9,922,2024,31522,5,"Mayo",31.522
"5502","GUAYAS","SIMON BOLIVAR",9,922,2024,31522,6,"Junio",31.522
"5503","GUAYAS","SIMON BOLIVAR",9,922,2024,31522,7,"Julio",31.522
"5504","GUAYAS","SIMON BOLIVAR",9,922,2024,31522,8,"Agosto",31.522
"5505","GUAYAS","SIMON BOLIVAR",9,922,2024,31522,9,"Septiembre",31.522
"5506","GUAYAS","SIMON BOLIVAR",9,922,2024,31522,10,"Octubre",31.522
"5507","GUAYAS","SIMON BOLIVAR",9,922,2024,31522,11,"Noviembre",31.522
"5508","GUAYAS","SIMON BOLIVAR",9,922,2024,31522,12,"Diciembre",31.522
"5509","GUAYAS","SIMON BOLIVAR",9,922,2025,31768,1,"Enero",31.768
"5510","GUAYAS","SIMON BOLIVAR",9,922,2025,31768,2,"Febrero",31.768
"5511","GUAYAS","SIMON BOLIVAR",9,922,2025,31768,3,"Marzo",31.768
"5512","GUAYAS","SIMON BOLIVAR",9,922,2025,31768,4,"Abril",31.768
"5513","GUAYAS","SIMON BOLIVAR",9,922,2025,31768,5,"Mayo",31.768
"5514","GUAYAS","SIMON BOLIVAR",9,922,2025,31768,6,"Junio",31.768
"5515","GUAYAS","SIMON BOLIVAR",9,922,2025,31768,7,"Julio",31.768
"5516","GUAYAS","SIMON BOLIVAR",9,922,2025,31768,8,"Agosto",31.768
"5517","GUAYAS","SIMON BOLIVAR",9,922,2025,31768,9,"Septiembre",31.768
"5518","GUAYAS","SIMON BOLIVAR",9,922,2025,31768,10,"Octubre",31.768
"5519","GUAYAS","SIMON BOLIVAR",9,922,2025,31768,11,"Noviembre",31.768
"5520","GUAYAS","SIMON BOLIVAR",9,922,2025,31768,12,"Diciembre",31.768
"5521","GUAYAS","CORONEL MARCELINO MARIDUEÑA",9,923,2021,14123,1,"Enero",14.123
"5522","GUAYAS","CORONEL MARCELINO MARIDUEÑA",9,923,2021,14123,2,"Febrero",14.123
"5523","GUAYAS","CORONEL MARCELINO MARIDUEÑA",9,923,2021,14123,3,"Marzo",14.123
"5524","GUAYAS","CORONEL MARCELINO MARIDUEÑA",9,923,2021,14123,4,"Abril",14.123
"5525","GUAYAS","CORONEL MARCELINO MARIDUEÑA",9,923,2021,14123,5,"Mayo",14.123
"5526","GUAYAS","CORONEL MARCELINO MARIDUEÑA",9,923,2021,14123,6,"Junio",14.123
"5527","GUAYAS","CORONEL MARCELINO MARIDUEÑA",9,923,2021,14123,7,"Julio",14.123
"5528","GUAYAS","CORONEL MARCELINO MARIDUEÑA",9,923,2021,14123,8,"Agosto",14.123
"5529","GUAYAS","CORONEL MARCELINO MARIDUEÑA",9,923,2021,14123,9,"Septiembre",14.123
"5530","GUAYAS","CORONEL MARCELINO MARIDUEÑA",9,923,2021,14123,10,"Octubre",14.123
"5531","GUAYAS","CORONEL MARCELINO MARIDUEÑA",9,923,2021,14123,11,"Noviembre",14.123
"5532","GUAYAS","CORONEL MARCELINO MARIDUEÑA",9,923,2021,14123,12,"Diciembre",14.123
"5533","GUAYAS","CORONEL MARCELINO MARIDUEÑA",9,923,2022,14149,1,"Enero",14.149
"5534","GUAYAS","CORONEL MARCELINO MARIDUEÑA",9,923,2022,14149,2,"Febrero",14.149
"5535","GUAYAS","CORONEL MARCELINO MARIDUEÑA",9,923,2022,14149,3,"Marzo",14.149
"5536","GUAYAS","CORONEL MARCELINO MARIDUEÑA",9,923,2022,14149,4,"Abril",14.149
"5537","GUAYAS","CORONEL MARCELINO MARIDUEÑA",9,923,2022,14149,5,"Mayo",14.149
"5538","GUAYAS","CORONEL MARCELINO MARIDUEÑA",9,923,2022,14149,6,"Junio",14.149
"5539","GUAYAS","CORONEL MARCELINO MARIDUEÑA",9,923,2022,14149,7,"Julio",14.149
"5540","GUAYAS","CORONEL MARCELINO MARIDUEÑA",9,923,2022,14149,8,"Agosto",14.149
"5541","GUAYAS","CORONEL MARCELINO MARIDUEÑA",9,923,2022,14149,9,"Septiembre",14.149
"5542","GUAYAS","CORONEL MARCELINO MARIDUEÑA",9,923,2022,14149,10,"Octubre",14.149
"5543","GUAYAS","CORONEL MARCELINO MARIDUEÑA",9,923,2022,14149,11,"Noviembre",14.149
"5544","GUAYAS","CORONEL MARCELINO MARIDUEÑA",9,923,2022,14149,12,"Diciembre",14.149
"5545","GUAYAS","CORONEL MARCELINO MARIDUEÑA",9,923,2023,14195,1,"Enero",14.195
"5546","GUAYAS","CORONEL MARCELINO MARIDUEÑA",9,923,2023,14195,2,"Febrero",14.195
"5547","GUAYAS","CORONEL MARCELINO MARIDUEÑA",9,923,2023,14195,3,"Marzo",14.195
"5548","GUAYAS","CORONEL MARCELINO MARIDUEÑA",9,923,2023,14195,4,"Abril",14.195
"5549","GUAYAS","CORONEL MARCELINO MARIDUEÑA",9,923,2023,14195,5,"Mayo",14.195
"5550","GUAYAS","CORONEL MARCELINO MARIDUEÑA",9,923,2023,14195,6,"Junio",14.195
"5551","GUAYAS","CORONEL MARCELINO MARIDUEÑA",9,923,2023,14195,7,"Julio",14.195
"5552","GUAYAS","CORONEL MARCELINO MARIDUEÑA",9,923,2023,14195,8,"Agosto",14.195
"5553","GUAYAS","CORONEL MARCELINO MARIDUEÑA",9,923,2023,14195,9,"Septiembre",14.195
"5554","GUAYAS","CORONEL MARCELINO MARIDUEÑA",9,923,2023,14195,10,"Octubre",14.195
"5555","GUAYAS","CORONEL MARCELINO MARIDUEÑA",9,923,2023,14195,11,"Noviembre",14.195
"5556","GUAYAS","CORONEL MARCELINO MARIDUEÑA",9,923,2023,14195,12,"Diciembre",14.195
"5557","GUAYAS","CORONEL MARCELINO MARIDUEÑA",9,923,2024,14249,1,"Enero",14.249
"5558","GUAYAS","CORONEL MARCELINO MARIDUEÑA",9,923,2024,14249,2,"Febrero",14.249
"5559","GUAYAS","CORONEL MARCELINO MARIDUEÑA",9,923,2024,14249,3,"Marzo",14.249
"5560","GUAYAS","CORONEL MARCELINO MARIDUEÑA",9,923,2024,14249,4,"Abril",14.249
"5561","GUAYAS","CORONEL MARCELINO MARIDUEÑA",9,923,2024,14249,5,"Mayo",14.249
"5562","GUAYAS","CORONEL MARCELINO MARIDUEÑA",9,923,2024,14249,6,"Junio",14.249
"5563","GUAYAS","CORONEL MARCELINO MARIDUEÑA",9,923,2024,14249,7,"Julio",14.249
"5564","GUAYAS","CORONEL MARCELINO MARIDUEÑA",9,923,2024,14249,8,"Agosto",14.249
"5565","GUAYAS","CORONEL MARCELINO MARIDUEÑA",9,923,2024,14249,9,"Septiembre",14.249
"5566","GUAYAS","CORONEL MARCELINO MARIDUEÑA",9,923,2024,14249,10,"Octubre",14.249
"5567","GUAYAS","CORONEL MARCELINO MARIDUEÑA",9,923,2024,14249,11,"Noviembre",14.249
"5568","GUAYAS","CORONEL MARCELINO MARIDUEÑA",9,923,2024,14249,12,"Diciembre",14.249
"5569","GUAYAS","CORONEL MARCELINO MARIDUEÑA",9,923,2025,14307,1,"Enero",14.307
"5570","GUAYAS","CORONEL MARCELINO MARIDUEÑA",9,923,2025,14307,2,"Febrero",14.307
"5571","GUAYAS","CORONEL MARCELINO MARIDUEÑA",9,923,2025,14307,3,"Marzo",14.307
"5572","GUAYAS","CORONEL MARCELINO MARIDUEÑA",9,923,2025,14307,4,"Abril",14.307
"5573","GUAYAS","CORONEL MARCELINO MARIDUEÑA",9,923,2025,14307,5,"Mayo",14.307
"5574","GUAYAS","CORONEL MARCELINO MARIDUEÑA",9,923,2025,14307,6,"Junio",14.307
"5575","GUAYAS","CORONEL MARCELINO MARIDUEÑA",9,923,2025,14307,7,"Julio",14.307
"5576","GUAYAS","CORONEL MARCELINO MARIDUEÑA",9,923,2025,14307,8,"Agosto",14.307
"5577","GUAYAS","CORONEL MARCELINO MARIDUEÑA",9,923,2025,14307,9,"Septiembre",14.307
"5578","GUAYAS","CORONEL MARCELINO MARIDUEÑA",9,923,2025,14307,10,"Octubre",14.307
"5579","GUAYAS","CORONEL MARCELINO MARIDUEÑA",9,923,2025,14307,11,"Noviembre",14.307
"5580","GUAYAS","CORONEL MARCELINO MARIDUEÑA",9,923,2025,14307,12,"Diciembre",14.307
"5581","GUAYAS","LOMAS DE SARGENTILLO",9,924,2021,23675,1,"Enero",23.675
"5582","GUAYAS","LOMAS DE SARGENTILLO",9,924,2021,23675,2,"Febrero",23.675
"5583","GUAYAS","LOMAS DE SARGENTILLO",9,924,2021,23675,3,"Marzo",23.675
"5584","GUAYAS","LOMAS DE SARGENTILLO",9,924,2021,23675,4,"Abril",23.675
"5585","GUAYAS","LOMAS DE SARGENTILLO",9,924,2021,23675,5,"Mayo",23.675
"5586","GUAYAS","LOMAS DE SARGENTILLO",9,924,2021,23675,6,"Junio",23.675
"5587","GUAYAS","LOMAS DE SARGENTILLO",9,924,2021,23675,7,"Julio",23.675
"5588","GUAYAS","LOMAS DE SARGENTILLO",9,924,2021,23675,8,"Agosto",23.675
"5589","GUAYAS","LOMAS DE SARGENTILLO",9,924,2021,23675,9,"Septiembre",23.675
"5590","GUAYAS","LOMAS DE SARGENTILLO",9,924,2021,23675,10,"Octubre",23.675
"5591","GUAYAS","LOMAS DE SARGENTILLO",9,924,2021,23675,11,"Noviembre",23.675
"5592","GUAYAS","LOMAS DE SARGENTILLO",9,924,2021,23675,12,"Diciembre",23.675
"5593","GUAYAS","LOMAS DE SARGENTILLO",9,924,2022,23895,1,"Enero",23.895
"5594","GUAYAS","LOMAS DE SARGENTILLO",9,924,2022,23895,2,"Febrero",23.895
"5595","GUAYAS","LOMAS DE SARGENTILLO",9,924,2022,23895,3,"Marzo",23.895
"5596","GUAYAS","LOMAS DE SARGENTILLO",9,924,2022,23895,4,"Abril",23.895
"5597","GUAYAS","LOMAS DE SARGENTILLO",9,924,2022,23895,5,"Mayo",23.895
"5598","GUAYAS","LOMAS DE SARGENTILLO",9,924,2022,23895,6,"Junio",23.895
"5599","GUAYAS","LOMAS DE SARGENTILLO",9,924,2022,23895,7,"Julio",23.895
"5600","GUAYAS","LOMAS DE SARGENTILLO",9,924,2022,23895,8,"Agosto",23.895
"5601","GUAYAS","LOMAS DE SARGENTILLO",9,924,2022,23895,9,"Septiembre",23.895
"5602","GUAYAS","LOMAS DE SARGENTILLO",9,924,2022,23895,10,"Octubre",23.895
"5603","GUAYAS","LOMAS DE SARGENTILLO",9,924,2022,23895,11,"Noviembre",23.895
"5604","GUAYAS","LOMAS DE SARGENTILLO",9,924,2022,23895,12,"Diciembre",23.895
"5605","GUAYAS","LOMAS DE SARGENTILLO",9,924,2023,24144,1,"Enero",24.144
"5606","GUAYAS","LOMAS DE SARGENTILLO",9,924,2023,24144,2,"Febrero",24.144
"5607","GUAYAS","LOMAS DE SARGENTILLO",9,924,2023,24144,3,"Marzo",24.144
"5608","GUAYAS","LOMAS DE SARGENTILLO",9,924,2023,24144,4,"Abril",24.144
"5609","GUAYAS","LOMAS DE SARGENTILLO",9,924,2023,24144,5,"Mayo",24.144
"5610","GUAYAS","LOMAS DE SARGENTILLO",9,924,2023,24144,6,"Junio",24.144
"5611","GUAYAS","LOMAS DE SARGENTILLO",9,924,2023,24144,7,"Julio",24.144
"5612","GUAYAS","LOMAS DE SARGENTILLO",9,924,2023,24144,8,"Agosto",24.144
"5613","GUAYAS","LOMAS DE SARGENTILLO",9,924,2023,24144,9,"Septiembre",24.144
"5614","GUAYAS","LOMAS DE SARGENTILLO",9,924,2023,24144,10,"Octubre",24.144
"5615","GUAYAS","LOMAS DE SARGENTILLO",9,924,2023,24144,11,"Noviembre",24.144
"5616","GUAYAS","LOMAS DE SARGENTILLO",9,924,2023,24144,12,"Diciembre",24.144
"5617","GUAYAS","LOMAS DE SARGENTILLO",9,924,2024,24409,1,"Enero",24.409
"5618","GUAYAS","LOMAS DE SARGENTILLO",9,924,2024,24409,2,"Febrero",24.409
"5619","GUAYAS","LOMAS DE SARGENTILLO",9,924,2024,24409,3,"Marzo",24.409
"5620","GUAYAS","LOMAS DE SARGENTILLO",9,924,2024,24409,4,"Abril",24.409
"5621","GUAYAS","LOMAS DE SARGENTILLO",9,924,2024,24409,5,"Mayo",24.409
"5622","GUAYAS","LOMAS DE SARGENTILLO",9,924,2024,24409,6,"Junio",24.409
"5623","GUAYAS","LOMAS DE SARGENTILLO",9,924,2024,24409,7,"Julio",24.409
"5624","GUAYAS","LOMAS DE SARGENTILLO",9,924,2024,24409,8,"Agosto",24.409
"5625","GUAYAS","LOMAS DE SARGENTILLO",9,924,2024,24409,9,"Septiembre",24.409
"5626","GUAYAS","LOMAS DE SARGENTILLO",9,924,2024,24409,10,"Octubre",24.409
"5627","GUAYAS","LOMAS DE SARGENTILLO",9,924,2024,24409,11,"Noviembre",24.409
"5628","GUAYAS","LOMAS DE SARGENTILLO",9,924,2024,24409,12,"Diciembre",24.409
"5629","GUAYAS","LOMAS DE SARGENTILLO",9,924,2025,24674,1,"Enero",24.674
"5630","GUAYAS","LOMAS DE SARGENTILLO",9,924,2025,24674,2,"Febrero",24.674
"5631","GUAYAS","LOMAS DE SARGENTILLO",9,924,2025,24674,3,"Marzo",24.674
"5632","GUAYAS","LOMAS DE SARGENTILLO",9,924,2025,24674,4,"Abril",24.674
"5633","GUAYAS","LOMAS DE SARGENTILLO",9,924,2025,24674,5,"Mayo",24.674
"5634","GUAYAS","LOMAS DE SARGENTILLO",9,924,2025,24674,6,"Junio",24.674
"5635","GUAYAS","LOMAS DE SARGENTILLO",9,924,2025,24674,7,"Julio",24.674
"5636","GUAYAS","LOMAS DE SARGENTILLO",9,924,2025,24674,8,"Agosto",24.674
"5637","GUAYAS","LOMAS DE SARGENTILLO",9,924,2025,24674,9,"Septiembre",24.674
"5638","GUAYAS","LOMAS DE SARGENTILLO",9,924,2025,24674,10,"Octubre",24.674
"5639","GUAYAS","LOMAS DE SARGENTILLO",9,924,2025,24674,11,"Noviembre",24.674
"5640","GUAYAS","LOMAS DE SARGENTILLO",9,924,2025,24674,12,"Diciembre",24.674
"5641","GUAYAS","NOBOL",9,925,2021,25606,1,"Enero",25.606
"5642","GUAYAS","NOBOL",9,925,2021,25606,2,"Febrero",25.606
"5643","GUAYAS","NOBOL",9,925,2021,25606,3,"Marzo",25.606
"5644","GUAYAS","NOBOL",9,925,2021,25606,4,"Abril",25.606
"5645","GUAYAS","NOBOL",9,925,2021,25606,5,"Mayo",25.606
"5646","GUAYAS","NOBOL",9,925,2021,25606,6,"Junio",25.606
"5647","GUAYAS","NOBOL",9,925,2021,25606,7,"Julio",25.606
"5648","GUAYAS","NOBOL",9,925,2021,25606,8,"Agosto",25.606
"5649","GUAYAS","NOBOL",9,925,2021,25606,9,"Septiembre",25.606
"5650","GUAYAS","NOBOL",9,925,2021,25606,10,"Octubre",25.606
"5651","GUAYAS","NOBOL",9,925,2021,25606,11,"Noviembre",25.606
"5652","GUAYAS","NOBOL",9,925,2021,25606,12,"Diciembre",25.606
"5653","GUAYAS","NOBOL",9,925,2022,25856,1,"Enero",25.856
"5654","GUAYAS","NOBOL",9,925,2022,25856,2,"Febrero",25.856
"5655","GUAYAS","NOBOL",9,925,2022,25856,3,"Marzo",25.856
"5656","GUAYAS","NOBOL",9,925,2022,25856,4,"Abril",25.856
"5657","GUAYAS","NOBOL",9,925,2022,25856,5,"Mayo",25.856
"5658","GUAYAS","NOBOL",9,925,2022,25856,6,"Junio",25.856
"5659","GUAYAS","NOBOL",9,925,2022,25856,7,"Julio",25.856
"5660","GUAYAS","NOBOL",9,925,2022,25856,8,"Agosto",25.856
"5661","GUAYAS","NOBOL",9,925,2022,25856,9,"Septiembre",25.856
"5662","GUAYAS","NOBOL",9,925,2022,25856,10,"Octubre",25.856
"5663","GUAYAS","NOBOL",9,925,2022,25856,11,"Noviembre",25.856
"5664","GUAYAS","NOBOL",9,925,2022,25856,12,"Diciembre",25.856
"5665","GUAYAS","NOBOL",9,925,2023,26138,1,"Enero",26.138
"5666","GUAYAS","NOBOL",9,925,2023,26138,2,"Febrero",26.138
"5667","GUAYAS","NOBOL",9,925,2023,26138,3,"Marzo",26.138
"5668","GUAYAS","NOBOL",9,925,2023,26138,4,"Abril",26.138
"5669","GUAYAS","NOBOL",9,925,2023,26138,5,"Mayo",26.138
"5670","GUAYAS","NOBOL",9,925,2023,26138,6,"Junio",26.138
"5671","GUAYAS","NOBOL",9,925,2023,26138,7,"Julio",26.138
"5672","GUAYAS","NOBOL",9,925,2023,26138,8,"Agosto",26.138
"5673","GUAYAS","NOBOL",9,925,2023,26138,9,"Septiembre",26.138
"5674","GUAYAS","NOBOL",9,925,2023,26138,10,"Octubre",26.138
"5675","GUAYAS","NOBOL",9,925,2023,26138,11,"Noviembre",26.138
"5676","GUAYAS","NOBOL",9,925,2023,26138,12,"Diciembre",26.138
"5677","GUAYAS","NOBOL",9,925,2024,26435,1,"Enero",26.435
"5678","GUAYAS","NOBOL",9,925,2024,26435,2,"Febrero",26.435
"5679","GUAYAS","NOBOL",9,925,2024,26435,3,"Marzo",26.435
"5680","GUAYAS","NOBOL",9,925,2024,26435,4,"Abril",26.435
"5681","GUAYAS","NOBOL",9,925,2024,26435,5,"Mayo",26.435
"5682","GUAYAS","NOBOL",9,925,2024,26435,6,"Junio",26.435
"5683","GUAYAS","NOBOL",9,925,2024,26435,7,"Julio",26.435
"5684","GUAYAS","NOBOL",9,925,2024,26435,8,"Agosto",26.435
"5685","GUAYAS","NOBOL",9,925,2024,26435,9,"Septiembre",26.435
"5686","GUAYAS","NOBOL",9,925,2024,26435,10,"Octubre",26.435
"5687","GUAYAS","NOBOL",9,925,2024,26435,11,"Noviembre",26.435
"5688","GUAYAS","NOBOL",9,925,2024,26435,12,"Diciembre",26.435
"5689","GUAYAS","NOBOL",9,925,2025,26732,1,"Enero",26.732
"5690","GUAYAS","NOBOL",9,925,2025,26732,2,"Febrero",26.732
"5691","GUAYAS","NOBOL",9,925,2025,26732,3,"Marzo",26.732
"5692","GUAYAS","NOBOL",9,925,2025,26732,4,"Abril",26.732
"5693","GUAYAS","NOBOL",9,925,2025,26732,5,"Mayo",26.732
"5694","GUAYAS","NOBOL",9,925,2025,26732,6,"Junio",26.732
"5695","GUAYAS","NOBOL",9,925,2025,26732,7,"Julio",26.732
"5696","GUAYAS","NOBOL",9,925,2025,26732,8,"Agosto",26.732
"5697","GUAYAS","NOBOL",9,925,2025,26732,9,"Septiembre",26.732
"5698","GUAYAS","NOBOL",9,925,2025,26732,10,"Octubre",26.732
"5699","GUAYAS","NOBOL",9,925,2025,26732,11,"Noviembre",26.732
"5700","GUAYAS","NOBOL",9,925,2025,26732,12,"Diciembre",26.732
"5701","GUAYAS","GENERAL ANTONIO ELIZALDE",9,927,2021,12846,1,"Enero",12.846
"5702","GUAYAS","GENERAL ANTONIO ELIZALDE",9,927,2021,12846,2,"Febrero",12.846
"5703","GUAYAS","GENERAL ANTONIO ELIZALDE",9,927,2021,12846,3,"Marzo",12.846
"5704","GUAYAS","GENERAL ANTONIO ELIZALDE",9,927,2021,12846,4,"Abril",12.846
"5705","GUAYAS","GENERAL ANTONIO ELIZALDE",9,927,2021,12846,5,"Mayo",12.846
"5706","GUAYAS","GENERAL ANTONIO ELIZALDE",9,927,2021,12846,6,"Junio",12.846
"5707","GUAYAS","GENERAL ANTONIO ELIZALDE",9,927,2021,12846,7,"Julio",12.846
"5708","GUAYAS","GENERAL ANTONIO ELIZALDE",9,927,2021,12846,8,"Agosto",12.846
"5709","GUAYAS","GENERAL ANTONIO ELIZALDE",9,927,2021,12846,9,"Septiembre",12.846
"5710","GUAYAS","GENERAL ANTONIO ELIZALDE",9,927,2021,12846,10,"Octubre",12.846
"5711","GUAYAS","GENERAL ANTONIO ELIZALDE",9,927,2021,12846,11,"Noviembre",12.846
"5712","GUAYAS","GENERAL ANTONIO ELIZALDE",9,927,2021,12846,12,"Diciembre",12.846
"5713","GUAYAS","GENERAL ANTONIO ELIZALDE",9,927,2022,12870,1,"Enero",12.87
"5714","GUAYAS","GENERAL ANTONIO ELIZALDE",9,927,2022,12870,2,"Febrero",12.87
"5715","GUAYAS","GENERAL ANTONIO ELIZALDE",9,927,2022,12870,3,"Marzo",12.87
"5716","GUAYAS","GENERAL ANTONIO ELIZALDE",9,927,2022,12870,4,"Abril",12.87
"5717","GUAYAS","GENERAL ANTONIO ELIZALDE",9,927,2022,12870,5,"Mayo",12.87
"5718","GUAYAS","GENERAL ANTONIO ELIZALDE",9,927,2022,12870,6,"Junio",12.87
"5719","GUAYAS","GENERAL ANTONIO ELIZALDE",9,927,2022,12870,7,"Julio",12.87
"5720","GUAYAS","GENERAL ANTONIO ELIZALDE",9,927,2022,12870,8,"Agosto",12.87
"5721","GUAYAS","GENERAL ANTONIO ELIZALDE",9,927,2022,12870,9,"Septiembre",12.87
"5722","GUAYAS","GENERAL ANTONIO ELIZALDE",9,927,2022,12870,10,"Octubre",12.87
"5723","GUAYAS","GENERAL ANTONIO ELIZALDE",9,927,2022,12870,11,"Noviembre",12.87
"5724","GUAYAS","GENERAL ANTONIO ELIZALDE",9,927,2022,12870,12,"Diciembre",12.87
"5725","GUAYAS","GENERAL ANTONIO ELIZALDE",9,927,2023,12910,1,"Enero",12.91
"5726","GUAYAS","GENERAL ANTONIO ELIZALDE",9,927,2023,12910,2,"Febrero",12.91
"5727","GUAYAS","GENERAL ANTONIO ELIZALDE",9,927,2023,12910,3,"Marzo",12.91
"5728","GUAYAS","GENERAL ANTONIO ELIZALDE",9,927,2023,12910,4,"Abril",12.91
"5729","GUAYAS","GENERAL ANTONIO ELIZALDE",9,927,2023,12910,5,"Mayo",12.91
"5730","GUAYAS","GENERAL ANTONIO ELIZALDE",9,927,2023,12910,6,"Junio",12.91
"5731","GUAYAS","GENERAL ANTONIO ELIZALDE",9,927,2023,12910,7,"Julio",12.91
"5732","GUAYAS","GENERAL ANTONIO ELIZALDE",9,927,2023,12910,8,"Agosto",12.91
"5733","GUAYAS","GENERAL ANTONIO ELIZALDE",9,927,2023,12910,9,"Septiembre",12.91
"5734","GUAYAS","GENERAL ANTONIO ELIZALDE",9,927,2023,12910,10,"Octubre",12.91
"5735","GUAYAS","GENERAL ANTONIO ELIZALDE",9,927,2023,12910,11,"Noviembre",12.91
"5736","GUAYAS","GENERAL ANTONIO ELIZALDE",9,927,2023,12910,12,"Diciembre",12.91
"5737","GUAYAS","GENERAL ANTONIO ELIZALDE",9,927,2024,12960,1,"Enero",12.96
"5738","GUAYAS","GENERAL ANTONIO ELIZALDE",9,927,2024,12960,2,"Febrero",12.96
"5739","GUAYAS","GENERAL ANTONIO ELIZALDE",9,927,2024,12960,3,"Marzo",12.96
"5740","GUAYAS","GENERAL ANTONIO ELIZALDE",9,927,2024,12960,4,"Abril",12.96
"5741","GUAYAS","GENERAL ANTONIO ELIZALDE",9,927,2024,12960,5,"Mayo",12.96
"5742","GUAYAS","GENERAL ANTONIO ELIZALDE",9,927,2024,12960,6,"Junio",12.96
"5743","GUAYAS","GENERAL ANTONIO ELIZALDE",9,927,2024,12960,7,"Julio",12.96
"5744","GUAYAS","GENERAL ANTONIO ELIZALDE",9,927,2024,12960,8,"Agosto",12.96
"5745","GUAYAS","GENERAL ANTONIO ELIZALDE",9,927,2024,12960,9,"Septiembre",12.96
"5746","GUAYAS","GENERAL ANTONIO ELIZALDE",9,927,2024,12960,10,"Octubre",12.96
"5747","GUAYAS","GENERAL ANTONIO ELIZALDE",9,927,2024,12960,11,"Noviembre",12.96
"5748","GUAYAS","GENERAL ANTONIO ELIZALDE",9,927,2024,12960,12,"Diciembre",12.96
"5749","GUAYAS","GENERAL ANTONIO ELIZALDE",9,927,2025,13012,1,"Enero",13.012
"5750","GUAYAS","GENERAL ANTONIO ELIZALDE",9,927,2025,13012,2,"Febrero",13.012
"5751","GUAYAS","GENERAL ANTONIO ELIZALDE",9,927,2025,13012,3,"Marzo",13.012
"5752","GUAYAS","GENERAL ANTONIO ELIZALDE",9,927,2025,13012,4,"Abril",13.012
"5753","GUAYAS","GENERAL ANTONIO ELIZALDE",9,927,2025,13012,5,"Mayo",13.012
"5754","GUAYAS","GENERAL ANTONIO ELIZALDE",9,927,2025,13012,6,"Junio",13.012
"5755","GUAYAS","GENERAL ANTONIO ELIZALDE",9,927,2025,13012,7,"Julio",13.012
"5756","GUAYAS","GENERAL ANTONIO ELIZALDE",9,927,2025,13012,8,"Agosto",13.012
"5757","GUAYAS","GENERAL ANTONIO ELIZALDE",9,927,2025,13012,9,"Septiembre",13.012
"5758","GUAYAS","GENERAL ANTONIO ELIZALDE",9,927,2025,13012,10,"Octubre",13.012
"5759","GUAYAS","GENERAL ANTONIO ELIZALDE",9,927,2025,13012,11,"Noviembre",13.012
"5760","GUAYAS","GENERAL ANTONIO ELIZALDE",9,927,2025,13012,12,"Diciembre",13.012
"5761","GUAYAS","ISIDRO AYORA",9,928,2021,14775,1,"Enero",14.775
"5762","GUAYAS","ISIDRO AYORA",9,928,2021,14775,2,"Febrero",14.775
"5763","GUAYAS","ISIDRO AYORA",9,928,2021,14775,3,"Marzo",14.775
"5764","GUAYAS","ISIDRO AYORA",9,928,2021,14775,4,"Abril",14.775
"5765","GUAYAS","ISIDRO AYORA",9,928,2021,14775,5,"Mayo",14.775
"5766","GUAYAS","ISIDRO AYORA",9,928,2021,14775,6,"Junio",14.775
"5767","GUAYAS","ISIDRO AYORA",9,928,2021,14775,7,"Julio",14.775
"5768","GUAYAS","ISIDRO AYORA",9,928,2021,14775,8,"Agosto",14.775
"5769","GUAYAS","ISIDRO AYORA",9,928,2021,14775,9,"Septiembre",14.775
"5770","GUAYAS","ISIDRO AYORA",9,928,2021,14775,10,"Octubre",14.775
"5771","GUAYAS","ISIDRO AYORA",9,928,2021,14775,11,"Noviembre",14.775
"5772","GUAYAS","ISIDRO AYORA",9,928,2021,14775,12,"Diciembre",14.775
"5773","GUAYAS","ISIDRO AYORA",9,928,2022,15032,1,"Enero",15.032
"5774","GUAYAS","ISIDRO AYORA",9,928,2022,15032,2,"Febrero",15.032
"5775","GUAYAS","ISIDRO AYORA",9,928,2022,15032,3,"Marzo",15.032
"5776","GUAYAS","ISIDRO AYORA",9,928,2022,15032,4,"Abril",15.032
"5777","GUAYAS","ISIDRO AYORA",9,928,2022,15032,5,"Mayo",15.032
"5778","GUAYAS","ISIDRO AYORA",9,928,2022,15032,6,"Junio",15.032
"5779","GUAYAS","ISIDRO AYORA",9,928,2022,15032,7,"Julio",15.032
"5780","GUAYAS","ISIDRO AYORA",9,928,2022,15032,8,"Agosto",15.032
"5781","GUAYAS","ISIDRO AYORA",9,928,2022,15032,9,"Septiembre",15.032
"5782","GUAYAS","ISIDRO AYORA",9,928,2022,15032,10,"Octubre",15.032
"5783","GUAYAS","ISIDRO AYORA",9,928,2022,15032,11,"Noviembre",15.032
"5784","GUAYAS","ISIDRO AYORA",9,928,2022,15032,12,"Diciembre",15.032
"5785","GUAYAS","ISIDRO AYORA",9,928,2023,15306,1,"Enero",15.306
"5786","GUAYAS","ISIDRO AYORA",9,928,2023,15306,2,"Febrero",15.306
"5787","GUAYAS","ISIDRO AYORA",9,928,2023,15306,3,"Marzo",15.306
"5788","GUAYAS","ISIDRO AYORA",9,928,2023,15306,4,"Abril",15.306
"5789","GUAYAS","ISIDRO AYORA",9,928,2023,15306,5,"Mayo",15.306
"5790","GUAYAS","ISIDRO AYORA",9,928,2023,15306,6,"Junio",15.306
"5791","GUAYAS","ISIDRO AYORA",9,928,2023,15306,7,"Julio",15.306
"5792","GUAYAS","ISIDRO AYORA",9,928,2023,15306,8,"Agosto",15.306
"5793","GUAYAS","ISIDRO AYORA",9,928,2023,15306,9,"Septiembre",15.306
"5794","GUAYAS","ISIDRO AYORA",9,928,2023,15306,10,"Octubre",15.306
"5795","GUAYAS","ISIDRO AYORA",9,928,2023,15306,11,"Noviembre",15.306
"5796","GUAYAS","ISIDRO AYORA",9,928,2023,15306,12,"Diciembre",15.306
"5797","GUAYAS","ISIDRO AYORA",9,928,2024,15587,1,"Enero",15.587
"5798","GUAYAS","ISIDRO AYORA",9,928,2024,15587,2,"Febrero",15.587
"5799","GUAYAS","ISIDRO AYORA",9,928,2024,15587,3,"Marzo",15.587
"5800","GUAYAS","ISIDRO AYORA",9,928,2024,15587,4,"Abril",15.587
"5801","GUAYAS","ISIDRO AYORA",9,928,2024,15587,5,"Mayo",15.587
"5802","GUAYAS","ISIDRO AYORA",9,928,2024,15587,6,"Junio",15.587
"5803","GUAYAS","ISIDRO AYORA",9,928,2024,15587,7,"Julio",15.587
"5804","GUAYAS","ISIDRO AYORA",9,928,2024,15587,8,"Agosto",15.587
"5805","GUAYAS","ISIDRO AYORA",9,928,2024,15587,9,"Septiembre",15.587
"5806","GUAYAS","ISIDRO AYORA",9,928,2024,15587,10,"Octubre",15.587
"5807","GUAYAS","ISIDRO AYORA",9,928,2024,15587,11,"Noviembre",15.587
"5808","GUAYAS","ISIDRO AYORA",9,928,2024,15587,12,"Diciembre",15.587
"5809","GUAYAS","ISIDRO AYORA",9,928,2025,15866,1,"Enero",15.866
"5810","GUAYAS","ISIDRO AYORA",9,928,2025,15866,2,"Febrero",15.866
"5811","GUAYAS","ISIDRO AYORA",9,928,2025,15866,3,"Marzo",15.866
"5812","GUAYAS","ISIDRO AYORA",9,928,2025,15866,4,"Abril",15.866
"5813","GUAYAS","ISIDRO AYORA",9,928,2025,15866,5,"Mayo",15.866
"5814","GUAYAS","ISIDRO AYORA",9,928,2025,15866,6,"Junio",15.866
"5815","GUAYAS","ISIDRO AYORA",9,928,2025,15866,7,"Julio",15.866
"5816","GUAYAS","ISIDRO AYORA",9,928,2025,15866,8,"Agosto",15.866
"5817","GUAYAS","ISIDRO AYORA",9,928,2025,15866,9,"Septiembre",15.866
"5818","GUAYAS","ISIDRO AYORA",9,928,2025,15866,10,"Octubre",15.866
"5819","GUAYAS","ISIDRO AYORA",9,928,2025,15866,11,"Noviembre",15.866
"5820","GUAYAS","ISIDRO AYORA",9,928,2025,15866,12,"Diciembre",15.866
"5821","IMBABURA","IBARRA",10,1001,2021,221282,1,"Enero",221.282
"5822","IMBABURA","IBARRA",10,1001,2021,221282,2,"Febrero",221.282
"5823","IMBABURA","IBARRA",10,1001,2021,221282,3,"Marzo",221.282
"5824","IMBABURA","IBARRA",10,1001,2021,221282,4,"Abril",221.282
"5825","IMBABURA","IBARRA",10,1001,2021,221282,5,"Mayo",221.282
"5826","IMBABURA","IBARRA",10,1001,2021,221282,6,"Junio",221.282
"5827","IMBABURA","IBARRA",10,1001,2021,221282,7,"Julio",221.282
"5828","IMBABURA","IBARRA",10,1001,2021,221282,8,"Agosto",221.282
"5829","IMBABURA","IBARRA",10,1001,2021,221282,9,"Septiembre",221.282
"5830","IMBABURA","IBARRA",10,1001,2021,221282,10,"Octubre",221.282
"5831","IMBABURA","IBARRA",10,1001,2021,221282,11,"Noviembre",221.282
"5832","IMBABURA","IBARRA",10,1001,2021,221282,12,"Diciembre",221.282
"5833","IMBABURA","IBARRA",10,1001,2022,223545,1,"Enero",223.545
"5834","IMBABURA","IBARRA",10,1001,2022,223545,2,"Febrero",223.545
"5835","IMBABURA","IBARRA",10,1001,2022,223545,3,"Marzo",223.545
"5836","IMBABURA","IBARRA",10,1001,2022,223545,4,"Abril",223.545
"5837","IMBABURA","IBARRA",10,1001,2022,223545,5,"Mayo",223.545
"5838","IMBABURA","IBARRA",10,1001,2022,223545,6,"Junio",223.545
"5839","IMBABURA","IBARRA",10,1001,2022,223545,7,"Julio",223.545
"5840","IMBABURA","IBARRA",10,1001,2022,223545,8,"Agosto",223.545
"5841","IMBABURA","IBARRA",10,1001,2022,223545,9,"Septiembre",223.545
"5842","IMBABURA","IBARRA",10,1001,2022,223545,10,"Octubre",223.545
"5843","IMBABURA","IBARRA",10,1001,2022,223545,11,"Noviembre",223.545
"5844","IMBABURA","IBARRA",10,1001,2022,223545,12,"Diciembre",223.545
"5845","IMBABURA","IBARRA",10,1001,2023,225970,1,"Enero",225.97
"5846","IMBABURA","IBARRA",10,1001,2023,225970,2,"Febrero",225.97
"5847","IMBABURA","IBARRA",10,1001,2023,225970,3,"Marzo",225.97
"5848","IMBABURA","IBARRA",10,1001,2023,225970,4,"Abril",225.97
"5849","IMBABURA","IBARRA",10,1001,2023,225970,5,"Mayo",225.97
"5850","IMBABURA","IBARRA",10,1001,2023,225970,6,"Junio",225.97
"5851","IMBABURA","IBARRA",10,1001,2023,225970,7,"Julio",225.97
"5852","IMBABURA","IBARRA",10,1001,2023,225970,8,"Agosto",225.97
"5853","IMBABURA","IBARRA",10,1001,2023,225970,9,"Septiembre",225.97
"5854","IMBABURA","IBARRA",10,1001,2023,225970,10,"Octubre",225.97
"5855","IMBABURA","IBARRA",10,1001,2023,225970,11,"Noviembre",225.97
"5856","IMBABURA","IBARRA",10,1001,2023,225970,12,"Diciembre",225.97
"5857","IMBABURA","IBARRA",10,1001,2024,228403,1,"Enero",228.403
"5858","IMBABURA","IBARRA",10,1001,2024,228403,2,"Febrero",228.403
"5859","IMBABURA","IBARRA",10,1001,2024,228403,3,"Marzo",228.403
"5860","IMBABURA","IBARRA",10,1001,2024,228403,4,"Abril",228.403
"5861","IMBABURA","IBARRA",10,1001,2024,228403,5,"Mayo",228.403
"5862","IMBABURA","IBARRA",10,1001,2024,228403,6,"Junio",228.403
"5863","IMBABURA","IBARRA",10,1001,2024,228403,7,"Julio",228.403
"5864","IMBABURA","IBARRA",10,1001,2024,228403,8,"Agosto",228.403
"5865","IMBABURA","IBARRA",10,1001,2024,228403,9,"Septiembre",228.403
"5866","IMBABURA","IBARRA",10,1001,2024,228403,10,"Octubre",228.403
"5867","IMBABURA","IBARRA",10,1001,2024,228403,11,"Noviembre",228.403
"5868","IMBABURA","IBARRA",10,1001,2024,228403,12,"Diciembre",228.403
"5869","IMBABURA","IBARRA",10,1001,2025,230846,1,"Enero",230.846
"5870","IMBABURA","IBARRA",10,1001,2025,230846,2,"Febrero",230.846
"5871","IMBABURA","IBARRA",10,1001,2025,230846,3,"Marzo",230.846
"5872","IMBABURA","IBARRA",10,1001,2025,230846,4,"Abril",230.846
"5873","IMBABURA","IBARRA",10,1001,2025,230846,5,"Mayo",230.846
"5874","IMBABURA","IBARRA",10,1001,2025,230846,6,"Junio",230.846
"5875","IMBABURA","IBARRA",10,1001,2025,230846,7,"Julio",230.846
"5876","IMBABURA","IBARRA",10,1001,2025,230846,8,"Agosto",230.846
"5877","IMBABURA","IBARRA",10,1001,2025,230846,9,"Septiembre",230.846
"5878","IMBABURA","IBARRA",10,1001,2025,230846,10,"Octubre",230.846
"5879","IMBABURA","IBARRA",10,1001,2025,230846,11,"Noviembre",230.846
"5880","IMBABURA","IBARRA",10,1001,2025,230846,12,"Diciembre",230.846
"5881","IMBABURA","ANTONIO ANTE",10,1002,2021,53813,1,"Enero",53.813
"5882","IMBABURA","ANTONIO ANTE",10,1002,2021,53813,2,"Febrero",53.813
"5883","IMBABURA","ANTONIO ANTE",10,1002,2021,53813,3,"Marzo",53.813
"5884","IMBABURA","ANTONIO ANTE",10,1002,2021,53813,4,"Abril",53.813
"5885","IMBABURA","ANTONIO ANTE",10,1002,2021,53813,5,"Mayo",53.813
"5886","IMBABURA","ANTONIO ANTE",10,1002,2021,53813,6,"Junio",53.813
"5887","IMBABURA","ANTONIO ANTE",10,1002,2021,53813,7,"Julio",53.813
"5888","IMBABURA","ANTONIO ANTE",10,1002,2021,53813,8,"Agosto",53.813
"5889","IMBABURA","ANTONIO ANTE",10,1002,2021,53813,9,"Septiembre",53.813
"5890","IMBABURA","ANTONIO ANTE",10,1002,2021,53813,10,"Octubre",53.813
"5891","IMBABURA","ANTONIO ANTE",10,1002,2021,53813,11,"Noviembre",53.813
"5892","IMBABURA","ANTONIO ANTE",10,1002,2021,53813,12,"Diciembre",53.813
"5893","IMBABURA","ANTONIO ANTE",10,1002,2022,54513,1,"Enero",54.513
"5894","IMBABURA","ANTONIO ANTE",10,1002,2022,54513,2,"Febrero",54.513
"5895","IMBABURA","ANTONIO ANTE",10,1002,2022,54513,3,"Marzo",54.513
"5896","IMBABURA","ANTONIO ANTE",10,1002,2022,54513,4,"Abril",54.513
"5897","IMBABURA","ANTONIO ANTE",10,1002,2022,54513,5,"Mayo",54.513
"5898","IMBABURA","ANTONIO ANTE",10,1002,2022,54513,6,"Junio",54.513
"5899","IMBABURA","ANTONIO ANTE",10,1002,2022,54513,7,"Julio",54.513
"5900","IMBABURA","ANTONIO ANTE",10,1002,2022,54513,8,"Agosto",54.513
"5901","IMBABURA","ANTONIO ANTE",10,1002,2022,54513,9,"Septiembre",54.513
"5902","IMBABURA","ANTONIO ANTE",10,1002,2022,54513,10,"Octubre",54.513
"5903","IMBABURA","ANTONIO ANTE",10,1002,2022,54513,11,"Noviembre",54.513
"5904","IMBABURA","ANTONIO ANTE",10,1002,2022,54513,12,"Diciembre",54.513
"5905","IMBABURA","ANTONIO ANTE",10,1002,2023,55251,1,"Enero",55.251
"5906","IMBABURA","ANTONIO ANTE",10,1002,2023,55251,2,"Febrero",55.251
"5907","IMBABURA","ANTONIO ANTE",10,1002,2023,55251,3,"Marzo",55.251
"5908","IMBABURA","ANTONIO ANTE",10,1002,2023,55251,4,"Abril",55.251
"5909","IMBABURA","ANTONIO ANTE",10,1002,2023,55251,5,"Mayo",55.251
"5910","IMBABURA","ANTONIO ANTE",10,1002,2023,55251,6,"Junio",55.251
"5911","IMBABURA","ANTONIO ANTE",10,1002,2023,55251,7,"Julio",55.251
"5912","IMBABURA","ANTONIO ANTE",10,1002,2023,55251,8,"Agosto",55.251
"5913","IMBABURA","ANTONIO ANTE",10,1002,2023,55251,9,"Septiembre",55.251
"5914","IMBABURA","ANTONIO ANTE",10,1002,2023,55251,10,"Octubre",55.251
"5915","IMBABURA","ANTONIO ANTE",10,1002,2023,55251,11,"Noviembre",55.251
"5916","IMBABURA","ANTONIO ANTE",10,1002,2023,55251,12,"Diciembre",55.251
"5917","IMBABURA","ANTONIO ANTE",10,1002,2024,55989,1,"Enero",55.989
"5918","IMBABURA","ANTONIO ANTE",10,1002,2024,55989,2,"Febrero",55.989
"5919","IMBABURA","ANTONIO ANTE",10,1002,2024,55989,3,"Marzo",55.989
"5920","IMBABURA","ANTONIO ANTE",10,1002,2024,55989,4,"Abril",55.989
"5921","IMBABURA","ANTONIO ANTE",10,1002,2024,55989,5,"Mayo",55.989
"5922","IMBABURA","ANTONIO ANTE",10,1002,2024,55989,6,"Junio",55.989
"5923","IMBABURA","ANTONIO ANTE",10,1002,2024,55989,7,"Julio",55.989
"5924","IMBABURA","ANTONIO ANTE",10,1002,2024,55989,8,"Agosto",55.989
"5925","IMBABURA","ANTONIO ANTE",10,1002,2024,55989,9,"Septiembre",55.989
"5926","IMBABURA","ANTONIO ANTE",10,1002,2024,55989,10,"Octubre",55.989
"5927","IMBABURA","ANTONIO ANTE",10,1002,2024,55989,11,"Noviembre",55.989
"5928","IMBABURA","ANTONIO ANTE",10,1002,2024,55989,12,"Diciembre",55.989
"5929","IMBABURA","ANTONIO ANTE",10,1002,2025,56725,1,"Enero",56.725
"5930","IMBABURA","ANTONIO ANTE",10,1002,2025,56725,2,"Febrero",56.725
"5931","IMBABURA","ANTONIO ANTE",10,1002,2025,56725,3,"Marzo",56.725
"5932","IMBABURA","ANTONIO ANTE",10,1002,2025,56725,4,"Abril",56.725
"5933","IMBABURA","ANTONIO ANTE",10,1002,2025,56725,5,"Mayo",56.725
"5934","IMBABURA","ANTONIO ANTE",10,1002,2025,56725,6,"Junio",56.725
"5935","IMBABURA","ANTONIO ANTE",10,1002,2025,56725,7,"Julio",56.725
"5936","IMBABURA","ANTONIO ANTE",10,1002,2025,56725,8,"Agosto",56.725
"5937","IMBABURA","ANTONIO ANTE",10,1002,2025,56725,9,"Septiembre",56.725
"5938","IMBABURA","ANTONIO ANTE",10,1002,2025,56725,10,"Octubre",56.725
"5939","IMBABURA","ANTONIO ANTE",10,1002,2025,56725,11,"Noviembre",56.725
"5940","IMBABURA","ANTONIO ANTE",10,1002,2025,56725,12,"Diciembre",56.725
"5941","IMBABURA","COTACACHI",10,1003,2021,54615,1,"Enero",54.615
"5942","IMBABURA","COTACACHI",10,1003,2021,54615,2,"Febrero",54.615
"5943","IMBABURA","COTACACHI",10,1003,2021,54615,3,"Marzo",54.615
"5944","IMBABURA","COTACACHI",10,1003,2021,54615,4,"Abril",54.615
"5945","IMBABURA","COTACACHI",10,1003,2021,54615,5,"Mayo",54.615
"5946","IMBABURA","COTACACHI",10,1003,2021,54615,6,"Junio",54.615
"5947","IMBABURA","COTACACHI",10,1003,2021,54615,7,"Julio",54.615
"5948","IMBABURA","COTACACHI",10,1003,2021,54615,8,"Agosto",54.615
"5949","IMBABURA","COTACACHI",10,1003,2021,54615,9,"Septiembre",54.615
"5950","IMBABURA","COTACACHI",10,1003,2021,54615,10,"Octubre",54.615
"5951","IMBABURA","COTACACHI",10,1003,2021,54615,11,"Noviembre",54.615
"5952","IMBABURA","COTACACHI",10,1003,2021,54615,12,"Diciembre",54.615
"5953","IMBABURA","COTACACHI",10,1003,2022,55125,1,"Enero",55.125
"5954","IMBABURA","COTACACHI",10,1003,2022,55125,2,"Febrero",55.125
"5955","IMBABURA","COTACACHI",10,1003,2022,55125,3,"Marzo",55.125
"5956","IMBABURA","COTACACHI",10,1003,2022,55125,4,"Abril",55.125
"5957","IMBABURA","COTACACHI",10,1003,2022,55125,5,"Mayo",55.125
"5958","IMBABURA","COTACACHI",10,1003,2022,55125,6,"Junio",55.125
"5959","IMBABURA","COTACACHI",10,1003,2022,55125,7,"Julio",55.125
"5960","IMBABURA","COTACACHI",10,1003,2022,55125,8,"Agosto",55.125
"5961","IMBABURA","COTACACHI",10,1003,2022,55125,9,"Septiembre",55.125
"5962","IMBABURA","COTACACHI",10,1003,2022,55125,10,"Octubre",55.125
"5963","IMBABURA","COTACACHI",10,1003,2022,55125,11,"Noviembre",55.125
"5964","IMBABURA","COTACACHI",10,1003,2022,55125,12,"Diciembre",55.125
"5965","IMBABURA","COTACACHI",10,1003,2023,55674,1,"Enero",55.674
"5966","IMBABURA","COTACACHI",10,1003,2023,55674,2,"Febrero",55.674
"5967","IMBABURA","COTACACHI",10,1003,2023,55674,3,"Marzo",55.674
"5968","IMBABURA","COTACACHI",10,1003,2023,55674,4,"Abril",55.674
"5969","IMBABURA","COTACACHI",10,1003,2023,55674,5,"Mayo",55.674
"5970","IMBABURA","COTACACHI",10,1003,2023,55674,6,"Junio",55.674
"5971","IMBABURA","COTACACHI",10,1003,2023,55674,7,"Julio",55.674
"5972","IMBABURA","COTACACHI",10,1003,2023,55674,8,"Agosto",55.674
"5973","IMBABURA","COTACACHI",10,1003,2023,55674,9,"Septiembre",55.674
"5974","IMBABURA","COTACACHI",10,1003,2023,55674,10,"Octubre",55.674
"5975","IMBABURA","COTACACHI",10,1003,2023,55674,11,"Noviembre",55.674
"5976","IMBABURA","COTACACHI",10,1003,2023,55674,12,"Diciembre",55.674
"5977","IMBABURA","COTACACHI",10,1003,2024,56225,1,"Enero",56.225
"5978","IMBABURA","COTACACHI",10,1003,2024,56225,2,"Febrero",56.225
"5979","IMBABURA","COTACACHI",10,1003,2024,56225,3,"Marzo",56.225
"5980","IMBABURA","COTACACHI",10,1003,2024,56225,4,"Abril",56.225
"5981","IMBABURA","COTACACHI",10,1003,2024,56225,5,"Mayo",56.225
"5982","IMBABURA","COTACACHI",10,1003,2024,56225,6,"Junio",56.225
"5983","IMBABURA","COTACACHI",10,1003,2024,56225,7,"Julio",56.225
"5984","IMBABURA","COTACACHI",10,1003,2024,56225,8,"Agosto",56.225
"5985","IMBABURA","COTACACHI",10,1003,2024,56225,9,"Septiembre",56.225
"5986","IMBABURA","COTACACHI",10,1003,2024,56225,10,"Octubre",56.225
"5987","IMBABURA","COTACACHI",10,1003,2024,56225,11,"Noviembre",56.225
"5988","IMBABURA","COTACACHI",10,1003,2024,56225,12,"Diciembre",56.225
"5989","IMBABURA","COTACACHI",10,1003,2025,56779,1,"Enero",56.779
"5990","IMBABURA","COTACACHI",10,1003,2025,56779,2,"Febrero",56.779
"5991","IMBABURA","COTACACHI",10,1003,2025,56779,3,"Marzo",56.779
"5992","IMBABURA","COTACACHI",10,1003,2025,56779,4,"Abril",56.779
"5993","IMBABURA","COTACACHI",10,1003,2025,56779,5,"Mayo",56.779
"5994","IMBABURA","COTACACHI",10,1003,2025,56779,6,"Junio",56.779
"5995","IMBABURA","COTACACHI",10,1003,2025,56779,7,"Julio",56.779
"5996","IMBABURA","COTACACHI",10,1003,2025,56779,8,"Agosto",56.779
"5997","IMBABURA","COTACACHI",10,1003,2025,56779,9,"Septiembre",56.779
"5998","IMBABURA","COTACACHI",10,1003,2025,56779,10,"Octubre",56.779
"5999","IMBABURA","COTACACHI",10,1003,2025,56779,11,"Noviembre",56.779
"6000","IMBABURA","COTACACHI",10,1003,2025,56779,12,"Diciembre",56.779
"6001","IMBABURA","OTAVALO",10,1004,2021,120072,1,"Enero",120.072
"6002","IMBABURA","OTAVALO",10,1004,2021,120072,2,"Febrero",120.072
"6003","IMBABURA","OTAVALO",10,1004,2021,120072,3,"Marzo",120.072
"6004","IMBABURA","OTAVALO",10,1004,2021,120072,4,"Abril",120.072
"6005","IMBABURA","OTAVALO",10,1004,2021,120072,5,"Mayo",120.072
"6006","IMBABURA","OTAVALO",10,1004,2021,120072,6,"Junio",120.072
"6007","IMBABURA","OTAVALO",10,1004,2021,120072,7,"Julio",120.072
"6008","IMBABURA","OTAVALO",10,1004,2021,120072,8,"Agosto",120.072
"6009","IMBABURA","OTAVALO",10,1004,2021,120072,9,"Septiembre",120.072
"6010","IMBABURA","OTAVALO",10,1004,2021,120072,10,"Octubre",120.072
"6011","IMBABURA","OTAVALO",10,1004,2021,120072,11,"Noviembre",120.072
"6012","IMBABURA","OTAVALO",10,1004,2021,120072,12,"Diciembre",120.072
"6013","IMBABURA","OTAVALO",10,1004,2022,120237,1,"Enero",120.237
"6014","IMBABURA","OTAVALO",10,1004,2022,120237,2,"Febrero",120.237
"6015","IMBABURA","OTAVALO",10,1004,2022,120237,3,"Marzo",120.237
"6016","IMBABURA","OTAVALO",10,1004,2022,120237,4,"Abril",120.237
"6017","IMBABURA","OTAVALO",10,1004,2022,120237,5,"Mayo",120.237
"6018","IMBABURA","OTAVALO",10,1004,2022,120237,6,"Junio",120.237
"6019","IMBABURA","OTAVALO",10,1004,2022,120237,7,"Julio",120.237
"6020","IMBABURA","OTAVALO",10,1004,2022,120237,8,"Agosto",120.237
"6021","IMBABURA","OTAVALO",10,1004,2022,120237,9,"Septiembre",120.237
"6022","IMBABURA","OTAVALO",10,1004,2022,120237,10,"Octubre",120.237
"6023","IMBABURA","OTAVALO",10,1004,2022,120237,11,"Noviembre",120.237
"6024","IMBABURA","OTAVALO",10,1004,2022,120237,12,"Diciembre",120.237
"6025","IMBABURA","OTAVALO",10,1004,2023,120495,1,"Enero",120.495
"6026","IMBABURA","OTAVALO",10,1004,2023,120495,2,"Febrero",120.495
"6027","IMBABURA","OTAVALO",10,1004,2023,120495,3,"Marzo",120.495
"6028","IMBABURA","OTAVALO",10,1004,2023,120495,4,"Abril",120.495
"6029","IMBABURA","OTAVALO",10,1004,2023,120495,5,"Mayo",120.495
"6030","IMBABURA","OTAVALO",10,1004,2023,120495,6,"Junio",120.495
"6031","IMBABURA","OTAVALO",10,1004,2023,120495,7,"Julio",120.495
"6032","IMBABURA","OTAVALO",10,1004,2023,120495,8,"Agosto",120.495
"6033","IMBABURA","OTAVALO",10,1004,2023,120495,9,"Septiembre",120.495
"6034","IMBABURA","OTAVALO",10,1004,2023,120495,10,"Octubre",120.495
"6035","IMBABURA","OTAVALO",10,1004,2023,120495,11,"Noviembre",120.495
"6036","IMBABURA","OTAVALO",10,1004,2023,120495,12,"Diciembre",120.495
"6037","IMBABURA","OTAVALO",10,1004,2024,120764,1,"Enero",120.764
"6038","IMBABURA","OTAVALO",10,1004,2024,120764,2,"Febrero",120.764
"6039","IMBABURA","OTAVALO",10,1004,2024,120764,3,"Marzo",120.764
"6040","IMBABURA","OTAVALO",10,1004,2024,120764,4,"Abril",120.764
"6041","IMBABURA","OTAVALO",10,1004,2024,120764,5,"Mayo",120.764
"6042","IMBABURA","OTAVALO",10,1004,2024,120764,6,"Junio",120.764
"6043","IMBABURA","OTAVALO",10,1004,2024,120764,7,"Julio",120.764
"6044","IMBABURA","OTAVALO",10,1004,2024,120764,8,"Agosto",120.764
"6045","IMBABURA","OTAVALO",10,1004,2024,120764,9,"Septiembre",120.764
"6046","IMBABURA","OTAVALO",10,1004,2024,120764,10,"Octubre",120.764
"6047","IMBABURA","OTAVALO",10,1004,2024,120764,11,"Noviembre",120.764
"6048","IMBABURA","OTAVALO",10,1004,2024,120764,12,"Diciembre",120.764
"6049","IMBABURA","OTAVALO",10,1004,2025,121046,1,"Enero",121.046
"6050","IMBABURA","OTAVALO",10,1004,2025,121046,2,"Febrero",121.046
"6051","IMBABURA","OTAVALO",10,1004,2025,121046,3,"Marzo",121.046
"6052","IMBABURA","OTAVALO",10,1004,2025,121046,4,"Abril",121.046
"6053","IMBABURA","OTAVALO",10,1004,2025,121046,5,"Mayo",121.046
"6054","IMBABURA","OTAVALO",10,1004,2025,121046,6,"Junio",121.046
"6055","IMBABURA","OTAVALO",10,1004,2025,121046,7,"Julio",121.046
"6056","IMBABURA","OTAVALO",10,1004,2025,121046,8,"Agosto",121.046
"6057","IMBABURA","OTAVALO",10,1004,2025,121046,9,"Septiembre",121.046
"6058","IMBABURA","OTAVALO",10,1004,2025,121046,10,"Octubre",121.046
"6059","IMBABURA","OTAVALO",10,1004,2025,121046,11,"Noviembre",121.046
"6060","IMBABURA","OTAVALO",10,1004,2025,121046,12,"Diciembre",121.046
"6061","IMBABURA","PIMAMPIRO",10,1005,2021,14211,1,"Enero",14.211
"6062","IMBABURA","PIMAMPIRO",10,1005,2021,14211,2,"Febrero",14.211
"6063","IMBABURA","PIMAMPIRO",10,1005,2021,14211,3,"Marzo",14.211
"6064","IMBABURA","PIMAMPIRO",10,1005,2021,14211,4,"Abril",14.211
"6065","IMBABURA","PIMAMPIRO",10,1005,2021,14211,5,"Mayo",14.211
"6066","IMBABURA","PIMAMPIRO",10,1005,2021,14211,6,"Junio",14.211
"6067","IMBABURA","PIMAMPIRO",10,1005,2021,14211,7,"Julio",14.211
"6068","IMBABURA","PIMAMPIRO",10,1005,2021,14211,8,"Agosto",14.211
"6069","IMBABURA","PIMAMPIRO",10,1005,2021,14211,9,"Septiembre",14.211
"6070","IMBABURA","PIMAMPIRO",10,1005,2021,14211,10,"Octubre",14.211
"6071","IMBABURA","PIMAMPIRO",10,1005,2021,14211,11,"Noviembre",14.211
"6072","IMBABURA","PIMAMPIRO",10,1005,2021,14211,12,"Diciembre",14.211
"6073","IMBABURA","PIMAMPIRO",10,1005,2022,14181,1,"Enero",14.181
"6074","IMBABURA","PIMAMPIRO",10,1005,2022,14181,2,"Febrero",14.181
"6075","IMBABURA","PIMAMPIRO",10,1005,2022,14181,3,"Marzo",14.181
"6076","IMBABURA","PIMAMPIRO",10,1005,2022,14181,4,"Abril",14.181
"6077","IMBABURA","PIMAMPIRO",10,1005,2022,14181,5,"Mayo",14.181
"6078","IMBABURA","PIMAMPIRO",10,1005,2022,14181,6,"Junio",14.181
"6079","IMBABURA","PIMAMPIRO",10,1005,2022,14181,7,"Julio",14.181
"6080","IMBABURA","PIMAMPIRO",10,1005,2022,14181,8,"Agosto",14.181
"6081","IMBABURA","PIMAMPIRO",10,1005,2022,14181,9,"Septiembre",14.181
"6082","IMBABURA","PIMAMPIRO",10,1005,2022,14181,10,"Octubre",14.181
"6083","IMBABURA","PIMAMPIRO",10,1005,2022,14181,11,"Noviembre",14.181
"6084","IMBABURA","PIMAMPIRO",10,1005,2022,14181,12,"Diciembre",14.181
"6085","IMBABURA","PIMAMPIRO",10,1005,2023,14165,1,"Enero",14.165
"6086","IMBABURA","PIMAMPIRO",10,1005,2023,14165,2,"Febrero",14.165
"6087","IMBABURA","PIMAMPIRO",10,1005,2023,14165,3,"Marzo",14.165
"6088","IMBABURA","PIMAMPIRO",10,1005,2023,14165,4,"Abril",14.165
"6089","IMBABURA","PIMAMPIRO",10,1005,2023,14165,5,"Mayo",14.165
"6090","IMBABURA","PIMAMPIRO",10,1005,2023,14165,6,"Junio",14.165
"6091","IMBABURA","PIMAMPIRO",10,1005,2023,14165,7,"Julio",14.165
"6092","IMBABURA","PIMAMPIRO",10,1005,2023,14165,8,"Agosto",14.165
"6093","IMBABURA","PIMAMPIRO",10,1005,2023,14165,9,"Septiembre",14.165
"6094","IMBABURA","PIMAMPIRO",10,1005,2023,14165,10,"Octubre",14.165
"6095","IMBABURA","PIMAMPIRO",10,1005,2023,14165,11,"Noviembre",14.165
"6096","IMBABURA","PIMAMPIRO",10,1005,2023,14165,12,"Diciembre",14.165
"6097","IMBABURA","PIMAMPIRO",10,1005,2024,14155,1,"Enero",14.155
"6098","IMBABURA","PIMAMPIRO",10,1005,2024,14155,2,"Febrero",14.155
"6099","IMBABURA","PIMAMPIRO",10,1005,2024,14155,3,"Marzo",14.155
"6100","IMBABURA","PIMAMPIRO",10,1005,2024,14155,4,"Abril",14.155
"6101","IMBABURA","PIMAMPIRO",10,1005,2024,14155,5,"Mayo",14.155
"6102","IMBABURA","PIMAMPIRO",10,1005,2024,14155,6,"Junio",14.155
"6103","IMBABURA","PIMAMPIRO",10,1005,2024,14155,7,"Julio",14.155
"6104","IMBABURA","PIMAMPIRO",10,1005,2024,14155,8,"Agosto",14.155
"6105","IMBABURA","PIMAMPIRO",10,1005,2024,14155,9,"Septiembre",14.155
"6106","IMBABURA","PIMAMPIRO",10,1005,2024,14155,10,"Octubre",14.155
"6107","IMBABURA","PIMAMPIRO",10,1005,2024,14155,11,"Noviembre",14.155
"6108","IMBABURA","PIMAMPIRO",10,1005,2024,14155,12,"Diciembre",14.155
"6109","IMBABURA","PIMAMPIRO",10,1005,2025,14151,1,"Enero",14.151
"6110","IMBABURA","PIMAMPIRO",10,1005,2025,14151,2,"Febrero",14.151
"6111","IMBABURA","PIMAMPIRO",10,1005,2025,14151,3,"Marzo",14.151
"6112","IMBABURA","PIMAMPIRO",10,1005,2025,14151,4,"Abril",14.151
"6113","IMBABURA","PIMAMPIRO",10,1005,2025,14151,5,"Mayo",14.151
"6114","IMBABURA","PIMAMPIRO",10,1005,2025,14151,6,"Junio",14.151
"6115","IMBABURA","PIMAMPIRO",10,1005,2025,14151,7,"Julio",14.151
"6116","IMBABURA","PIMAMPIRO",10,1005,2025,14151,8,"Agosto",14.151
"6117","IMBABURA","PIMAMPIRO",10,1005,2025,14151,9,"Septiembre",14.151
"6118","IMBABURA","PIMAMPIRO",10,1005,2025,14151,10,"Octubre",14.151
"6119","IMBABURA","PIMAMPIRO",10,1005,2025,14151,11,"Noviembre",14.151
"6120","IMBABURA","PIMAMPIRO",10,1005,2025,14151,12,"Diciembre",14.151
"6121","IMBABURA","SAN MIGUEL DE URCUQUI",10,1006,2021,18231,1,"Enero",18.231
"6122","IMBABURA","SAN MIGUEL DE URCUQUI",10,1006,2021,18231,2,"Febrero",18.231
"6123","IMBABURA","SAN MIGUEL DE URCUQUI",10,1006,2021,18231,3,"Marzo",18.231
"6124","IMBABURA","SAN MIGUEL DE URCUQUI",10,1006,2021,18231,4,"Abril",18.231
"6125","IMBABURA","SAN MIGUEL DE URCUQUI",10,1006,2021,18231,5,"Mayo",18.231
"6126","IMBABURA","SAN MIGUEL DE URCUQUI",10,1006,2021,18231,6,"Junio",18.231
"6127","IMBABURA","SAN MIGUEL DE URCUQUI",10,1006,2021,18231,7,"Julio",18.231
"6128","IMBABURA","SAN MIGUEL DE URCUQUI",10,1006,2021,18231,8,"Agosto",18.231
"6129","IMBABURA","SAN MIGUEL DE URCUQUI",10,1006,2021,18231,9,"Septiembre",18.231
"6130","IMBABURA","SAN MIGUEL DE URCUQUI",10,1006,2021,18231,10,"Octubre",18.231
"6131","IMBABURA","SAN MIGUEL DE URCUQUI",10,1006,2021,18231,11,"Noviembre",18.231
"6132","IMBABURA","SAN MIGUEL DE URCUQUI",10,1006,2021,18231,12,"Diciembre",18.231
"6133","IMBABURA","SAN MIGUEL DE URCUQUI",10,1006,2022,18312,1,"Enero",18.312
"6134","IMBABURA","SAN MIGUEL DE URCUQUI",10,1006,2022,18312,2,"Febrero",18.312
"6135","IMBABURA","SAN MIGUEL DE URCUQUI",10,1006,2022,18312,3,"Marzo",18.312
"6136","IMBABURA","SAN MIGUEL DE URCUQUI",10,1006,2022,18312,4,"Abril",18.312
"6137","IMBABURA","SAN MIGUEL DE URCUQUI",10,1006,2022,18312,5,"Mayo",18.312
"6138","IMBABURA","SAN MIGUEL DE URCUQUI",10,1006,2022,18312,6,"Junio",18.312
"6139","IMBABURA","SAN MIGUEL DE URCUQUI",10,1006,2022,18312,7,"Julio",18.312
"6140","IMBABURA","SAN MIGUEL DE URCUQUI",10,1006,2022,18312,8,"Agosto",18.312
"6141","IMBABURA","SAN MIGUEL DE URCUQUI",10,1006,2022,18312,9,"Septiembre",18.312
"6142","IMBABURA","SAN MIGUEL DE URCUQUI",10,1006,2022,18312,10,"Octubre",18.312
"6143","IMBABURA","SAN MIGUEL DE URCUQUI",10,1006,2022,18312,11,"Noviembre",18.312
"6144","IMBABURA","SAN MIGUEL DE URCUQUI",10,1006,2022,18312,12,"Diciembre",18.312
"6145","IMBABURA","SAN MIGUEL DE URCUQUI",10,1006,2023,18406,1,"Enero",18.406
"6146","IMBABURA","SAN MIGUEL DE URCUQUI",10,1006,2023,18406,2,"Febrero",18.406
"6147","IMBABURA","SAN MIGUEL DE URCUQUI",10,1006,2023,18406,3,"Marzo",18.406
"6148","IMBABURA","SAN MIGUEL DE URCUQUI",10,1006,2023,18406,4,"Abril",18.406
"6149","IMBABURA","SAN MIGUEL DE URCUQUI",10,1006,2023,18406,5,"Mayo",18.406
"6150","IMBABURA","SAN MIGUEL DE URCUQUI",10,1006,2023,18406,6,"Junio",18.406
"6151","IMBABURA","SAN MIGUEL DE URCUQUI",10,1006,2023,18406,7,"Julio",18.406
"6152","IMBABURA","SAN MIGUEL DE URCUQUI",10,1006,2023,18406,8,"Agosto",18.406
"6153","IMBABURA","SAN MIGUEL DE URCUQUI",10,1006,2023,18406,9,"Septiembre",18.406
"6154","IMBABURA","SAN MIGUEL DE URCUQUI",10,1006,2023,18406,10,"Octubre",18.406
"6155","IMBABURA","SAN MIGUEL DE URCUQUI",10,1006,2023,18406,11,"Noviembre",18.406
"6156","IMBABURA","SAN MIGUEL DE URCUQUI",10,1006,2023,18406,12,"Diciembre",18.406
"6157","IMBABURA","SAN MIGUEL DE URCUQUI",10,1006,2024,18499,1,"Enero",18.499
"6158","IMBABURA","SAN MIGUEL DE URCUQUI",10,1006,2024,18499,2,"Febrero",18.499
"6159","IMBABURA","SAN MIGUEL DE URCUQUI",10,1006,2024,18499,3,"Marzo",18.499
"6160","IMBABURA","SAN MIGUEL DE URCUQUI",10,1006,2024,18499,4,"Abril",18.499
"6161","IMBABURA","SAN MIGUEL DE URCUQUI",10,1006,2024,18499,5,"Mayo",18.499
"6162","IMBABURA","SAN MIGUEL DE URCUQUI",10,1006,2024,18499,6,"Junio",18.499
"6163","IMBABURA","SAN MIGUEL DE URCUQUI",10,1006,2024,18499,7,"Julio",18.499
"6164","IMBABURA","SAN MIGUEL DE URCUQUI",10,1006,2024,18499,8,"Agosto",18.499
"6165","IMBABURA","SAN MIGUEL DE URCUQUI",10,1006,2024,18499,9,"Septiembre",18.499
"6166","IMBABURA","SAN MIGUEL DE URCUQUI",10,1006,2024,18499,10,"Octubre",18.499
"6167","IMBABURA","SAN MIGUEL DE URCUQUI",10,1006,2024,18499,11,"Noviembre",18.499
"6168","IMBABURA","SAN MIGUEL DE URCUQUI",10,1006,2024,18499,12,"Diciembre",18.499
"6169","IMBABURA","SAN MIGUEL DE URCUQUI",10,1006,2025,18593,1,"Enero",18.593
"6170","IMBABURA","SAN MIGUEL DE URCUQUI",10,1006,2025,18593,2,"Febrero",18.593
"6171","IMBABURA","SAN MIGUEL DE URCUQUI",10,1006,2025,18593,3,"Marzo",18.593
"6172","IMBABURA","SAN MIGUEL DE URCUQUI",10,1006,2025,18593,4,"Abril",18.593
"6173","IMBABURA","SAN MIGUEL DE URCUQUI",10,1006,2025,18593,5,"Mayo",18.593
"6174","IMBABURA","SAN MIGUEL DE URCUQUI",10,1006,2025,18593,6,"Junio",18.593
"6175","IMBABURA","SAN MIGUEL DE URCUQUI",10,1006,2025,18593,7,"Julio",18.593
"6176","IMBABURA","SAN MIGUEL DE URCUQUI",10,1006,2025,18593,8,"Agosto",18.593
"6177","IMBABURA","SAN MIGUEL DE URCUQUI",10,1006,2025,18593,9,"Septiembre",18.593
"6178","IMBABURA","SAN MIGUEL DE URCUQUI",10,1006,2025,18593,10,"Octubre",18.593
"6179","IMBABURA","SAN MIGUEL DE URCUQUI",10,1006,2025,18593,11,"Noviembre",18.593
"6180","IMBABURA","SAN MIGUEL DE URCUQUI",10,1006,2025,18593,12,"Diciembre",18.593
"6181","LOJA","LOJA",11,1101,2021,253496,1,"Enero",253.496
"6182","LOJA","LOJA",11,1101,2021,253496,2,"Febrero",253.496
"6183","LOJA","LOJA",11,1101,2021,253496,3,"Marzo",253.496
"6184","LOJA","LOJA",11,1101,2021,253496,4,"Abril",253.496
"6185","LOJA","LOJA",11,1101,2021,253496,5,"Mayo",253.496
"6186","LOJA","LOJA",11,1101,2021,253496,6,"Junio",253.496
"6187","LOJA","LOJA",11,1101,2021,253496,7,"Julio",253.496
"6188","LOJA","LOJA",11,1101,2021,253496,8,"Agosto",253.496
"6189","LOJA","LOJA",11,1101,2021,253496,9,"Septiembre",253.496
"6190","LOJA","LOJA",11,1101,2021,253496,10,"Octubre",253.496
"6191","LOJA","LOJA",11,1101,2021,253496,11,"Noviembre",253.496
"6192","LOJA","LOJA",11,1101,2021,253496,12,"Diciembre",253.496
"6193","LOJA","LOJA",11,1101,2022,254463,1,"Enero",254.463
"6194","LOJA","LOJA",11,1101,2022,254463,2,"Febrero",254.463
"6195","LOJA","LOJA",11,1101,2022,254463,3,"Marzo",254.463
"6196","LOJA","LOJA",11,1101,2022,254463,4,"Abril",254.463
"6197","LOJA","LOJA",11,1101,2022,254463,5,"Mayo",254.463
"6198","LOJA","LOJA",11,1101,2022,254463,6,"Junio",254.463
"6199","LOJA","LOJA",11,1101,2022,254463,7,"Julio",254.463
"6200","LOJA","LOJA",11,1101,2022,254463,8,"Agosto",254.463
"6201","LOJA","LOJA",11,1101,2022,254463,9,"Septiembre",254.463
"6202","LOJA","LOJA",11,1101,2022,254463,10,"Octubre",254.463
"6203","LOJA","LOJA",11,1101,2022,254463,11,"Noviembre",254.463
"6204","LOJA","LOJA",11,1101,2022,254463,12,"Diciembre",254.463
"6205","LOJA","LOJA",11,1101,2023,255762,1,"Enero",255.762
"6206","LOJA","LOJA",11,1101,2023,255762,2,"Febrero",255.762
"6207","LOJA","LOJA",11,1101,2023,255762,3,"Marzo",255.762
"6208","LOJA","LOJA",11,1101,2023,255762,4,"Abril",255.762
"6209","LOJA","LOJA",11,1101,2023,255762,5,"Mayo",255.762
"6210","LOJA","LOJA",11,1101,2023,255762,6,"Junio",255.762
"6211","LOJA","LOJA",11,1101,2023,255762,7,"Julio",255.762
"6212","LOJA","LOJA",11,1101,2023,255762,8,"Agosto",255.762
"6213","LOJA","LOJA",11,1101,2023,255762,9,"Septiembre",255.762
"6214","LOJA","LOJA",11,1101,2023,255762,10,"Octubre",255.762
"6215","LOJA","LOJA",11,1101,2023,255762,11,"Noviembre",255.762
"6216","LOJA","LOJA",11,1101,2023,255762,12,"Diciembre",255.762
"6217","LOJA","LOJA",11,1101,2024,257110,1,"Enero",257.11
"6218","LOJA","LOJA",11,1101,2024,257110,2,"Febrero",257.11
"6219","LOJA","LOJA",11,1101,2024,257110,3,"Marzo",257.11
"6220","LOJA","LOJA",11,1101,2024,257110,4,"Abril",257.11
"6221","LOJA","LOJA",11,1101,2024,257110,5,"Mayo",257.11
"6222","LOJA","LOJA",11,1101,2024,257110,6,"Junio",257.11
"6223","LOJA","LOJA",11,1101,2024,257110,7,"Julio",257.11
"6224","LOJA","LOJA",11,1101,2024,257110,8,"Agosto",257.11
"6225","LOJA","LOJA",11,1101,2024,257110,9,"Septiembre",257.11
"6226","LOJA","LOJA",11,1101,2024,257110,10,"Octubre",257.11
"6227","LOJA","LOJA",11,1101,2024,257110,11,"Noviembre",257.11
"6228","LOJA","LOJA",11,1101,2024,257110,12,"Diciembre",257.11
"6229","LOJA","LOJA",11,1101,2025,258514,1,"Enero",258.514
"6230","LOJA","LOJA",11,1101,2025,258514,2,"Febrero",258.514
"6231","LOJA","LOJA",11,1101,2025,258514,3,"Marzo",258.514
"6232","LOJA","LOJA",11,1101,2025,258514,4,"Abril",258.514
"6233","LOJA","LOJA",11,1101,2025,258514,5,"Mayo",258.514
"6234","LOJA","LOJA",11,1101,2025,258514,6,"Junio",258.514
"6235","LOJA","LOJA",11,1101,2025,258514,7,"Julio",258.514
"6236","LOJA","LOJA",11,1101,2025,258514,8,"Agosto",258.514
"6237","LOJA","LOJA",11,1101,2025,258514,9,"Septiembre",258.514
"6238","LOJA","LOJA",11,1101,2025,258514,10,"Octubre",258.514
"6239","LOJA","LOJA",11,1101,2025,258514,11,"Noviembre",258.514
"6240","LOJA","LOJA",11,1101,2025,258514,12,"Diciembre",258.514
"6241","LOJA","CALVAS",11,1102,2021,27358,1,"Enero",27.358
"6242","LOJA","CALVAS",11,1102,2021,27358,2,"Febrero",27.358
"6243","LOJA","CALVAS",11,1102,2021,27358,3,"Marzo",27.358
"6244","LOJA","CALVAS",11,1102,2021,27358,4,"Abril",27.358
"6245","LOJA","CALVAS",11,1102,2021,27358,5,"Mayo",27.358
"6246","LOJA","CALVAS",11,1102,2021,27358,6,"Junio",27.358
"6247","LOJA","CALVAS",11,1102,2021,27358,7,"Julio",27.358
"6248","LOJA","CALVAS",11,1102,2021,27358,8,"Agosto",27.358
"6249","LOJA","CALVAS",11,1102,2021,27358,9,"Septiembre",27.358
"6250","LOJA","CALVAS",11,1102,2021,27358,10,"Octubre",27.358
"6251","LOJA","CALVAS",11,1102,2021,27358,11,"Noviembre",27.358
"6252","LOJA","CALVAS",11,1102,2021,27358,12,"Diciembre",27.358
"6253","LOJA","CALVAS",11,1102,2022,27020,1,"Enero",27.02
"6254","LOJA","CALVAS",11,1102,2022,27020,2,"Febrero",27.02
"6255","LOJA","CALVAS",11,1102,2022,27020,3,"Marzo",27.02
"6256","LOJA","CALVAS",11,1102,2022,27020,4,"Abril",27.02
"6257","LOJA","CALVAS",11,1102,2022,27020,5,"Mayo",27.02
"6258","LOJA","CALVAS",11,1102,2022,27020,6,"Junio",27.02
"6259","LOJA","CALVAS",11,1102,2022,27020,7,"Julio",27.02
"6260","LOJA","CALVAS",11,1102,2022,27020,8,"Agosto",27.02
"6261","LOJA","CALVAS",11,1102,2022,27020,9,"Septiembre",27.02
"6262","LOJA","CALVAS",11,1102,2022,27020,10,"Octubre",27.02
"6263","LOJA","CALVAS",11,1102,2022,27020,11,"Noviembre",27.02
"6264","LOJA","CALVAS",11,1102,2022,27020,12,"Diciembre",27.02
"6265","LOJA","CALVAS",11,1102,2023,26760,1,"Enero",26.76
"6266","LOJA","CALVAS",11,1102,2023,26760,2,"Febrero",26.76
"6267","LOJA","CALVAS",11,1102,2023,26760,3,"Marzo",26.76
"6268","LOJA","CALVAS",11,1102,2023,26760,4,"Abril",26.76
"6269","LOJA","CALVAS",11,1102,2023,26760,5,"Mayo",26.76
"6270","LOJA","CALVAS",11,1102,2023,26760,6,"Junio",26.76
"6271","LOJA","CALVAS",11,1102,2023,26760,7,"Julio",26.76
"6272","LOJA","CALVAS",11,1102,2023,26760,8,"Agosto",26.76
"6273","LOJA","CALVAS",11,1102,2023,26760,9,"Septiembre",26.76
"6274","LOJA","CALVAS",11,1102,2023,26760,10,"Octubre",26.76
"6275","LOJA","CALVAS",11,1102,2023,26760,11,"Noviembre",26.76
"6276","LOJA","CALVAS",11,1102,2023,26760,12,"Diciembre",26.76
"6277","LOJA","CALVAS",11,1102,2024,26544,1,"Enero",26.544
"6278","LOJA","CALVAS",11,1102,2024,26544,2,"Febrero",26.544
"6279","LOJA","CALVAS",11,1102,2024,26544,3,"Marzo",26.544
"6280","LOJA","CALVAS",11,1102,2024,26544,4,"Abril",26.544
"6281","LOJA","CALVAS",11,1102,2024,26544,5,"Mayo",26.544
"6282","LOJA","CALVAS",11,1102,2024,26544,6,"Junio",26.544
"6283","LOJA","CALVAS",11,1102,2024,26544,7,"Julio",26.544
"6284","LOJA","CALVAS",11,1102,2024,26544,8,"Agosto",26.544
"6285","LOJA","CALVAS",11,1102,2024,26544,9,"Septiembre",26.544
"6286","LOJA","CALVAS",11,1102,2024,26544,10,"Octubre",26.544
"6287","LOJA","CALVAS",11,1102,2024,26544,11,"Noviembre",26.544
"6288","LOJA","CALVAS",11,1102,2024,26544,12,"Diciembre",26.544
"6289","LOJA","CALVAS",11,1102,2025,26374,1,"Enero",26.374
"6290","LOJA","CALVAS",11,1102,2025,26374,2,"Febrero",26.374
"6291","LOJA","CALVAS",11,1102,2025,26374,3,"Marzo",26.374
"6292","LOJA","CALVAS",11,1102,2025,26374,4,"Abril",26.374
"6293","LOJA","CALVAS",11,1102,2025,26374,5,"Mayo",26.374
"6294","LOJA","CALVAS",11,1102,2025,26374,6,"Junio",26.374
"6295","LOJA","CALVAS",11,1102,2025,26374,7,"Julio",26.374
"6296","LOJA","CALVAS",11,1102,2025,26374,8,"Agosto",26.374
"6297","LOJA","CALVAS",11,1102,2025,26374,9,"Septiembre",26.374
"6298","LOJA","CALVAS",11,1102,2025,26374,10,"Octubre",26.374
"6299","LOJA","CALVAS",11,1102,2025,26374,11,"Noviembre",26.374
"6300","LOJA","CALVAS",11,1102,2025,26374,12,"Diciembre",26.374
"6301","LOJA","CATAMAYO",11,1103,2021,35550,1,"Enero",35.55
"6302","LOJA","CATAMAYO",11,1103,2021,35550,2,"Febrero",35.55
"6303","LOJA","CATAMAYO",11,1103,2021,35550,3,"Marzo",35.55
"6304","LOJA","CATAMAYO",11,1103,2021,35550,4,"Abril",35.55
"6305","LOJA","CATAMAYO",11,1103,2021,35550,5,"Mayo",35.55
"6306","LOJA","CATAMAYO",11,1103,2021,35550,6,"Junio",35.55
"6307","LOJA","CATAMAYO",11,1103,2021,35550,7,"Julio",35.55
"6308","LOJA","CATAMAYO",11,1103,2021,35550,8,"Agosto",35.55
"6309","LOJA","CATAMAYO",11,1103,2021,35550,9,"Septiembre",35.55
"6310","LOJA","CATAMAYO",11,1103,2021,35550,10,"Octubre",35.55
"6311","LOJA","CATAMAYO",11,1103,2021,35550,11,"Noviembre",35.55
"6312","LOJA","CATAMAYO",11,1103,2021,35550,12,"Diciembre",35.55
"6313","LOJA","CATAMAYO",11,1103,2022,35734,1,"Enero",35.734
"6314","LOJA","CATAMAYO",11,1103,2022,35734,2,"Febrero",35.734
"6315","LOJA","CATAMAYO",11,1103,2022,35734,3,"Marzo",35.734
"6316","LOJA","CATAMAYO",11,1103,2022,35734,4,"Abril",35.734
"6317","LOJA","CATAMAYO",11,1103,2022,35734,5,"Mayo",35.734
"6318","LOJA","CATAMAYO",11,1103,2022,35734,6,"Junio",35.734
"6319","LOJA","CATAMAYO",11,1103,2022,35734,7,"Julio",35.734
"6320","LOJA","CATAMAYO",11,1103,2022,35734,8,"Agosto",35.734
"6321","LOJA","CATAMAYO",11,1103,2022,35734,9,"Septiembre",35.734
"6322","LOJA","CATAMAYO",11,1103,2022,35734,10,"Octubre",35.734
"6323","LOJA","CATAMAYO",11,1103,2022,35734,11,"Noviembre",35.734
"6324","LOJA","CATAMAYO",11,1103,2022,35734,12,"Diciembre",35.734
"6325","LOJA","CATAMAYO",11,1103,2023,35960,1,"Enero",35.96
"6326","LOJA","CATAMAYO",11,1103,2023,35960,2,"Febrero",35.96
"6327","LOJA","CATAMAYO",11,1103,2023,35960,3,"Marzo",35.96
"6328","LOJA","CATAMAYO",11,1103,2023,35960,4,"Abril",35.96
"6329","LOJA","CATAMAYO",11,1103,2023,35960,5,"Mayo",35.96
"6330","LOJA","CATAMAYO",11,1103,2023,35960,6,"Junio",35.96
"6331","LOJA","CATAMAYO",11,1103,2023,35960,7,"Julio",35.96
"6332","LOJA","CATAMAYO",11,1103,2023,35960,8,"Agosto",35.96
"6333","LOJA","CATAMAYO",11,1103,2023,35960,9,"Septiembre",35.96
"6334","LOJA","CATAMAYO",11,1103,2023,35960,10,"Octubre",35.96
"6335","LOJA","CATAMAYO",11,1103,2023,35960,11,"Noviembre",35.96
"6336","LOJA","CATAMAYO",11,1103,2023,35960,12,"Diciembre",35.96
"6337","LOJA","CATAMAYO",11,1103,2024,36192,1,"Enero",36.192
"6338","LOJA","CATAMAYO",11,1103,2024,36192,2,"Febrero",36.192
"6339","LOJA","CATAMAYO",11,1103,2024,36192,3,"Marzo",36.192
"6340","LOJA","CATAMAYO",11,1103,2024,36192,4,"Abril",36.192
"6341","LOJA","CATAMAYO",11,1103,2024,36192,5,"Mayo",36.192
"6342","LOJA","CATAMAYO",11,1103,2024,36192,6,"Junio",36.192
"6343","LOJA","CATAMAYO",11,1103,2024,36192,7,"Julio",36.192
"6344","LOJA","CATAMAYO",11,1103,2024,36192,8,"Agosto",36.192
"6345","LOJA","CATAMAYO",11,1103,2024,36192,9,"Septiembre",36.192
"6346","LOJA","CATAMAYO",11,1103,2024,36192,10,"Octubre",36.192
"6347","LOJA","CATAMAYO",11,1103,2024,36192,11,"Noviembre",36.192
"6348","LOJA","CATAMAYO",11,1103,2024,36192,12,"Diciembre",36.192
"6349","LOJA","CATAMAYO",11,1103,2025,36428,1,"Enero",36.428
"6350","LOJA","CATAMAYO",11,1103,2025,36428,2,"Febrero",36.428
"6351","LOJA","CATAMAYO",11,1103,2025,36428,3,"Marzo",36.428
"6352","LOJA","CATAMAYO",11,1103,2025,36428,4,"Abril",36.428
"6353","LOJA","CATAMAYO",11,1103,2025,36428,5,"Mayo",36.428
"6354","LOJA","CATAMAYO",11,1103,2025,36428,6,"Junio",36.428
"6355","LOJA","CATAMAYO",11,1103,2025,36428,7,"Julio",36.428
"6356","LOJA","CATAMAYO",11,1103,2025,36428,8,"Agosto",36.428
"6357","LOJA","CATAMAYO",11,1103,2025,36428,9,"Septiembre",36.428
"6358","LOJA","CATAMAYO",11,1103,2025,36428,10,"Octubre",36.428
"6359","LOJA","CATAMAYO",11,1103,2025,36428,11,"Noviembre",36.428
"6360","LOJA","CATAMAYO",11,1103,2025,36428,12,"Diciembre",36.428
"6361","LOJA","CELICA",11,1104,2021,14907,1,"Enero",14.907
"6362","LOJA","CELICA",11,1104,2021,14907,2,"Febrero",14.907
"6363","LOJA","CELICA",11,1104,2021,14907,3,"Marzo",14.907
"6364","LOJA","CELICA",11,1104,2021,14907,4,"Abril",14.907
"6365","LOJA","CELICA",11,1104,2021,14907,5,"Mayo",14.907
"6366","LOJA","CELICA",11,1104,2021,14907,6,"Junio",14.907
"6367","LOJA","CELICA",11,1104,2021,14907,7,"Julio",14.907
"6368","LOJA","CELICA",11,1104,2021,14907,8,"Agosto",14.907
"6369","LOJA","CELICA",11,1104,2021,14907,9,"Septiembre",14.907
"6370","LOJA","CELICA",11,1104,2021,14907,10,"Octubre",14.907
"6371","LOJA","CELICA",11,1104,2021,14907,11,"Noviembre",14.907
"6372","LOJA","CELICA",11,1104,2021,14907,12,"Diciembre",14.907
"6373","LOJA","CELICA",11,1104,2022,14828,1,"Enero",14.828
"6374","LOJA","CELICA",11,1104,2022,14828,2,"Febrero",14.828
"6375","LOJA","CELICA",11,1104,2022,14828,3,"Marzo",14.828
"6376","LOJA","CELICA",11,1104,2022,14828,4,"Abril",14.828
"6377","LOJA","CELICA",11,1104,2022,14828,5,"Mayo",14.828
"6378","LOJA","CELICA",11,1104,2022,14828,6,"Junio",14.828
"6379","LOJA","CELICA",11,1104,2022,14828,7,"Julio",14.828
"6380","LOJA","CELICA",11,1104,2022,14828,8,"Agosto",14.828
"6381","LOJA","CELICA",11,1104,2022,14828,9,"Septiembre",14.828
"6382","LOJA","CELICA",11,1104,2022,14828,10,"Octubre",14.828
"6383","LOJA","CELICA",11,1104,2022,14828,11,"Noviembre",14.828
"6384","LOJA","CELICA",11,1104,2022,14828,12,"Diciembre",14.828
"6385","LOJA","CELICA",11,1104,2023,14773,1,"Enero",14.773
"6386","LOJA","CELICA",11,1104,2023,14773,2,"Febrero",14.773
"6387","LOJA","CELICA",11,1104,2023,14773,3,"Marzo",14.773
"6388","LOJA","CELICA",11,1104,2023,14773,4,"Abril",14.773
"6389","LOJA","CELICA",11,1104,2023,14773,5,"Mayo",14.773
"6390","LOJA","CELICA",11,1104,2023,14773,6,"Junio",14.773
"6391","LOJA","CELICA",11,1104,2023,14773,7,"Julio",14.773
"6392","LOJA","CELICA",11,1104,2023,14773,8,"Agosto",14.773
"6393","LOJA","CELICA",11,1104,2023,14773,9,"Septiembre",14.773
"6394","LOJA","CELICA",11,1104,2023,14773,10,"Octubre",14.773
"6395","LOJA","CELICA",11,1104,2023,14773,11,"Noviembre",14.773
"6396","LOJA","CELICA",11,1104,2023,14773,12,"Diciembre",14.773
"6397","LOJA","CELICA",11,1104,2024,14721,1,"Enero",14.721
"6398","LOJA","CELICA",11,1104,2024,14721,2,"Febrero",14.721
"6399","LOJA","CELICA",11,1104,2024,14721,3,"Marzo",14.721
"6400","LOJA","CELICA",11,1104,2024,14721,4,"Abril",14.721
"6401","LOJA","CELICA",11,1104,2024,14721,5,"Mayo",14.721
"6402","LOJA","CELICA",11,1104,2024,14721,6,"Junio",14.721
"6403","LOJA","CELICA",11,1104,2024,14721,7,"Julio",14.721
"6404","LOJA","CELICA",11,1104,2024,14721,8,"Agosto",14.721
"6405","LOJA","CELICA",11,1104,2024,14721,9,"Septiembre",14.721
"6406","LOJA","CELICA",11,1104,2024,14721,10,"Octubre",14.721
"6407","LOJA","CELICA",11,1104,2024,14721,11,"Noviembre",14.721
"6408","LOJA","CELICA",11,1104,2024,14721,12,"Diciembre",14.721
"6409","LOJA","CELICA",11,1104,2025,14676,1,"Enero",14.676
"6410","LOJA","CELICA",11,1104,2025,14676,2,"Febrero",14.676
"6411","LOJA","CELICA",11,1104,2025,14676,3,"Marzo",14.676
"6412","LOJA","CELICA",11,1104,2025,14676,4,"Abril",14.676
"6413","LOJA","CELICA",11,1104,2025,14676,5,"Mayo",14.676
"6414","LOJA","CELICA",11,1104,2025,14676,6,"Junio",14.676
"6415","LOJA","CELICA",11,1104,2025,14676,7,"Julio",14.676
"6416","LOJA","CELICA",11,1104,2025,14676,8,"Agosto",14.676
"6417","LOJA","CELICA",11,1104,2025,14676,9,"Septiembre",14.676
"6418","LOJA","CELICA",11,1104,2025,14676,10,"Octubre",14.676
"6419","LOJA","CELICA",11,1104,2025,14676,11,"Noviembre",14.676
"6420","LOJA","CELICA",11,1104,2025,14676,12,"Diciembre",14.676
"6421","LOJA","CHAGUARPAMBA",11,1105,2021,7047,1,"Enero",7.047
"6422","LOJA","CHAGUARPAMBA",11,1105,2021,7047,2,"Febrero",7.047
"6423","LOJA","CHAGUARPAMBA",11,1105,2021,7047,3,"Marzo",7.047
"6424","LOJA","CHAGUARPAMBA",11,1105,2021,7047,4,"Abril",7.047
"6425","LOJA","CHAGUARPAMBA",11,1105,2021,7047,5,"Mayo",7.047
"6426","LOJA","CHAGUARPAMBA",11,1105,2021,7047,6,"Junio",7.047
"6427","LOJA","CHAGUARPAMBA",11,1105,2021,7047,7,"Julio",7.047
"6428","LOJA","CHAGUARPAMBA",11,1105,2021,7047,8,"Agosto",7.047
"6429","LOJA","CHAGUARPAMBA",11,1105,2021,7047,9,"Septiembre",7.047
"6430","LOJA","CHAGUARPAMBA",11,1105,2021,7047,10,"Octubre",7.047
"6431","LOJA","CHAGUARPAMBA",11,1105,2021,7047,11,"Noviembre",7.047
"6432","LOJA","CHAGUARPAMBA",11,1105,2021,7047,12,"Diciembre",7.047
"6433","LOJA","CHAGUARPAMBA",11,1105,2022,6990,1,"Enero",6.99
"6434","LOJA","CHAGUARPAMBA",11,1105,2022,6990,2,"Febrero",6.99
"6435","LOJA","CHAGUARPAMBA",11,1105,2022,6990,3,"Marzo",6.99
"6436","LOJA","CHAGUARPAMBA",11,1105,2022,6990,4,"Abril",6.99
"6437","LOJA","CHAGUARPAMBA",11,1105,2022,6990,5,"Mayo",6.99
"6438","LOJA","CHAGUARPAMBA",11,1105,2022,6990,6,"Junio",6.99
"6439","LOJA","CHAGUARPAMBA",11,1105,2022,6990,7,"Julio",6.99
"6440","LOJA","CHAGUARPAMBA",11,1105,2022,6990,8,"Agosto",6.99
"6441","LOJA","CHAGUARPAMBA",11,1105,2022,6990,9,"Septiembre",6.99
"6442","LOJA","CHAGUARPAMBA",11,1105,2022,6990,10,"Octubre",6.99
"6443","LOJA","CHAGUARPAMBA",11,1105,2022,6990,11,"Noviembre",6.99
"6444","LOJA","CHAGUARPAMBA",11,1105,2022,6990,12,"Diciembre",6.99
"6445","LOJA","CHAGUARPAMBA",11,1105,2023,6945,1,"Enero",6.945
"6446","LOJA","CHAGUARPAMBA",11,1105,2023,6945,2,"Febrero",6.945
"6447","LOJA","CHAGUARPAMBA",11,1105,2023,6945,3,"Marzo",6.945
"6448","LOJA","CHAGUARPAMBA",11,1105,2023,6945,4,"Abril",6.945
"6449","LOJA","CHAGUARPAMBA",11,1105,2023,6945,5,"Mayo",6.945
"6450","LOJA","CHAGUARPAMBA",11,1105,2023,6945,6,"Junio",6.945
"6451","LOJA","CHAGUARPAMBA",11,1105,2023,6945,7,"Julio",6.945
"6452","LOJA","CHAGUARPAMBA",11,1105,2023,6945,8,"Agosto",6.945
"6453","LOJA","CHAGUARPAMBA",11,1105,2023,6945,9,"Septiembre",6.945
"6454","LOJA","CHAGUARPAMBA",11,1105,2023,6945,10,"Octubre",6.945
"6455","LOJA","CHAGUARPAMBA",11,1105,2023,6945,11,"Noviembre",6.945
"6456","LOJA","CHAGUARPAMBA",11,1105,2023,6945,12,"Diciembre",6.945
"6457","LOJA","CHAGUARPAMBA",11,1105,2024,6908,1,"Enero",6.908
"6458","LOJA","CHAGUARPAMBA",11,1105,2024,6908,2,"Febrero",6.908
"6459","LOJA","CHAGUARPAMBA",11,1105,2024,6908,3,"Marzo",6.908
"6460","LOJA","CHAGUARPAMBA",11,1105,2024,6908,4,"Abril",6.908
"6461","LOJA","CHAGUARPAMBA",11,1105,2024,6908,5,"Mayo",6.908
"6462","LOJA","CHAGUARPAMBA",11,1105,2024,6908,6,"Junio",6.908
"6463","LOJA","CHAGUARPAMBA",11,1105,2024,6908,7,"Julio",6.908
"6464","LOJA","CHAGUARPAMBA",11,1105,2024,6908,8,"Agosto",6.908
"6465","LOJA","CHAGUARPAMBA",11,1105,2024,6908,9,"Septiembre",6.908
"6466","LOJA","CHAGUARPAMBA",11,1105,2024,6908,10,"Octubre",6.908
"6467","LOJA","CHAGUARPAMBA",11,1105,2024,6908,11,"Noviembre",6.908
"6468","LOJA","CHAGUARPAMBA",11,1105,2024,6908,12,"Diciembre",6.908
"6469","LOJA","CHAGUARPAMBA",11,1105,2025,6875,1,"Enero",6.875
"6470","LOJA","CHAGUARPAMBA",11,1105,2025,6875,2,"Febrero",6.875
"6471","LOJA","CHAGUARPAMBA",11,1105,2025,6875,3,"Marzo",6.875
"6472","LOJA","CHAGUARPAMBA",11,1105,2025,6875,4,"Abril",6.875
"6473","LOJA","CHAGUARPAMBA",11,1105,2025,6875,5,"Mayo",6.875
"6474","LOJA","CHAGUARPAMBA",11,1105,2025,6875,6,"Junio",6.875
"6475","LOJA","CHAGUARPAMBA",11,1105,2025,6875,7,"Julio",6.875
"6476","LOJA","CHAGUARPAMBA",11,1105,2025,6875,8,"Agosto",6.875
"6477","LOJA","CHAGUARPAMBA",11,1105,2025,6875,9,"Septiembre",6.875
"6478","LOJA","CHAGUARPAMBA",11,1105,2025,6875,10,"Octubre",6.875
"6479","LOJA","CHAGUARPAMBA",11,1105,2025,6875,11,"Noviembre",6.875
"6480","LOJA","CHAGUARPAMBA",11,1105,2025,6875,12,"Diciembre",6.875
"6481","LOJA","ESPINDOLA",11,1106,2021,14797,1,"Enero",14.797
"6482","LOJA","ESPINDOLA",11,1106,2021,14797,2,"Febrero",14.797
"6483","LOJA","ESPINDOLA",11,1106,2021,14797,3,"Marzo",14.797
"6484","LOJA","ESPINDOLA",11,1106,2021,14797,4,"Abril",14.797
"6485","LOJA","ESPINDOLA",11,1106,2021,14797,5,"Mayo",14.797
"6486","LOJA","ESPINDOLA",11,1106,2021,14797,6,"Junio",14.797
"6487","LOJA","ESPINDOLA",11,1106,2021,14797,7,"Julio",14.797
"6488","LOJA","ESPINDOLA",11,1106,2021,14797,8,"Agosto",14.797
"6489","LOJA","ESPINDOLA",11,1106,2021,14797,9,"Septiembre",14.797
"6490","LOJA","ESPINDOLA",11,1106,2021,14797,10,"Octubre",14.797
"6491","LOJA","ESPINDOLA",11,1106,2021,14797,11,"Noviembre",14.797
"6492","LOJA","ESPINDOLA",11,1106,2021,14797,12,"Diciembre",14.797
"6493","LOJA","ESPINDOLA",11,1106,2022,14619,1,"Enero",14.619
"6494","LOJA","ESPINDOLA",11,1106,2022,14619,2,"Febrero",14.619
"6495","LOJA","ESPINDOLA",11,1106,2022,14619,3,"Marzo",14.619
"6496","LOJA","ESPINDOLA",11,1106,2022,14619,4,"Abril",14.619
"6497","LOJA","ESPINDOLA",11,1106,2022,14619,5,"Mayo",14.619
"6498","LOJA","ESPINDOLA",11,1106,2022,14619,6,"Junio",14.619
"6499","LOJA","ESPINDOLA",11,1106,2022,14619,7,"Julio",14.619
"6500","LOJA","ESPINDOLA",11,1106,2022,14619,8,"Agosto",14.619
"6501","LOJA","ESPINDOLA",11,1106,2022,14619,9,"Septiembre",14.619
"6502","LOJA","ESPINDOLA",11,1106,2022,14619,10,"Octubre",14.619
"6503","LOJA","ESPINDOLA",11,1106,2022,14619,11,"Noviembre",14.619
"6504","LOJA","ESPINDOLA",11,1106,2022,14619,12,"Diciembre",14.619
"6505","LOJA","ESPINDOLA",11,1106,2023,14482,1,"Enero",14.482
"6506","LOJA","ESPINDOLA",11,1106,2023,14482,2,"Febrero",14.482
"6507","LOJA","ESPINDOLA",11,1106,2023,14482,3,"Marzo",14.482
"6508","LOJA","ESPINDOLA",11,1106,2023,14482,4,"Abril",14.482
"6509","LOJA","ESPINDOLA",11,1106,2023,14482,5,"Mayo",14.482
"6510","LOJA","ESPINDOLA",11,1106,2023,14482,6,"Junio",14.482
"6511","LOJA","ESPINDOLA",11,1106,2023,14482,7,"Julio",14.482
"6512","LOJA","ESPINDOLA",11,1106,2023,14482,8,"Agosto",14.482
"6513","LOJA","ESPINDOLA",11,1106,2023,14482,9,"Septiembre",14.482
"6514","LOJA","ESPINDOLA",11,1106,2023,14482,10,"Octubre",14.482
"6515","LOJA","ESPINDOLA",11,1106,2023,14482,11,"Noviembre",14.482
"6516","LOJA","ESPINDOLA",11,1106,2023,14482,12,"Diciembre",14.482
"6517","LOJA","ESPINDOLA",11,1106,2024,14368,1,"Enero",14.368
"6518","LOJA","ESPINDOLA",11,1106,2024,14368,2,"Febrero",14.368
"6519","LOJA","ESPINDOLA",11,1106,2024,14368,3,"Marzo",14.368
"6520","LOJA","ESPINDOLA",11,1106,2024,14368,4,"Abril",14.368
"6521","LOJA","ESPINDOLA",11,1106,2024,14368,5,"Mayo",14.368
"6522","LOJA","ESPINDOLA",11,1106,2024,14368,6,"Junio",14.368
"6523","LOJA","ESPINDOLA",11,1106,2024,14368,7,"Julio",14.368
"6524","LOJA","ESPINDOLA",11,1106,2024,14368,8,"Agosto",14.368
"6525","LOJA","ESPINDOLA",11,1106,2024,14368,9,"Septiembre",14.368
"6526","LOJA","ESPINDOLA",11,1106,2024,14368,10,"Octubre",14.368
"6527","LOJA","ESPINDOLA",11,1106,2024,14368,11,"Noviembre",14.368
"6528","LOJA","ESPINDOLA",11,1106,2024,14368,12,"Diciembre",14.368
"6529","LOJA","ESPINDOLA",11,1106,2025,14277,1,"Enero",14.277
"6530","LOJA","ESPINDOLA",11,1106,2025,14277,2,"Febrero",14.277
"6531","LOJA","ESPINDOLA",11,1106,2025,14277,3,"Marzo",14.277
"6532","LOJA","ESPINDOLA",11,1106,2025,14277,4,"Abril",14.277
"6533","LOJA","ESPINDOLA",11,1106,2025,14277,5,"Mayo",14.277
"6534","LOJA","ESPINDOLA",11,1106,2025,14277,6,"Junio",14.277
"6535","LOJA","ESPINDOLA",11,1106,2025,14277,7,"Julio",14.277
"6536","LOJA","ESPINDOLA",11,1106,2025,14277,8,"Agosto",14.277
"6537","LOJA","ESPINDOLA",11,1106,2025,14277,9,"Septiembre",14.277
"6538","LOJA","ESPINDOLA",11,1106,2025,14277,10,"Octubre",14.277
"6539","LOJA","ESPINDOLA",11,1106,2025,14277,11,"Noviembre",14.277
"6540","LOJA","ESPINDOLA",11,1106,2025,14277,12,"Diciembre",14.277
"6541","LOJA","GONZANAMA",11,1107,2021,12573,1,"Enero",12.573
"6542","LOJA","GONZANAMA",11,1107,2021,12573,2,"Febrero",12.573
"6543","LOJA","GONZANAMA",11,1107,2021,12573,3,"Marzo",12.573
"6544","LOJA","GONZANAMA",11,1107,2021,12573,4,"Abril",12.573
"6545","LOJA","GONZANAMA",11,1107,2021,12573,5,"Mayo",12.573
"6546","LOJA","GONZANAMA",11,1107,2021,12573,6,"Junio",12.573
"6547","LOJA","GONZANAMA",11,1107,2021,12573,7,"Julio",12.573
"6548","LOJA","GONZANAMA",11,1107,2021,12573,8,"Agosto",12.573
"6549","LOJA","GONZANAMA",11,1107,2021,12573,9,"Septiembre",12.573
"6550","LOJA","GONZANAMA",11,1107,2021,12573,10,"Octubre",12.573
"6551","LOJA","GONZANAMA",11,1107,2021,12573,11,"Noviembre",12.573
"6552","LOJA","GONZANAMA",11,1107,2021,12573,12,"Diciembre",12.573
"6553","LOJA","GONZANAMA",11,1107,2022,12502,1,"Enero",12.502
"6554","LOJA","GONZANAMA",11,1107,2022,12502,2,"Febrero",12.502
"6555","LOJA","GONZANAMA",11,1107,2022,12502,3,"Marzo",12.502
"6556","LOJA","GONZANAMA",11,1107,2022,12502,4,"Abril",12.502
"6557","LOJA","GONZANAMA",11,1107,2022,12502,5,"Mayo",12.502
"6558","LOJA","GONZANAMA",11,1107,2022,12502,6,"Junio",12.502
"6559","LOJA","GONZANAMA",11,1107,2022,12502,7,"Julio",12.502
"6560","LOJA","GONZANAMA",11,1107,2022,12502,8,"Agosto",12.502
"6561","LOJA","GONZANAMA",11,1107,2022,12502,9,"Septiembre",12.502
"6562","LOJA","GONZANAMA",11,1107,2022,12502,10,"Octubre",12.502
"6563","LOJA","GONZANAMA",11,1107,2022,12502,11,"Noviembre",12.502
"6564","LOJA","GONZANAMA",11,1107,2022,12502,12,"Diciembre",12.502
"6565","LOJA","GONZANAMA",11,1107,2023,12462,1,"Enero",12.462
"6566","LOJA","GONZANAMA",11,1107,2023,12462,2,"Febrero",12.462
"6567","LOJA","GONZANAMA",11,1107,2023,12462,3,"Marzo",12.462
"6568","LOJA","GONZANAMA",11,1107,2023,12462,4,"Abril",12.462
"6569","LOJA","GONZANAMA",11,1107,2023,12462,5,"Mayo",12.462
"6570","LOJA","GONZANAMA",11,1107,2023,12462,6,"Junio",12.462
"6571","LOJA","GONZANAMA",11,1107,2023,12462,7,"Julio",12.462
"6572","LOJA","GONZANAMA",11,1107,2023,12462,8,"Agosto",12.462
"6573","LOJA","GONZANAMA",11,1107,2023,12462,9,"Septiembre",12.462
"6574","LOJA","GONZANAMA",11,1107,2023,12462,10,"Octubre",12.462
"6575","LOJA","GONZANAMA",11,1107,2023,12462,11,"Noviembre",12.462
"6576","LOJA","GONZANAMA",11,1107,2023,12462,12,"Diciembre",12.462
"6577","LOJA","GONZANAMA",11,1107,2024,12436,1,"Enero",12.436
"6578","LOJA","GONZANAMA",11,1107,2024,12436,2,"Febrero",12.436
"6579","LOJA","GONZANAMA",11,1107,2024,12436,3,"Marzo",12.436
"6580","LOJA","GONZANAMA",11,1107,2024,12436,4,"Abril",12.436
"6581","LOJA","GONZANAMA",11,1107,2024,12436,5,"Mayo",12.436
"6582","LOJA","GONZANAMA",11,1107,2024,12436,6,"Junio",12.436
"6583","LOJA","GONZANAMA",11,1107,2024,12436,7,"Julio",12.436
"6584","LOJA","GONZANAMA",11,1107,2024,12436,8,"Agosto",12.436
"6585","LOJA","GONZANAMA",11,1107,2024,12436,9,"Septiembre",12.436
"6586","LOJA","GONZANAMA",11,1107,2024,12436,10,"Octubre",12.436
"6587","LOJA","GONZANAMA",11,1107,2024,12436,11,"Noviembre",12.436
"6588","LOJA","GONZANAMA",11,1107,2024,12436,12,"Diciembre",12.436
"6589","LOJA","GONZANAMA",11,1107,2025,12421,1,"Enero",12.421
"6590","LOJA","GONZANAMA",11,1107,2025,12421,2,"Febrero",12.421
"6591","LOJA","GONZANAMA",11,1107,2025,12421,3,"Marzo",12.421
"6592","LOJA","GONZANAMA",11,1107,2025,12421,4,"Abril",12.421
"6593","LOJA","GONZANAMA",11,1107,2025,12421,5,"Mayo",12.421
"6594","LOJA","GONZANAMA",11,1107,2025,12421,6,"Junio",12.421
"6595","LOJA","GONZANAMA",11,1107,2025,12421,7,"Julio",12.421
"6596","LOJA","GONZANAMA",11,1107,2025,12421,8,"Agosto",12.421
"6597","LOJA","GONZANAMA",11,1107,2025,12421,9,"Septiembre",12.421
"6598","LOJA","GONZANAMA",11,1107,2025,12421,10,"Octubre",12.421
"6599","LOJA","GONZANAMA",11,1107,2025,12421,11,"Noviembre",12.421
"6600","LOJA","GONZANAMA",11,1107,2025,12421,12,"Diciembre",12.421
"6601","LOJA","MACARA",11,1108,2021,19058,1,"Enero",19.058
"6602","LOJA","MACARA",11,1108,2021,19058,2,"Febrero",19.058
"6603","LOJA","MACARA",11,1108,2021,19058,3,"Marzo",19.058
"6604","LOJA","MACARA",11,1108,2021,19058,4,"Abril",19.058
"6605","LOJA","MACARA",11,1108,2021,19058,5,"Mayo",19.058
"6606","LOJA","MACARA",11,1108,2021,19058,6,"Junio",19.058
"6607","LOJA","MACARA",11,1108,2021,19058,7,"Julio",19.058
"6608","LOJA","MACARA",11,1108,2021,19058,8,"Agosto",19.058
"6609","LOJA","MACARA",11,1108,2021,19058,9,"Septiembre",19.058
"6610","LOJA","MACARA",11,1108,2021,19058,10,"Octubre",19.058
"6611","LOJA","MACARA",11,1108,2021,19058,11,"Noviembre",19.058
"6612","LOJA","MACARA",11,1108,2021,19058,12,"Diciembre",19.058
"6613","LOJA","MACARA",11,1108,2022,18878,1,"Enero",18.878
"6614","LOJA","MACARA",11,1108,2022,18878,2,"Febrero",18.878
"6615","LOJA","MACARA",11,1108,2022,18878,3,"Marzo",18.878
"6616","LOJA","MACARA",11,1108,2022,18878,4,"Abril",18.878
"6617","LOJA","MACARA",11,1108,2022,18878,5,"Mayo",18.878
"6618","LOJA","MACARA",11,1108,2022,18878,6,"Junio",18.878
"6619","LOJA","MACARA",11,1108,2022,18878,7,"Julio",18.878
"6620","LOJA","MACARA",11,1108,2022,18878,8,"Agosto",18.878
"6621","LOJA","MACARA",11,1108,2022,18878,9,"Septiembre",18.878
"6622","LOJA","MACARA",11,1108,2022,18878,10,"Octubre",18.878
"6623","LOJA","MACARA",11,1108,2022,18878,11,"Noviembre",18.878
"6624","LOJA","MACARA",11,1108,2022,18878,12,"Diciembre",18.878
"6625","LOJA","MACARA",11,1108,2023,18738,1,"Enero",18.738
"6626","LOJA","MACARA",11,1108,2023,18738,2,"Febrero",18.738
"6627","LOJA","MACARA",11,1108,2023,18738,3,"Marzo",18.738
"6628","LOJA","MACARA",11,1108,2023,18738,4,"Abril",18.738
"6629","LOJA","MACARA",11,1108,2023,18738,5,"Mayo",18.738
"6630","LOJA","MACARA",11,1108,2023,18738,6,"Junio",18.738
"6631","LOJA","MACARA",11,1108,2023,18738,7,"Julio",18.738
"6632","LOJA","MACARA",11,1108,2023,18738,8,"Agosto",18.738
"6633","LOJA","MACARA",11,1108,2023,18738,9,"Septiembre",18.738
"6634","LOJA","MACARA",11,1108,2023,18738,10,"Octubre",18.738
"6635","LOJA","MACARA",11,1108,2023,18738,11,"Noviembre",18.738
"6636","LOJA","MACARA",11,1108,2023,18738,12,"Diciembre",18.738
"6637","LOJA","MACARA",11,1108,2024,18618,1,"Enero",18.618
"6638","LOJA","MACARA",11,1108,2024,18618,2,"Febrero",18.618
"6639","LOJA","MACARA",11,1108,2024,18618,3,"Marzo",18.618
"6640","LOJA","MACARA",11,1108,2024,18618,4,"Abril",18.618
"6641","LOJA","MACARA",11,1108,2024,18618,5,"Mayo",18.618
"6642","LOJA","MACARA",11,1108,2024,18618,6,"Junio",18.618
"6643","LOJA","MACARA",11,1108,2024,18618,7,"Julio",18.618
"6644","LOJA","MACARA",11,1108,2024,18618,8,"Agosto",18.618
"6645","LOJA","MACARA",11,1108,2024,18618,9,"Septiembre",18.618
"6646","LOJA","MACARA",11,1108,2024,18618,10,"Octubre",18.618
"6647","LOJA","MACARA",11,1108,2024,18618,11,"Noviembre",18.618
"6648","LOJA","MACARA",11,1108,2024,18618,12,"Diciembre",18.618
"6649","LOJA","MACARA",11,1108,2025,18520,1,"Enero",18.52
"6650","LOJA","MACARA",11,1108,2025,18520,2,"Febrero",18.52
"6651","LOJA","MACARA",11,1108,2025,18520,3,"Marzo",18.52
"6652","LOJA","MACARA",11,1108,2025,18520,4,"Abril",18.52
"6653","LOJA","MACARA",11,1108,2025,18520,5,"Mayo",18.52
"6654","LOJA","MACARA",11,1108,2025,18520,6,"Junio",18.52
"6655","LOJA","MACARA",11,1108,2025,18520,7,"Julio",18.52
"6656","LOJA","MACARA",11,1108,2025,18520,8,"Agosto",18.52
"6657","LOJA","MACARA",11,1108,2025,18520,9,"Septiembre",18.52
"6658","LOJA","MACARA",11,1108,2025,18520,10,"Octubre",18.52
"6659","LOJA","MACARA",11,1108,2025,18520,11,"Noviembre",18.52
"6660","LOJA","MACARA",11,1108,2025,18520,12,"Diciembre",18.52
"6661","LOJA","PALTAS",11,1109,2021,23693,1,"Enero",23.693
"6662","LOJA","PALTAS",11,1109,2021,23693,2,"Febrero",23.693
"6663","LOJA","PALTAS",11,1109,2021,23693,3,"Marzo",23.693
"6664","LOJA","PALTAS",11,1109,2021,23693,4,"Abril",23.693
"6665","LOJA","PALTAS",11,1109,2021,23693,5,"Mayo",23.693
"6666","LOJA","PALTAS",11,1109,2021,23693,6,"Junio",23.693
"6667","LOJA","PALTAS",11,1109,2021,23693,7,"Julio",23.693
"6668","LOJA","PALTAS",11,1109,2021,23693,8,"Agosto",23.693
"6669","LOJA","PALTAS",11,1109,2021,23693,9,"Septiembre",23.693
"6670","LOJA","PALTAS",11,1109,2021,23693,10,"Octubre",23.693
"6671","LOJA","PALTAS",11,1109,2021,23693,11,"Noviembre",23.693
"6672","LOJA","PALTAS",11,1109,2021,23693,12,"Diciembre",23.693
"6673","LOJA","PALTAS",11,1109,2022,23435,1,"Enero",23.435
"6674","LOJA","PALTAS",11,1109,2022,23435,2,"Febrero",23.435
"6675","LOJA","PALTAS",11,1109,2022,23435,3,"Marzo",23.435
"6676","LOJA","PALTAS",11,1109,2022,23435,4,"Abril",23.435
"6677","LOJA","PALTAS",11,1109,2022,23435,5,"Mayo",23.435
"6678","LOJA","PALTAS",11,1109,2022,23435,6,"Junio",23.435
"6679","LOJA","PALTAS",11,1109,2022,23435,7,"Julio",23.435
"6680","LOJA","PALTAS",11,1109,2022,23435,8,"Agosto",23.435
"6681","LOJA","PALTAS",11,1109,2022,23435,9,"Septiembre",23.435
"6682","LOJA","PALTAS",11,1109,2022,23435,10,"Octubre",23.435
"6683","LOJA","PALTAS",11,1109,2022,23435,11,"Noviembre",23.435
"6684","LOJA","PALTAS",11,1109,2022,23435,12,"Diciembre",23.435
"6685","LOJA","PALTAS",11,1109,2023,23235,1,"Enero",23.235
"6686","LOJA","PALTAS",11,1109,2023,23235,2,"Febrero",23.235
"6687","LOJA","PALTAS",11,1109,2023,23235,3,"Marzo",23.235
"6688","LOJA","PALTAS",11,1109,2023,23235,4,"Abril",23.235
"6689","LOJA","PALTAS",11,1109,2023,23235,5,"Mayo",23.235
"6690","LOJA","PALTAS",11,1109,2023,23235,6,"Junio",23.235
"6691","LOJA","PALTAS",11,1109,2023,23235,7,"Julio",23.235
"6692","LOJA","PALTAS",11,1109,2023,23235,8,"Agosto",23.235
"6693","LOJA","PALTAS",11,1109,2023,23235,9,"Septiembre",23.235
"6694","LOJA","PALTAS",11,1109,2023,23235,10,"Octubre",23.235
"6695","LOJA","PALTAS",11,1109,2023,23235,11,"Noviembre",23.235
"6696","LOJA","PALTAS",11,1109,2023,23235,12,"Diciembre",23.235
"6697","LOJA","PALTAS",11,1109,2024,23067,1,"Enero",23.067
"6698","LOJA","PALTAS",11,1109,2024,23067,2,"Febrero",23.067
"6699","LOJA","PALTAS",11,1109,2024,23067,3,"Marzo",23.067
"6700","LOJA","PALTAS",11,1109,2024,23067,4,"Abril",23.067
"6701","LOJA","PALTAS",11,1109,2024,23067,5,"Mayo",23.067
"6702","LOJA","PALTAS",11,1109,2024,23067,6,"Junio",23.067
"6703","LOJA","PALTAS",11,1109,2024,23067,7,"Julio",23.067
"6704","LOJA","PALTAS",11,1109,2024,23067,8,"Agosto",23.067
"6705","LOJA","PALTAS",11,1109,2024,23067,9,"Septiembre",23.067
"6706","LOJA","PALTAS",11,1109,2024,23067,10,"Octubre",23.067
"6707","LOJA","PALTAS",11,1109,2024,23067,11,"Noviembre",23.067
"6708","LOJA","PALTAS",11,1109,2024,23067,12,"Diciembre",23.067
"6709","LOJA","PALTAS",11,1109,2025,22929,1,"Enero",22.929
"6710","LOJA","PALTAS",11,1109,2025,22929,2,"Febrero",22.929
"6711","LOJA","PALTAS",11,1109,2025,22929,3,"Marzo",22.929
"6712","LOJA","PALTAS",11,1109,2025,22929,4,"Abril",22.929
"6713","LOJA","PALTAS",11,1109,2025,22929,5,"Mayo",22.929
"6714","LOJA","PALTAS",11,1109,2025,22929,6,"Junio",22.929
"6715","LOJA","PALTAS",11,1109,2025,22929,7,"Julio",22.929
"6716","LOJA","PALTAS",11,1109,2025,22929,8,"Agosto",22.929
"6717","LOJA","PALTAS",11,1109,2025,22929,9,"Septiembre",22.929
"6718","LOJA","PALTAS",11,1109,2025,22929,10,"Octubre",22.929
"6719","LOJA","PALTAS",11,1109,2025,22929,11,"Noviembre",22.929
"6720","LOJA","PALTAS",11,1109,2025,22929,12,"Diciembre",22.929
"6721","LOJA","PUYANGO",11,1110,2021,16693,1,"Enero",16.693
"6722","LOJA","PUYANGO",11,1110,2021,16693,2,"Febrero",16.693
"6723","LOJA","PUYANGO",11,1110,2021,16693,3,"Marzo",16.693
"6724","LOJA","PUYANGO",11,1110,2021,16693,4,"Abril",16.693
"6725","LOJA","PUYANGO",11,1110,2021,16693,5,"Mayo",16.693
"6726","LOJA","PUYANGO",11,1110,2021,16693,6,"Junio",16.693
"6727","LOJA","PUYANGO",11,1110,2021,16693,7,"Julio",16.693
"6728","LOJA","PUYANGO",11,1110,2021,16693,8,"Agosto",16.693
"6729","LOJA","PUYANGO",11,1110,2021,16693,9,"Septiembre",16.693
"6730","LOJA","PUYANGO",11,1110,2021,16693,10,"Octubre",16.693
"6731","LOJA","PUYANGO",11,1110,2021,16693,11,"Noviembre",16.693
"6732","LOJA","PUYANGO",11,1110,2021,16693,12,"Diciembre",16.693
"6733","LOJA","PUYANGO",11,1110,2022,16629,1,"Enero",16.629
"6734","LOJA","PUYANGO",11,1110,2022,16629,2,"Febrero",16.629
"6735","LOJA","PUYANGO",11,1110,2022,16629,3,"Marzo",16.629
"6736","LOJA","PUYANGO",11,1110,2022,16629,4,"Abril",16.629
"6737","LOJA","PUYANGO",11,1110,2022,16629,5,"Mayo",16.629
"6738","LOJA","PUYANGO",11,1110,2022,16629,6,"Junio",16.629
"6739","LOJA","PUYANGO",11,1110,2022,16629,7,"Julio",16.629
"6740","LOJA","PUYANGO",11,1110,2022,16629,8,"Agosto",16.629
"6741","LOJA","PUYANGO",11,1110,2022,16629,9,"Septiembre",16.629
"6742","LOJA","PUYANGO",11,1110,2022,16629,10,"Octubre",16.629
"6743","LOJA","PUYANGO",11,1110,2022,16629,11,"Noviembre",16.629
"6744","LOJA","PUYANGO",11,1110,2022,16629,12,"Diciembre",16.629
"6745","LOJA","PUYANGO",11,1110,2023,16596,1,"Enero",16.596
"6746","LOJA","PUYANGO",11,1110,2023,16596,2,"Febrero",16.596
"6747","LOJA","PUYANGO",11,1110,2023,16596,3,"Marzo",16.596
"6748","LOJA","PUYANGO",11,1110,2023,16596,4,"Abril",16.596
"6749","LOJA","PUYANGO",11,1110,2023,16596,5,"Mayo",16.596
"6750","LOJA","PUYANGO",11,1110,2023,16596,6,"Junio",16.596
"6751","LOJA","PUYANGO",11,1110,2023,16596,7,"Julio",16.596
"6752","LOJA","PUYANGO",11,1110,2023,16596,8,"Agosto",16.596
"6753","LOJA","PUYANGO",11,1110,2023,16596,9,"Septiembre",16.596
"6754","LOJA","PUYANGO",11,1110,2023,16596,10,"Octubre",16.596
"6755","LOJA","PUYANGO",11,1110,2023,16596,11,"Noviembre",16.596
"6756","LOJA","PUYANGO",11,1110,2023,16596,12,"Diciembre",16.596
"6757","LOJA","PUYANGO",11,1110,2024,16572,1,"Enero",16.572
"6758","LOJA","PUYANGO",11,1110,2024,16572,2,"Febrero",16.572
"6759","LOJA","PUYANGO",11,1110,2024,16572,3,"Marzo",16.572
"6760","LOJA","PUYANGO",11,1110,2024,16572,4,"Abril",16.572
"6761","LOJA","PUYANGO",11,1110,2024,16572,5,"Mayo",16.572
"6762","LOJA","PUYANGO",11,1110,2024,16572,6,"Junio",16.572
"6763","LOJA","PUYANGO",11,1110,2024,16572,7,"Julio",16.572
"6764","LOJA","PUYANGO",11,1110,2024,16572,8,"Agosto",16.572
"6765","LOJA","PUYANGO",11,1110,2024,16572,9,"Septiembre",16.572
"6766","LOJA","PUYANGO",11,1110,2024,16572,10,"Octubre",16.572
"6767","LOJA","PUYANGO",11,1110,2024,16572,11,"Noviembre",16.572
"6768","LOJA","PUYANGO",11,1110,2024,16572,12,"Diciembre",16.572
"6769","LOJA","PUYANGO",11,1110,2025,16559,1,"Enero",16.559
"6770","LOJA","PUYANGO",11,1110,2025,16559,2,"Febrero",16.559
"6771","LOJA","PUYANGO",11,1110,2025,16559,3,"Marzo",16.559
"6772","LOJA","PUYANGO",11,1110,2025,16559,4,"Abril",16.559
"6773","LOJA","PUYANGO",11,1110,2025,16559,5,"Mayo",16.559
"6774","LOJA","PUYANGO",11,1110,2025,16559,6,"Junio",16.559
"6775","LOJA","PUYANGO",11,1110,2025,16559,7,"Julio",16.559
"6776","LOJA","PUYANGO",11,1110,2025,16559,8,"Agosto",16.559
"6777","LOJA","PUYANGO",11,1110,2025,16559,9,"Septiembre",16.559
"6778","LOJA","PUYANGO",11,1110,2025,16559,10,"Octubre",16.559
"6779","LOJA","PUYANGO",11,1110,2025,16559,11,"Noviembre",16.559
"6780","LOJA","PUYANGO",11,1110,2025,16559,12,"Diciembre",16.559
"6781","LOJA","SARAGURO",11,1111,2021,30433,1,"Enero",30.433
"6782","LOJA","SARAGURO",11,1111,2021,30433,2,"Febrero",30.433
"6783","LOJA","SARAGURO",11,1111,2021,30433,3,"Marzo",30.433
"6784","LOJA","SARAGURO",11,1111,2021,30433,4,"Abril",30.433
"6785","LOJA","SARAGURO",11,1111,2021,30433,5,"Mayo",30.433
"6786","LOJA","SARAGURO",11,1111,2021,30433,6,"Junio",30.433
"6787","LOJA","SARAGURO",11,1111,2021,30433,7,"Julio",30.433
"6788","LOJA","SARAGURO",11,1111,2021,30433,8,"Agosto",30.433
"6789","LOJA","SARAGURO",11,1111,2021,30433,9,"Septiembre",30.433
"6790","LOJA","SARAGURO",11,1111,2021,30433,10,"Octubre",30.433
"6791","LOJA","SARAGURO",11,1111,2021,30433,11,"Noviembre",30.433
"6792","LOJA","SARAGURO",11,1111,2021,30433,12,"Diciembre",30.433
"6793","LOJA","SARAGURO",11,1111,2022,30150,1,"Enero",30.15
"6794","LOJA","SARAGURO",11,1111,2022,30150,2,"Febrero",30.15
"6795","LOJA","SARAGURO",11,1111,2022,30150,3,"Marzo",30.15
"6796","LOJA","SARAGURO",11,1111,2022,30150,4,"Abril",30.15
"6797","LOJA","SARAGURO",11,1111,2022,30150,5,"Mayo",30.15
"6798","LOJA","SARAGURO",11,1111,2022,30150,6,"Junio",30.15
"6799","LOJA","SARAGURO",11,1111,2022,30150,7,"Julio",30.15
"6800","LOJA","SARAGURO",11,1111,2022,30150,8,"Agosto",30.15
"6801","LOJA","SARAGURO",11,1111,2022,30150,9,"Septiembre",30.15
"6802","LOJA","SARAGURO",11,1111,2022,30150,10,"Octubre",30.15
"6803","LOJA","SARAGURO",11,1111,2022,30150,11,"Noviembre",30.15
"6804","LOJA","SARAGURO",11,1111,2022,30150,12,"Diciembre",30.15
"6805","LOJA","SARAGURO",11,1111,2023,29932,1,"Enero",29.932
"6806","LOJA","SARAGURO",11,1111,2023,29932,2,"Febrero",29.932
"6807","LOJA","SARAGURO",11,1111,2023,29932,3,"Marzo",29.932
"6808","LOJA","SARAGURO",11,1111,2023,29932,4,"Abril",29.932
"6809","LOJA","SARAGURO",11,1111,2023,29932,5,"Mayo",29.932
"6810","LOJA","SARAGURO",11,1111,2023,29932,6,"Junio",29.932
"6811","LOJA","SARAGURO",11,1111,2023,29932,7,"Julio",29.932
"6812","LOJA","SARAGURO",11,1111,2023,29932,8,"Agosto",29.932
"6813","LOJA","SARAGURO",11,1111,2023,29932,9,"Septiembre",29.932
"6814","LOJA","SARAGURO",11,1111,2023,29932,10,"Octubre",29.932
"6815","LOJA","SARAGURO",11,1111,2023,29932,11,"Noviembre",29.932
"6816","LOJA","SARAGURO",11,1111,2023,29932,12,"Diciembre",29.932
"6817","LOJA","SARAGURO",11,1111,2024,29744,1,"Enero",29.744
"6818","LOJA","SARAGURO",11,1111,2024,29744,2,"Febrero",29.744
"6819","LOJA","SARAGURO",11,1111,2024,29744,3,"Marzo",29.744
"6820","LOJA","SARAGURO",11,1111,2024,29744,4,"Abril",29.744
"6821","LOJA","SARAGURO",11,1111,2024,29744,5,"Mayo",29.744
"6822","LOJA","SARAGURO",11,1111,2024,29744,6,"Junio",29.744
"6823","LOJA","SARAGURO",11,1111,2024,29744,7,"Julio",29.744
"6824","LOJA","SARAGURO",11,1111,2024,29744,8,"Agosto",29.744
"6825","LOJA","SARAGURO",11,1111,2024,29744,9,"Septiembre",29.744
"6826","LOJA","SARAGURO",11,1111,2024,29744,10,"Octubre",29.744
"6827","LOJA","SARAGURO",11,1111,2024,29744,11,"Noviembre",29.744
"6828","LOJA","SARAGURO",11,1111,2024,29744,12,"Diciembre",29.744
"6829","LOJA","SARAGURO",11,1111,2025,29588,1,"Enero",29.588
"6830","LOJA","SARAGURO",11,1111,2025,29588,2,"Febrero",29.588
"6831","LOJA","SARAGURO",11,1111,2025,29588,3,"Marzo",29.588
"6832","LOJA","SARAGURO",11,1111,2025,29588,4,"Abril",29.588
"6833","LOJA","SARAGURO",11,1111,2025,29588,5,"Mayo",29.588
"6834","LOJA","SARAGURO",11,1111,2025,29588,6,"Junio",29.588
"6835","LOJA","SARAGURO",11,1111,2025,29588,7,"Julio",29.588
"6836","LOJA","SARAGURO",11,1111,2025,29588,8,"Agosto",29.588
"6837","LOJA","SARAGURO",11,1111,2025,29588,9,"Septiembre",29.588
"6838","LOJA","SARAGURO",11,1111,2025,29588,10,"Octubre",29.588
"6839","LOJA","SARAGURO",11,1111,2025,29588,11,"Noviembre",29.588
"6840","LOJA","SARAGURO",11,1111,2025,29588,12,"Diciembre",29.588
"6841","LOJA","SOZORANGA",11,1112,2021,7137,1,"Enero",7.137
"6842","LOJA","SOZORANGA",11,1112,2021,7137,2,"Febrero",7.137
"6843","LOJA","SOZORANGA",11,1112,2021,7137,3,"Marzo",7.137
"6844","LOJA","SOZORANGA",11,1112,2021,7137,4,"Abril",7.137
"6845","LOJA","SOZORANGA",11,1112,2021,7137,5,"Mayo",7.137
"6846","LOJA","SOZORANGA",11,1112,2021,7137,6,"Junio",7.137
"6847","LOJA","SOZORANGA",11,1112,2021,7137,7,"Julio",7.137
"6848","LOJA","SOZORANGA",11,1112,2021,7137,8,"Agosto",7.137
"6849","LOJA","SOZORANGA",11,1112,2021,7137,9,"Septiembre",7.137
"6850","LOJA","SOZORANGA",11,1112,2021,7137,10,"Octubre",7.137
"6851","LOJA","SOZORANGA",11,1112,2021,7137,11,"Noviembre",7.137
"6852","LOJA","SOZORANGA",11,1112,2021,7137,12,"Diciembre",7.137
"6853","LOJA","SOZORANGA",11,1112,2022,7064,1,"Enero",7.064
"6854","LOJA","SOZORANGA",11,1112,2022,7064,2,"Febrero",7.064
"6855","LOJA","SOZORANGA",11,1112,2022,7064,3,"Marzo",7.064
"6856","LOJA","SOZORANGA",11,1112,2022,7064,4,"Abril",7.064
"6857","LOJA","SOZORANGA",11,1112,2022,7064,5,"Mayo",7.064
"6858","LOJA","SOZORANGA",11,1112,2022,7064,6,"Junio",7.064
"6859","LOJA","SOZORANGA",11,1112,2022,7064,7,"Julio",7.064
"6860","LOJA","SOZORANGA",11,1112,2022,7064,8,"Agosto",7.064
"6861","LOJA","SOZORANGA",11,1112,2022,7064,9,"Septiembre",7.064
"6862","LOJA","SOZORANGA",11,1112,2022,7064,10,"Octubre",7.064
"6863","LOJA","SOZORANGA",11,1112,2022,7064,11,"Noviembre",7.064
"6864","LOJA","SOZORANGA",11,1112,2022,7064,12,"Diciembre",7.064
"6865","LOJA","SOZORANGA",11,1112,2023,7005,1,"Enero",7.005
"6866","LOJA","SOZORANGA",11,1112,2023,7005,2,"Febrero",7.005
"6867","LOJA","SOZORANGA",11,1112,2023,7005,3,"Marzo",7.005
"6868","LOJA","SOZORANGA",11,1112,2023,7005,4,"Abril",7.005
"6869","LOJA","SOZORANGA",11,1112,2023,7005,5,"Mayo",7.005
"6870","LOJA","SOZORANGA",11,1112,2023,7005,6,"Junio",7.005
"6871","LOJA","SOZORANGA",11,1112,2023,7005,7,"Julio",7.005
"6872","LOJA","SOZORANGA",11,1112,2023,7005,8,"Agosto",7.005
"6873","LOJA","SOZORANGA",11,1112,2023,7005,9,"Septiembre",7.005
"6874","LOJA","SOZORANGA",11,1112,2023,7005,10,"Octubre",7.005
"6875","LOJA","SOZORANGA",11,1112,2023,7005,11,"Noviembre",7.005
"6876","LOJA","SOZORANGA",11,1112,2023,7005,12,"Diciembre",7.005
"6877","LOJA","SOZORANGA",11,1112,2024,6957,1,"Enero",6.957
"6878","LOJA","SOZORANGA",11,1112,2024,6957,2,"Febrero",6.957
"6879","LOJA","SOZORANGA",11,1112,2024,6957,3,"Marzo",6.957
"6880","LOJA","SOZORANGA",11,1112,2024,6957,4,"Abril",6.957
"6881","LOJA","SOZORANGA",11,1112,2024,6957,5,"Mayo",6.957
"6882","LOJA","SOZORANGA",11,1112,2024,6957,6,"Junio",6.957
"6883","LOJA","SOZORANGA",11,1112,2024,6957,7,"Julio",6.957
"6884","LOJA","SOZORANGA",11,1112,2024,6957,8,"Agosto",6.957
"6885","LOJA","SOZORANGA",11,1112,2024,6957,9,"Septiembre",6.957
"6886","LOJA","SOZORANGA",11,1112,2024,6957,10,"Octubre",6.957
"6887","LOJA","SOZORANGA",11,1112,2024,6957,11,"Noviembre",6.957
"6888","LOJA","SOZORANGA",11,1112,2024,6957,12,"Diciembre",6.957
"6889","LOJA","SOZORANGA",11,1112,2025,6917,1,"Enero",6.917
"6890","LOJA","SOZORANGA",11,1112,2025,6917,2,"Febrero",6.917
"6891","LOJA","SOZORANGA",11,1112,2025,6917,3,"Marzo",6.917
"6892","LOJA","SOZORANGA",11,1112,2025,6917,4,"Abril",6.917
"6893","LOJA","SOZORANGA",11,1112,2025,6917,5,"Mayo",6.917
"6894","LOJA","SOZORANGA",11,1112,2025,6917,6,"Junio",6.917
"6895","LOJA","SOZORANGA",11,1112,2025,6917,7,"Julio",6.917
"6896","LOJA","SOZORANGA",11,1112,2025,6917,8,"Agosto",6.917
"6897","LOJA","SOZORANGA",11,1112,2025,6917,9,"Septiembre",6.917
"6898","LOJA","SOZORANGA",11,1112,2025,6917,10,"Octubre",6.917
"6899","LOJA","SOZORANGA",11,1112,2025,6917,11,"Noviembre",6.917
"6900","LOJA","SOZORANGA",11,1112,2025,6917,12,"Diciembre",6.917
"6901","LOJA","ZAPOTILLO",11,1113,2021,14788,1,"Enero",14.788
"6902","LOJA","ZAPOTILLO",11,1113,2021,14788,2,"Febrero",14.788
"6903","LOJA","ZAPOTILLO",11,1113,2021,14788,3,"Marzo",14.788
"6904","LOJA","ZAPOTILLO",11,1113,2021,14788,4,"Abril",14.788
"6905","LOJA","ZAPOTILLO",11,1113,2021,14788,5,"Mayo",14.788
"6906","LOJA","ZAPOTILLO",11,1113,2021,14788,6,"Junio",14.788
"6907","LOJA","ZAPOTILLO",11,1113,2021,14788,7,"Julio",14.788
"6908","LOJA","ZAPOTILLO",11,1113,2021,14788,8,"Agosto",14.788
"6909","LOJA","ZAPOTILLO",11,1113,2021,14788,9,"Septiembre",14.788
"6910","LOJA","ZAPOTILLO",11,1113,2021,14788,10,"Octubre",14.788
"6911","LOJA","ZAPOTILLO",11,1113,2021,14788,11,"Noviembre",14.788
"6912","LOJA","ZAPOTILLO",11,1113,2021,14788,12,"Diciembre",14.788
"6913","LOJA","ZAPOTILLO",11,1113,2022,14915,1,"Enero",14.915
"6914","LOJA","ZAPOTILLO",11,1113,2022,14915,2,"Febrero",14.915
"6915","LOJA","ZAPOTILLO",11,1113,2022,14915,3,"Marzo",14.915
"6916","LOJA","ZAPOTILLO",11,1113,2022,14915,4,"Abril",14.915
"6917","LOJA","ZAPOTILLO",11,1113,2022,14915,5,"Mayo",14.915
"6918","LOJA","ZAPOTILLO",11,1113,2022,14915,6,"Junio",14.915
"6919","LOJA","ZAPOTILLO",11,1113,2022,14915,7,"Julio",14.915
"6920","LOJA","ZAPOTILLO",11,1113,2022,14915,8,"Agosto",14.915
"6921","LOJA","ZAPOTILLO",11,1113,2022,14915,9,"Septiembre",14.915
"6922","LOJA","ZAPOTILLO",11,1113,2022,14915,10,"Octubre",14.915
"6923","LOJA","ZAPOTILLO",11,1113,2022,14915,11,"Noviembre",14.915
"6924","LOJA","ZAPOTILLO",11,1113,2022,14915,12,"Diciembre",14.915
"6925","LOJA","ZAPOTILLO",11,1113,2023,15058,1,"Enero",15.058
"6926","LOJA","ZAPOTILLO",11,1113,2023,15058,2,"Febrero",15.058
"6927","LOJA","ZAPOTILLO",11,1113,2023,15058,3,"Marzo",15.058
"6928","LOJA","ZAPOTILLO",11,1113,2023,15058,4,"Abril",15.058
"6929","LOJA","ZAPOTILLO",11,1113,2023,15058,5,"Mayo",15.058
"6930","LOJA","ZAPOTILLO",11,1113,2023,15058,6,"Junio",15.058
"6931","LOJA","ZAPOTILLO",11,1113,2023,15058,7,"Julio",15.058
"6932","LOJA","ZAPOTILLO",11,1113,2023,15058,8,"Agosto",15.058
"6933","LOJA","ZAPOTILLO",11,1113,2023,15058,9,"Septiembre",15.058
"6934","LOJA","ZAPOTILLO",11,1113,2023,15058,10,"Octubre",15.058
"6935","LOJA","ZAPOTILLO",11,1113,2023,15058,11,"Noviembre",15.058
"6936","LOJA","ZAPOTILLO",11,1113,2023,15058,12,"Diciembre",15.058
"6937","LOJA","ZAPOTILLO",11,1113,2024,15197,1,"Enero",15.197
"6938","LOJA","ZAPOTILLO",11,1113,2024,15197,2,"Febrero",15.197
"6939","LOJA","ZAPOTILLO",11,1113,2024,15197,3,"Marzo",15.197
"6940","LOJA","ZAPOTILLO",11,1113,2024,15197,4,"Abril",15.197
"6941","LOJA","ZAPOTILLO",11,1113,2024,15197,5,"Mayo",15.197
"6942","LOJA","ZAPOTILLO",11,1113,2024,15197,6,"Junio",15.197
"6943","LOJA","ZAPOTILLO",11,1113,2024,15197,7,"Julio",15.197
"6944","LOJA","ZAPOTILLO",11,1113,2024,15197,8,"Agosto",15.197
"6945","LOJA","ZAPOTILLO",11,1113,2024,15197,9,"Septiembre",15.197
"6946","LOJA","ZAPOTILLO",11,1113,2024,15197,10,"Octubre",15.197
"6947","LOJA","ZAPOTILLO",11,1113,2024,15197,11,"Noviembre",15.197
"6948","LOJA","ZAPOTILLO",11,1113,2024,15197,12,"Diciembre",15.197
"6949","LOJA","ZAPOTILLO",11,1113,2025,15333,1,"Enero",15.333
"6950","LOJA","ZAPOTILLO",11,1113,2025,15333,2,"Febrero",15.333
"6951","LOJA","ZAPOTILLO",11,1113,2025,15333,3,"Marzo",15.333
"6952","LOJA","ZAPOTILLO",11,1113,2025,15333,4,"Abril",15.333
"6953","LOJA","ZAPOTILLO",11,1113,2025,15333,5,"Mayo",15.333
"6954","LOJA","ZAPOTILLO",11,1113,2025,15333,6,"Junio",15.333
"6955","LOJA","ZAPOTILLO",11,1113,2025,15333,7,"Julio",15.333
"6956","LOJA","ZAPOTILLO",11,1113,2025,15333,8,"Agosto",15.333
"6957","LOJA","ZAPOTILLO",11,1113,2025,15333,9,"Septiembre",15.333
"6958","LOJA","ZAPOTILLO",11,1113,2025,15333,10,"Octubre",15.333
"6959","LOJA","ZAPOTILLO",11,1113,2025,15333,11,"Noviembre",15.333
"6960","LOJA","ZAPOTILLO",11,1113,2025,15333,12,"Diciembre",15.333
"6961","LOJA","PINDAL",11,1114,2021,10583,1,"Enero",10.583
"6962","LOJA","PINDAL",11,1114,2021,10583,2,"Febrero",10.583
"6963","LOJA","PINDAL",11,1114,2021,10583,3,"Marzo",10.583
"6964","LOJA","PINDAL",11,1114,2021,10583,4,"Abril",10.583
"6965","LOJA","PINDAL",11,1114,2021,10583,5,"Mayo",10.583
"6966","LOJA","PINDAL",11,1114,2021,10583,6,"Junio",10.583
"6967","LOJA","PINDAL",11,1114,2021,10583,7,"Julio",10.583
"6968","LOJA","PINDAL",11,1114,2021,10583,8,"Agosto",10.583
"6969","LOJA","PINDAL",11,1114,2021,10583,9,"Septiembre",10.583
"6970","LOJA","PINDAL",11,1114,2021,10583,10,"Octubre",10.583
"6971","LOJA","PINDAL",11,1114,2021,10583,11,"Noviembre",10.583
"6972","LOJA","PINDAL",11,1114,2021,10583,12,"Diciembre",10.583
"6973","LOJA","PINDAL",11,1114,2022,10679,1,"Enero",10.679
"6974","LOJA","PINDAL",11,1114,2022,10679,2,"Febrero",10.679
"6975","LOJA","PINDAL",11,1114,2022,10679,3,"Marzo",10.679
"6976","LOJA","PINDAL",11,1114,2022,10679,4,"Abril",10.679
"6977","LOJA","PINDAL",11,1114,2022,10679,5,"Mayo",10.679
"6978","LOJA","PINDAL",11,1114,2022,10679,6,"Junio",10.679
"6979","LOJA","PINDAL",11,1114,2022,10679,7,"Julio",10.679
"6980","LOJA","PINDAL",11,1114,2022,10679,8,"Agosto",10.679
"6981","LOJA","PINDAL",11,1114,2022,10679,9,"Septiembre",10.679
"6982","LOJA","PINDAL",11,1114,2022,10679,10,"Octubre",10.679
"6983","LOJA","PINDAL",11,1114,2022,10679,11,"Noviembre",10.679
"6984","LOJA","PINDAL",11,1114,2022,10679,12,"Diciembre",10.679
"6985","LOJA","PINDAL",11,1114,2023,10784,1,"Enero",10.784
"6986","LOJA","PINDAL",11,1114,2023,10784,2,"Febrero",10.784
"6987","LOJA","PINDAL",11,1114,2023,10784,3,"Marzo",10.784
"6988","LOJA","PINDAL",11,1114,2023,10784,4,"Abril",10.784
"6989","LOJA","PINDAL",11,1114,2023,10784,5,"Mayo",10.784
"6990","LOJA","PINDAL",11,1114,2023,10784,6,"Junio",10.784
"6991","LOJA","PINDAL",11,1114,2023,10784,7,"Julio",10.784
"6992","LOJA","PINDAL",11,1114,2023,10784,8,"Agosto",10.784
"6993","LOJA","PINDAL",11,1114,2023,10784,9,"Septiembre",10.784
"6994","LOJA","PINDAL",11,1114,2023,10784,10,"Octubre",10.784
"6995","LOJA","PINDAL",11,1114,2023,10784,11,"Noviembre",10.784
"6996","LOJA","PINDAL",11,1114,2023,10784,12,"Diciembre",10.784
"6997","LOJA","PINDAL",11,1114,2024,10887,1,"Enero",10.887
"6998","LOJA","PINDAL",11,1114,2024,10887,2,"Febrero",10.887
"6999","LOJA","PINDAL",11,1114,2024,10887,3,"Marzo",10.887
"7000","LOJA","PINDAL",11,1114,2024,10887,4,"Abril",10.887
"7001","LOJA","PINDAL",11,1114,2024,10887,5,"Mayo",10.887
"7002","LOJA","PINDAL",11,1114,2024,10887,6,"Junio",10.887
"7003","LOJA","PINDAL",11,1114,2024,10887,7,"Julio",10.887
"7004","LOJA","PINDAL",11,1114,2024,10887,8,"Agosto",10.887
"7005","LOJA","PINDAL",11,1114,2024,10887,9,"Septiembre",10.887
"7006","LOJA","PINDAL",11,1114,2024,10887,10,"Octubre",10.887
"7007","LOJA","PINDAL",11,1114,2024,10887,11,"Noviembre",10.887
"7008","LOJA","PINDAL",11,1114,2024,10887,12,"Diciembre",10.887
"7009","LOJA","PINDAL",11,1114,2025,10987,1,"Enero",10.987
"7010","LOJA","PINDAL",11,1114,2025,10987,2,"Febrero",10.987
"7011","LOJA","PINDAL",11,1114,2025,10987,3,"Marzo",10.987
"7012","LOJA","PINDAL",11,1114,2025,10987,4,"Abril",10.987
"7013","LOJA","PINDAL",11,1114,2025,10987,5,"Mayo",10.987
"7014","LOJA","PINDAL",11,1114,2025,10987,6,"Junio",10.987
"7015","LOJA","PINDAL",11,1114,2025,10987,7,"Julio",10.987
"7016","LOJA","PINDAL",11,1114,2025,10987,8,"Agosto",10.987
"7017","LOJA","PINDAL",11,1114,2025,10987,9,"Septiembre",10.987
"7018","LOJA","PINDAL",11,1114,2025,10987,10,"Octubre",10.987
"7019","LOJA","PINDAL",11,1114,2025,10987,11,"Noviembre",10.987
"7020","LOJA","PINDAL",11,1114,2025,10987,12,"Diciembre",10.987
"7021","LOJA","QUILANGA",11,1115,2021,4085,1,"Enero",4.085
"7022","LOJA","QUILANGA",11,1115,2021,4085,2,"Febrero",4.085
"7023","LOJA","QUILANGA",11,1115,2021,4085,3,"Marzo",4.085
"7024","LOJA","QUILANGA",11,1115,2021,4085,4,"Abril",4.085
"7025","LOJA","QUILANGA",11,1115,2021,4085,5,"Mayo",4.085
"7026","LOJA","QUILANGA",11,1115,2021,4085,6,"Junio",4.085
"7027","LOJA","QUILANGA",11,1115,2021,4085,7,"Julio",4.085
"7028","LOJA","QUILANGA",11,1115,2021,4085,8,"Agosto",4.085
"7029","LOJA","QUILANGA",11,1115,2021,4085,9,"Septiembre",4.085
"7030","LOJA","QUILANGA",11,1115,2021,4085,10,"Octubre",4.085
"7031","LOJA","QUILANGA",11,1115,2021,4085,11,"Noviembre",4.085
"7032","LOJA","QUILANGA",11,1115,2021,4085,12,"Diciembre",4.085
"7033","LOJA","QUILANGA",11,1115,2022,4030,1,"Enero",4.03
"7034","LOJA","QUILANGA",11,1115,2022,4030,2,"Febrero",4.03
"7035","LOJA","QUILANGA",11,1115,2022,4030,3,"Marzo",4.03
"7036","LOJA","QUILANGA",11,1115,2022,4030,4,"Abril",4.03
"7037","LOJA","QUILANGA",11,1115,2022,4030,5,"Mayo",4.03
"7038","LOJA","QUILANGA",11,1115,2022,4030,6,"Junio",4.03
"7039","LOJA","QUILANGA",11,1115,2022,4030,7,"Julio",4.03
"7040","LOJA","QUILANGA",11,1115,2022,4030,8,"Agosto",4.03
"7041","LOJA","QUILANGA",11,1115,2022,4030,9,"Septiembre",4.03
"7042","LOJA","QUILANGA",11,1115,2022,4030,10,"Octubre",4.03
"7043","LOJA","QUILANGA",11,1115,2022,4030,11,"Noviembre",4.03
"7044","LOJA","QUILANGA",11,1115,2022,4030,12,"Diciembre",4.03
"7045","LOJA","QUILANGA",11,1115,2023,3987,1,"Enero",3.987
"7046","LOJA","QUILANGA",11,1115,2023,3987,2,"Febrero",3.987
"7047","LOJA","QUILANGA",11,1115,2023,3987,3,"Marzo",3.987
"7048","LOJA","QUILANGA",11,1115,2023,3987,4,"Abril",3.987
"7049","LOJA","QUILANGA",11,1115,2023,3987,5,"Mayo",3.987
"7050","LOJA","QUILANGA",11,1115,2023,3987,6,"Junio",3.987
"7051","LOJA","QUILANGA",11,1115,2023,3987,7,"Julio",3.987
"7052","LOJA","QUILANGA",11,1115,2023,3987,8,"Agosto",3.987
"7053","LOJA","QUILANGA",11,1115,2023,3987,9,"Septiembre",3.987
"7054","LOJA","QUILANGA",11,1115,2023,3987,10,"Octubre",3.987
"7055","LOJA","QUILANGA",11,1115,2023,3987,11,"Noviembre",3.987
"7056","LOJA","QUILANGA",11,1115,2023,3987,12,"Diciembre",3.987
"7057","LOJA","QUILANGA",11,1115,2024,3952,1,"Enero",3.952
"7058","LOJA","QUILANGA",11,1115,2024,3952,2,"Febrero",3.952
"7059","LOJA","QUILANGA",11,1115,2024,3952,3,"Marzo",3.952
"7060","LOJA","QUILANGA",11,1115,2024,3952,4,"Abril",3.952
"7061","LOJA","QUILANGA",11,1115,2024,3952,5,"Mayo",3.952
"7062","LOJA","QUILANGA",11,1115,2024,3952,6,"Junio",3.952
"7063","LOJA","QUILANGA",11,1115,2024,3952,7,"Julio",3.952
"7064","LOJA","QUILANGA",11,1115,2024,3952,8,"Agosto",3.952
"7065","LOJA","QUILANGA",11,1115,2024,3952,9,"Septiembre",3.952
"7066","LOJA","QUILANGA",11,1115,2024,3952,10,"Octubre",3.952
"7067","LOJA","QUILANGA",11,1115,2024,3952,11,"Noviembre",3.952
"7068","LOJA","QUILANGA",11,1115,2024,3952,12,"Diciembre",3.952
"7069","LOJA","QUILANGA",11,1115,2025,3925,1,"Enero",3.925
"7070","LOJA","QUILANGA",11,1115,2025,3925,2,"Febrero",3.925
"7071","LOJA","QUILANGA",11,1115,2025,3925,3,"Marzo",3.925
"7072","LOJA","QUILANGA",11,1115,2025,3925,4,"Abril",3.925
"7073","LOJA","QUILANGA",11,1115,2025,3925,5,"Mayo",3.925
"7074","LOJA","QUILANGA",11,1115,2025,3925,6,"Junio",3.925
"7075","LOJA","QUILANGA",11,1115,2025,3925,7,"Julio",3.925
"7076","LOJA","QUILANGA",11,1115,2025,3925,8,"Agosto",3.925
"7077","LOJA","QUILANGA",11,1115,2025,3925,9,"Septiembre",3.925
"7078","LOJA","QUILANGA",11,1115,2025,3925,10,"Octubre",3.925
"7079","LOJA","QUILANGA",11,1115,2025,3925,11,"Noviembre",3.925
"7080","LOJA","QUILANGA",11,1115,2025,3925,12,"Diciembre",3.925
"7081","LOJA","OLMEDO",11,1116,2021,4328,1,"Enero",4.328
"7082","LOJA","OLMEDO",11,1116,2021,4328,2,"Febrero",4.328
"7083","LOJA","OLMEDO",11,1116,2021,4328,3,"Marzo",4.328
"7084","LOJA","OLMEDO",11,1116,2021,4328,4,"Abril",4.328
"7085","LOJA","OLMEDO",11,1116,2021,4328,5,"Mayo",4.328
"7086","LOJA","OLMEDO",11,1116,2021,4328,6,"Junio",4.328
"7087","LOJA","OLMEDO",11,1116,2021,4328,7,"Julio",4.328
"7088","LOJA","OLMEDO",11,1116,2021,4328,8,"Agosto",4.328
"7089","LOJA","OLMEDO",11,1116,2021,4328,9,"Septiembre",4.328
"7090","LOJA","OLMEDO",11,1116,2021,4328,10,"Octubre",4.328
"7091","LOJA","OLMEDO",11,1116,2021,4328,11,"Noviembre",4.328
"7092","LOJA","OLMEDO",11,1116,2021,4328,12,"Diciembre",4.328
"7093","LOJA","OLMEDO",11,1116,2022,4258,1,"Enero",4.258
"7094","LOJA","OLMEDO",11,1116,2022,4258,2,"Febrero",4.258
"7095","LOJA","OLMEDO",11,1116,2022,4258,3,"Marzo",4.258
"7096","LOJA","OLMEDO",11,1116,2022,4258,4,"Abril",4.258
"7097","LOJA","OLMEDO",11,1116,2022,4258,5,"Mayo",4.258
"7098","LOJA","OLMEDO",11,1116,2022,4258,6,"Junio",4.258
"7099","LOJA","OLMEDO",11,1116,2022,4258,7,"Julio",4.258
"7100","LOJA","OLMEDO",11,1116,2022,4258,8,"Agosto",4.258
"7101","LOJA","OLMEDO",11,1116,2022,4258,9,"Septiembre",4.258
"7102","LOJA","OLMEDO",11,1116,2022,4258,10,"Octubre",4.258
"7103","LOJA","OLMEDO",11,1116,2022,4258,11,"Noviembre",4.258
"7104","LOJA","OLMEDO",11,1116,2022,4258,12,"Diciembre",4.258
"7105","LOJA","OLMEDO",11,1116,2023,4206,1,"Enero",4.206
"7106","LOJA","OLMEDO",11,1116,2023,4206,2,"Febrero",4.206
"7107","LOJA","OLMEDO",11,1116,2023,4206,3,"Marzo",4.206
"7108","LOJA","OLMEDO",11,1116,2023,4206,4,"Abril",4.206
"7109","LOJA","OLMEDO",11,1116,2023,4206,5,"Mayo",4.206
"7110","LOJA","OLMEDO",11,1116,2023,4206,6,"Junio",4.206
"7111","LOJA","OLMEDO",11,1116,2023,4206,7,"Julio",4.206
"7112","LOJA","OLMEDO",11,1116,2023,4206,8,"Agosto",4.206
"7113","LOJA","OLMEDO",11,1116,2023,4206,9,"Septiembre",4.206
"7114","LOJA","OLMEDO",11,1116,2023,4206,10,"Octubre",4.206
"7115","LOJA","OLMEDO",11,1116,2023,4206,11,"Noviembre",4.206
"7116","LOJA","OLMEDO",11,1116,2023,4206,12,"Diciembre",4.206
"7117","LOJA","OLMEDO",11,1116,2024,4165,1,"Enero",4.165
"7118","LOJA","OLMEDO",11,1116,2024,4165,2,"Febrero",4.165
"7119","LOJA","OLMEDO",11,1116,2024,4165,3,"Marzo",4.165
"7120","LOJA","OLMEDO",11,1116,2024,4165,4,"Abril",4.165
"7121","LOJA","OLMEDO",11,1116,2024,4165,5,"Mayo",4.165
"7122","LOJA","OLMEDO",11,1116,2024,4165,6,"Junio",4.165
"7123","LOJA","OLMEDO",11,1116,2024,4165,7,"Julio",4.165
"7124","LOJA","OLMEDO",11,1116,2024,4165,8,"Agosto",4.165
"7125","LOJA","OLMEDO",11,1116,2024,4165,9,"Septiembre",4.165
"7126","LOJA","OLMEDO",11,1116,2024,4165,10,"Octubre",4.165
"7127","LOJA","OLMEDO",11,1116,2024,4165,11,"Noviembre",4.165
"7128","LOJA","OLMEDO",11,1116,2024,4165,12,"Diciembre",4.165
"7129","LOJA","OLMEDO",11,1116,2025,4134,1,"Enero",4.134
"7130","LOJA","OLMEDO",11,1116,2025,4134,2,"Febrero",4.134
"7131","LOJA","OLMEDO",11,1116,2025,4134,3,"Marzo",4.134
"7132","LOJA","OLMEDO",11,1116,2025,4134,4,"Abril",4.134
"7133","LOJA","OLMEDO",11,1116,2025,4134,5,"Mayo",4.134
"7134","LOJA","OLMEDO",11,1116,2025,4134,6,"Junio",4.134
"7135","LOJA","OLMEDO",11,1116,2025,4134,7,"Julio",4.134
"7136","LOJA","OLMEDO",11,1116,2025,4134,8,"Agosto",4.134
"7137","LOJA","OLMEDO",11,1116,2025,4134,9,"Septiembre",4.134
"7138","LOJA","OLMEDO",11,1116,2025,4134,10,"Octubre",4.134
"7139","LOJA","OLMEDO",11,1116,2025,4134,11,"Noviembre",4.134
"7140","LOJA","OLMEDO",11,1116,2025,4134,12,"Diciembre",4.134
"7141","LOS RIOS","BABAHOYO",12,1201,2021,187950,1,"Enero",187.95
"7142","LOS RIOS","BABAHOYO",12,1201,2021,187950,2,"Febrero",187.95
"7143","LOS RIOS","BABAHOYO",12,1201,2021,187950,3,"Marzo",187.95
"7144","LOS RIOS","BABAHOYO",12,1201,2021,187950,4,"Abril",187.95
"7145","LOS RIOS","BABAHOYO",12,1201,2021,187950,5,"Mayo",187.95
"7146","LOS RIOS","BABAHOYO",12,1201,2021,187950,6,"Junio",187.95
"7147","LOS RIOS","BABAHOYO",12,1201,2021,187950,7,"Julio",187.95
"7148","LOS RIOS","BABAHOYO",12,1201,2021,187950,8,"Agosto",187.95
"7149","LOS RIOS","BABAHOYO",12,1201,2021,187950,9,"Septiembre",187.95
"7150","LOS RIOS","BABAHOYO",12,1201,2021,187950,10,"Octubre",187.95
"7151","LOS RIOS","BABAHOYO",12,1201,2021,187950,11,"Noviembre",187.95
"7152","LOS RIOS","BABAHOYO",12,1201,2021,187950,12,"Diciembre",187.95
"7153","LOS RIOS","BABAHOYO",12,1201,2022,188759,1,"Enero",188.759
"7154","LOS RIOS","BABAHOYO",12,1201,2022,188759,2,"Febrero",188.759
"7155","LOS RIOS","BABAHOYO",12,1201,2022,188759,3,"Marzo",188.759
"7156","LOS RIOS","BABAHOYO",12,1201,2022,188759,4,"Abril",188.759
"7157","LOS RIOS","BABAHOYO",12,1201,2022,188759,5,"Mayo",188.759
"7158","LOS RIOS","BABAHOYO",12,1201,2022,188759,6,"Junio",188.759
"7159","LOS RIOS","BABAHOYO",12,1201,2022,188759,7,"Julio",188.759
"7160","LOS RIOS","BABAHOYO",12,1201,2022,188759,8,"Agosto",188.759
"7161","LOS RIOS","BABAHOYO",12,1201,2022,188759,9,"Septiembre",188.759
"7162","LOS RIOS","BABAHOYO",12,1201,2022,188759,10,"Octubre",188.759
"7163","LOS RIOS","BABAHOYO",12,1201,2022,188759,11,"Noviembre",188.759
"7164","LOS RIOS","BABAHOYO",12,1201,2022,188759,12,"Diciembre",188.759
"7165","LOS RIOS","BABAHOYO",12,1201,2023,190058,1,"Enero",190.058
"7166","LOS RIOS","BABAHOYO",12,1201,2023,190058,2,"Febrero",190.058
"7167","LOS RIOS","BABAHOYO",12,1201,2023,190058,3,"Marzo",190.058
"7168","LOS RIOS","BABAHOYO",12,1201,2023,190058,4,"Abril",190.058
"7169","LOS RIOS","BABAHOYO",12,1201,2023,190058,5,"Mayo",190.058
"7170","LOS RIOS","BABAHOYO",12,1201,2023,190058,6,"Junio",190.058
"7171","LOS RIOS","BABAHOYO",12,1201,2023,190058,7,"Julio",190.058
"7172","LOS RIOS","BABAHOYO",12,1201,2023,190058,8,"Agosto",190.058
"7173","LOS RIOS","BABAHOYO",12,1201,2023,190058,9,"Septiembre",190.058
"7174","LOS RIOS","BABAHOYO",12,1201,2023,190058,10,"Octubre",190.058
"7175","LOS RIOS","BABAHOYO",12,1201,2023,190058,11,"Noviembre",190.058
"7176","LOS RIOS","BABAHOYO",12,1201,2023,190058,12,"Diciembre",190.058
"7177","LOS RIOS","BABAHOYO",12,1201,2024,191772,1,"Enero",191.772
"7178","LOS RIOS","BABAHOYO",12,1201,2024,191772,2,"Febrero",191.772
"7179","LOS RIOS","BABAHOYO",12,1201,2024,191772,3,"Marzo",191.772
"7180","LOS RIOS","BABAHOYO",12,1201,2024,191772,4,"Abril",191.772
"7181","LOS RIOS","BABAHOYO",12,1201,2024,191772,5,"Mayo",191.772
"7182","LOS RIOS","BABAHOYO",12,1201,2024,191772,6,"Junio",191.772
"7183","LOS RIOS","BABAHOYO",12,1201,2024,191772,7,"Julio",191.772
"7184","LOS RIOS","BABAHOYO",12,1201,2024,191772,8,"Agosto",191.772
"7185","LOS RIOS","BABAHOYO",12,1201,2024,191772,9,"Septiembre",191.772
"7186","LOS RIOS","BABAHOYO",12,1201,2024,191772,10,"Octubre",191.772
"7187","LOS RIOS","BABAHOYO",12,1201,2024,191772,11,"Noviembre",191.772
"7188","LOS RIOS","BABAHOYO",12,1201,2024,191772,12,"Diciembre",191.772
"7189","LOS RIOS","BABAHOYO",12,1201,2025,193677,1,"Enero",193.677
"7190","LOS RIOS","BABAHOYO",12,1201,2025,193677,2,"Febrero",193.677
"7191","LOS RIOS","BABAHOYO",12,1201,2025,193677,3,"Marzo",193.677
"7192","LOS RIOS","BABAHOYO",12,1201,2025,193677,4,"Abril",193.677
"7193","LOS RIOS","BABAHOYO",12,1201,2025,193677,5,"Mayo",193.677
"7194","LOS RIOS","BABAHOYO",12,1201,2025,193677,6,"Junio",193.677
"7195","LOS RIOS","BABAHOYO",12,1201,2025,193677,7,"Julio",193.677
"7196","LOS RIOS","BABAHOYO",12,1201,2025,193677,8,"Agosto",193.677
"7197","LOS RIOS","BABAHOYO",12,1201,2025,193677,9,"Septiembre",193.677
"7198","LOS RIOS","BABAHOYO",12,1201,2025,193677,10,"Octubre",193.677
"7199","LOS RIOS","BABAHOYO",12,1201,2025,193677,11,"Noviembre",193.677
"7200","LOS RIOS","BABAHOYO",12,1201,2025,193677,12,"Diciembre",193.677
"7201","LOS RIOS","BABA",12,1202,2021,47263,1,"Enero",47.263
"7202","LOS RIOS","BABA",12,1202,2021,47263,2,"Febrero",47.263
"7203","LOS RIOS","BABA",12,1202,2021,47263,3,"Marzo",47.263
"7204","LOS RIOS","BABA",12,1202,2021,47263,4,"Abril",47.263
"7205","LOS RIOS","BABA",12,1202,2021,47263,5,"Mayo",47.263
"7206","LOS RIOS","BABA",12,1202,2021,47263,6,"Junio",47.263
"7207","LOS RIOS","BABA",12,1202,2021,47263,7,"Julio",47.263
"7208","LOS RIOS","BABA",12,1202,2021,47263,8,"Agosto",47.263
"7209","LOS RIOS","BABA",12,1202,2021,47263,9,"Septiembre",47.263
"7210","LOS RIOS","BABA",12,1202,2021,47263,10,"Octubre",47.263
"7211","LOS RIOS","BABA",12,1202,2021,47263,11,"Noviembre",47.263
"7212","LOS RIOS","BABA",12,1202,2021,47263,12,"Diciembre",47.263
"7213","LOS RIOS","BABA",12,1202,2022,47404,1,"Enero",47.404
"7214","LOS RIOS","BABA",12,1202,2022,47404,2,"Febrero",47.404
"7215","LOS RIOS","BABA",12,1202,2022,47404,3,"Marzo",47.404
"7216","LOS RIOS","BABA",12,1202,2022,47404,4,"Abril",47.404
"7217","LOS RIOS","BABA",12,1202,2022,47404,5,"Mayo",47.404
"7218","LOS RIOS","BABA",12,1202,2022,47404,6,"Junio",47.404
"7219","LOS RIOS","BABA",12,1202,2022,47404,7,"Julio",47.404
"7220","LOS RIOS","BABA",12,1202,2022,47404,8,"Agosto",47.404
"7221","LOS RIOS","BABA",12,1202,2022,47404,9,"Septiembre",47.404
"7222","LOS RIOS","BABA",12,1202,2022,47404,10,"Octubre",47.404
"7223","LOS RIOS","BABA",12,1202,2022,47404,11,"Noviembre",47.404
"7224","LOS RIOS","BABA",12,1202,2022,47404,12,"Diciembre",47.404
"7225","LOS RIOS","BABA",12,1202,2023,47667,1,"Enero",47.667
"7226","LOS RIOS","BABA",12,1202,2023,47667,2,"Febrero",47.667
"7227","LOS RIOS","BABA",12,1202,2023,47667,3,"Marzo",47.667
"7228","LOS RIOS","BABA",12,1202,2023,47667,4,"Abril",47.667
"7229","LOS RIOS","BABA",12,1202,2023,47667,5,"Mayo",47.667
"7230","LOS RIOS","BABA",12,1202,2023,47667,6,"Junio",47.667
"7231","LOS RIOS","BABA",12,1202,2023,47667,7,"Julio",47.667
"7232","LOS RIOS","BABA",12,1202,2023,47667,8,"Agosto",47.667
"7233","LOS RIOS","BABA",12,1202,2023,47667,9,"Septiembre",47.667
"7234","LOS RIOS","BABA",12,1202,2023,47667,10,"Octubre",47.667
"7235","LOS RIOS","BABA",12,1202,2023,47667,11,"Noviembre",47.667
"7236","LOS RIOS","BABA",12,1202,2023,47667,12,"Diciembre",47.667
"7237","LOS RIOS","BABA",12,1202,2024,48034,1,"Enero",48.034
"7238","LOS RIOS","BABA",12,1202,2024,48034,2,"Febrero",48.034
"7239","LOS RIOS","BABA",12,1202,2024,48034,3,"Marzo",48.034
"7240","LOS RIOS","BABA",12,1202,2024,48034,4,"Abril",48.034
"7241","LOS RIOS","BABA",12,1202,2024,48034,5,"Mayo",48.034
"7242","LOS RIOS","BABA",12,1202,2024,48034,6,"Junio",48.034
"7243","LOS RIOS","BABA",12,1202,2024,48034,7,"Julio",48.034
"7244","LOS RIOS","BABA",12,1202,2024,48034,8,"Agosto",48.034
"7245","LOS RIOS","BABA",12,1202,2024,48034,9,"Septiembre",48.034
"7246","LOS RIOS","BABA",12,1202,2024,48034,10,"Octubre",48.034
"7247","LOS RIOS","BABA",12,1202,2024,48034,11,"Noviembre",48.034
"7248","LOS RIOS","BABA",12,1202,2024,48034,12,"Diciembre",48.034
"7249","LOS RIOS","BABA",12,1202,2025,48446,1,"Enero",48.446
"7250","LOS RIOS","BABA",12,1202,2025,48446,2,"Febrero",48.446
"7251","LOS RIOS","BABA",12,1202,2025,48446,3,"Marzo",48.446
"7252","LOS RIOS","BABA",12,1202,2025,48446,4,"Abril",48.446
"7253","LOS RIOS","BABA",12,1202,2025,48446,5,"Mayo",48.446
"7254","LOS RIOS","BABA",12,1202,2025,48446,6,"Junio",48.446
"7255","LOS RIOS","BABA",12,1202,2025,48446,7,"Julio",48.446
"7256","LOS RIOS","BABA",12,1202,2025,48446,8,"Agosto",48.446
"7257","LOS RIOS","BABA",12,1202,2025,48446,9,"Septiembre",48.446
"7258","LOS RIOS","BABA",12,1202,2025,48446,10,"Octubre",48.446
"7259","LOS RIOS","BABA",12,1202,2025,48446,11,"Noviembre",48.446
"7260","LOS RIOS","BABA",12,1202,2025,48446,12,"Diciembre",48.446
"7261","LOS RIOS","MONTALVO",12,1203,2021,29442,1,"Enero",29.442
"7262","LOS RIOS","MONTALVO",12,1203,2021,29442,2,"Febrero",29.442
"7263","LOS RIOS","MONTALVO",12,1203,2021,29442,3,"Marzo",29.442
"7264","LOS RIOS","MONTALVO",12,1203,2021,29442,4,"Abril",29.442
"7265","LOS RIOS","MONTALVO",12,1203,2021,29442,5,"Mayo",29.442
"7266","LOS RIOS","MONTALVO",12,1203,2021,29442,6,"Junio",29.442
"7267","LOS RIOS","MONTALVO",12,1203,2021,29442,7,"Julio",29.442
"7268","LOS RIOS","MONTALVO",12,1203,2021,29442,8,"Agosto",29.442
"7269","LOS RIOS","MONTALVO",12,1203,2021,29442,9,"Septiembre",29.442
"7270","LOS RIOS","MONTALVO",12,1203,2021,29442,10,"Octubre",29.442
"7271","LOS RIOS","MONTALVO",12,1203,2021,29442,11,"Noviembre",29.442
"7272","LOS RIOS","MONTALVO",12,1203,2021,29442,12,"Diciembre",29.442
"7273","LOS RIOS","MONTALVO",12,1203,2022,29604,1,"Enero",29.604
"7274","LOS RIOS","MONTALVO",12,1203,2022,29604,2,"Febrero",29.604
"7275","LOS RIOS","MONTALVO",12,1203,2022,29604,3,"Marzo",29.604
"7276","LOS RIOS","MONTALVO",12,1203,2022,29604,4,"Abril",29.604
"7277","LOS RIOS","MONTALVO",12,1203,2022,29604,5,"Mayo",29.604
"7278","LOS RIOS","MONTALVO",12,1203,2022,29604,6,"Junio",29.604
"7279","LOS RIOS","MONTALVO",12,1203,2022,29604,7,"Julio",29.604
"7280","LOS RIOS","MONTALVO",12,1203,2022,29604,8,"Agosto",29.604
"7281","LOS RIOS","MONTALVO",12,1203,2022,29604,9,"Septiembre",29.604
"7282","LOS RIOS","MONTALVO",12,1203,2022,29604,10,"Octubre",29.604
"7283","LOS RIOS","MONTALVO",12,1203,2022,29604,11,"Noviembre",29.604
"7284","LOS RIOS","MONTALVO",12,1203,2022,29604,12,"Diciembre",29.604
"7285","LOS RIOS","MONTALVO",12,1203,2023,29842,1,"Enero",29.842
"7286","LOS RIOS","MONTALVO",12,1203,2023,29842,2,"Febrero",29.842
"7287","LOS RIOS","MONTALVO",12,1203,2023,29842,3,"Marzo",29.842
"7288","LOS RIOS","MONTALVO",12,1203,2023,29842,4,"Abril",29.842
"7289","LOS RIOS","MONTALVO",12,1203,2023,29842,5,"Mayo",29.842
"7290","LOS RIOS","MONTALVO",12,1203,2023,29842,6,"Junio",29.842
"7291","LOS RIOS","MONTALVO",12,1203,2023,29842,7,"Julio",29.842
"7292","LOS RIOS","MONTALVO",12,1203,2023,29842,8,"Agosto",29.842
"7293","LOS RIOS","MONTALVO",12,1203,2023,29842,9,"Septiembre",29.842
"7294","LOS RIOS","MONTALVO",12,1203,2023,29842,10,"Octubre",29.842
"7295","LOS RIOS","MONTALVO",12,1203,2023,29842,11,"Noviembre",29.842
"7296","LOS RIOS","MONTALVO",12,1203,2023,29842,12,"Diciembre",29.842
"7297","LOS RIOS","MONTALVO",12,1203,2024,30147,1,"Enero",30.147
"7298","LOS RIOS","MONTALVO",12,1203,2024,30147,2,"Febrero",30.147
"7299","LOS RIOS","MONTALVO",12,1203,2024,30147,3,"Marzo",30.147
"7300","LOS RIOS","MONTALVO",12,1203,2024,30147,4,"Abril",30.147
"7301","LOS RIOS","MONTALVO",12,1203,2024,30147,5,"Mayo",30.147
"7302","LOS RIOS","MONTALVO",12,1203,2024,30147,6,"Junio",30.147
"7303","LOS RIOS","MONTALVO",12,1203,2024,30147,7,"Julio",30.147
"7304","LOS RIOS","MONTALVO",12,1203,2024,30147,8,"Agosto",30.147
"7305","LOS RIOS","MONTALVO",12,1203,2024,30147,9,"Septiembre",30.147
"7306","LOS RIOS","MONTALVO",12,1203,2024,30147,10,"Octubre",30.147
"7307","LOS RIOS","MONTALVO",12,1203,2024,30147,11,"Noviembre",30.147
"7308","LOS RIOS","MONTALVO",12,1203,2024,30147,12,"Diciembre",30.147
"7309","LOS RIOS","MONTALVO",12,1203,2025,30483,1,"Enero",30.483
"7310","LOS RIOS","MONTALVO",12,1203,2025,30483,2,"Febrero",30.483
"7311","LOS RIOS","MONTALVO",12,1203,2025,30483,3,"Marzo",30.483
"7312","LOS RIOS","MONTALVO",12,1203,2025,30483,4,"Abril",30.483
"7313","LOS RIOS","MONTALVO",12,1203,2025,30483,5,"Mayo",30.483
"7314","LOS RIOS","MONTALVO",12,1203,2025,30483,6,"Junio",30.483
"7315","LOS RIOS","MONTALVO",12,1203,2025,30483,7,"Julio",30.483
"7316","LOS RIOS","MONTALVO",12,1203,2025,30483,8,"Agosto",30.483
"7317","LOS RIOS","MONTALVO",12,1203,2025,30483,9,"Septiembre",30.483
"7318","LOS RIOS","MONTALVO",12,1203,2025,30483,10,"Octubre",30.483
"7319","LOS RIOS","MONTALVO",12,1203,2025,30483,11,"Noviembre",30.483
"7320","LOS RIOS","MONTALVO",12,1203,2025,30483,12,"Diciembre",30.483
"7321","LOS RIOS","PUEBLOVIEJO",12,1204,2021,44429,1,"Enero",44.429
"7322","LOS RIOS","PUEBLOVIEJO",12,1204,2021,44429,2,"Febrero",44.429
"7323","LOS RIOS","PUEBLOVIEJO",12,1204,2021,44429,3,"Marzo",44.429
"7324","LOS RIOS","PUEBLOVIEJO",12,1204,2021,44429,4,"Abril",44.429
"7325","LOS RIOS","PUEBLOVIEJO",12,1204,2021,44429,5,"Mayo",44.429
"7326","LOS RIOS","PUEBLOVIEJO",12,1204,2021,44429,6,"Junio",44.429
"7327","LOS RIOS","PUEBLOVIEJO",12,1204,2021,44429,7,"Julio",44.429
"7328","LOS RIOS","PUEBLOVIEJO",12,1204,2021,44429,8,"Agosto",44.429
"7329","LOS RIOS","PUEBLOVIEJO",12,1204,2021,44429,9,"Septiembre",44.429
"7330","LOS RIOS","PUEBLOVIEJO",12,1204,2021,44429,10,"Octubre",44.429
"7331","LOS RIOS","PUEBLOVIEJO",12,1204,2021,44429,11,"Noviembre",44.429
"7332","LOS RIOS","PUEBLOVIEJO",12,1204,2021,44429,12,"Diciembre",44.429
"7333","LOS RIOS","PUEBLOVIEJO",12,1204,2022,44633,1,"Enero",44.633
"7334","LOS RIOS","PUEBLOVIEJO",12,1204,2022,44633,2,"Febrero",44.633
"7335","LOS RIOS","PUEBLOVIEJO",12,1204,2022,44633,3,"Marzo",44.633
"7336","LOS RIOS","PUEBLOVIEJO",12,1204,2022,44633,4,"Abril",44.633
"7337","LOS RIOS","PUEBLOVIEJO",12,1204,2022,44633,5,"Mayo",44.633
"7338","LOS RIOS","PUEBLOVIEJO",12,1204,2022,44633,6,"Junio",44.633
"7339","LOS RIOS","PUEBLOVIEJO",12,1204,2022,44633,7,"Julio",44.633
"7340","LOS RIOS","PUEBLOVIEJO",12,1204,2022,44633,8,"Agosto",44.633
"7341","LOS RIOS","PUEBLOVIEJO",12,1204,2022,44633,9,"Septiembre",44.633
"7342","LOS RIOS","PUEBLOVIEJO",12,1204,2022,44633,10,"Octubre",44.633
"7343","LOS RIOS","PUEBLOVIEJO",12,1204,2022,44633,11,"Noviembre",44.633
"7344","LOS RIOS","PUEBLOVIEJO",12,1204,2022,44633,12,"Diciembre",44.633
"7345","LOS RIOS","PUEBLOVIEJO",12,1204,2023,44952,1,"Enero",44.952
"7346","LOS RIOS","PUEBLOVIEJO",12,1204,2023,44952,2,"Febrero",44.952
"7347","LOS RIOS","PUEBLOVIEJO",12,1204,2023,44952,3,"Marzo",44.952
"7348","LOS RIOS","PUEBLOVIEJO",12,1204,2023,44952,4,"Abril",44.952
"7349","LOS RIOS","PUEBLOVIEJO",12,1204,2023,44952,5,"Mayo",44.952
"7350","LOS RIOS","PUEBLOVIEJO",12,1204,2023,44952,6,"Junio",44.952
"7351","LOS RIOS","PUEBLOVIEJO",12,1204,2023,44952,7,"Julio",44.952
"7352","LOS RIOS","PUEBLOVIEJO",12,1204,2023,44952,8,"Agosto",44.952
"7353","LOS RIOS","PUEBLOVIEJO",12,1204,2023,44952,9,"Septiembre",44.952
"7354","LOS RIOS","PUEBLOVIEJO",12,1204,2023,44952,10,"Octubre",44.952
"7355","LOS RIOS","PUEBLOVIEJO",12,1204,2023,44952,11,"Noviembre",44.952
"7356","LOS RIOS","PUEBLOVIEJO",12,1204,2023,44952,12,"Diciembre",44.952
"7357","LOS RIOS","PUEBLOVIEJO",12,1204,2024,45370,1,"Enero",45.37
"7358","LOS RIOS","PUEBLOVIEJO",12,1204,2024,45370,2,"Febrero",45.37
"7359","LOS RIOS","PUEBLOVIEJO",12,1204,2024,45370,3,"Marzo",45.37
"7360","LOS RIOS","PUEBLOVIEJO",12,1204,2024,45370,4,"Abril",45.37
"7361","LOS RIOS","PUEBLOVIEJO",12,1204,2024,45370,5,"Mayo",45.37
"7362","LOS RIOS","PUEBLOVIEJO",12,1204,2024,45370,6,"Junio",45.37
"7363","LOS RIOS","PUEBLOVIEJO",12,1204,2024,45370,7,"Julio",45.37
"7364","LOS RIOS","PUEBLOVIEJO",12,1204,2024,45370,8,"Agosto",45.37
"7365","LOS RIOS","PUEBLOVIEJO",12,1204,2024,45370,9,"Septiembre",45.37
"7366","LOS RIOS","PUEBLOVIEJO",12,1204,2024,45370,10,"Octubre",45.37
"7367","LOS RIOS","PUEBLOVIEJO",12,1204,2024,45370,11,"Noviembre",45.37
"7368","LOS RIOS","PUEBLOVIEJO",12,1204,2024,45370,12,"Diciembre",45.37
"7369","LOS RIOS","PUEBLOVIEJO",12,1204,2025,45833,1,"Enero",45.833
"7370","LOS RIOS","PUEBLOVIEJO",12,1204,2025,45833,2,"Febrero",45.833
"7371","LOS RIOS","PUEBLOVIEJO",12,1204,2025,45833,3,"Marzo",45.833
"7372","LOS RIOS","PUEBLOVIEJO",12,1204,2025,45833,4,"Abril",45.833
"7373","LOS RIOS","PUEBLOVIEJO",12,1204,2025,45833,5,"Mayo",45.833
"7374","LOS RIOS","PUEBLOVIEJO",12,1204,2025,45833,6,"Junio",45.833
"7375","LOS RIOS","PUEBLOVIEJO",12,1204,2025,45833,7,"Julio",45.833
"7376","LOS RIOS","PUEBLOVIEJO",12,1204,2025,45833,8,"Agosto",45.833
"7377","LOS RIOS","PUEBLOVIEJO",12,1204,2025,45833,9,"Septiembre",45.833
"7378","LOS RIOS","PUEBLOVIEJO",12,1204,2025,45833,10,"Octubre",45.833
"7379","LOS RIOS","PUEBLOVIEJO",12,1204,2025,45833,11,"Noviembre",45.833
"7380","LOS RIOS","PUEBLOVIEJO",12,1204,2025,45833,12,"Diciembre",45.833
"7381","LOS RIOS","QUEVEDO",12,1205,2021,218010,1,"Enero",218.01
"7382","LOS RIOS","QUEVEDO",12,1205,2021,218010,2,"Febrero",218.01
"7383","LOS RIOS","QUEVEDO",12,1205,2021,218010,3,"Marzo",218.01
"7384","LOS RIOS","QUEVEDO",12,1205,2021,218010,4,"Abril",218.01
"7385","LOS RIOS","QUEVEDO",12,1205,2021,218010,5,"Mayo",218.01
"7386","LOS RIOS","QUEVEDO",12,1205,2021,218010,6,"Junio",218.01
"7387","LOS RIOS","QUEVEDO",12,1205,2021,218010,7,"Julio",218.01
"7388","LOS RIOS","QUEVEDO",12,1205,2021,218010,8,"Agosto",218.01
"7389","LOS RIOS","QUEVEDO",12,1205,2021,218010,9,"Septiembre",218.01
"7390","LOS RIOS","QUEVEDO",12,1205,2021,218010,10,"Octubre",218.01
"7391","LOS RIOS","QUEVEDO",12,1205,2021,218010,11,"Noviembre",218.01
"7392","LOS RIOS","QUEVEDO",12,1205,2021,218010,12,"Diciembre",218.01
"7393","LOS RIOS","QUEVEDO",12,1205,2022,219549,1,"Enero",219.549
"7394","LOS RIOS","QUEVEDO",12,1205,2022,219549,2,"Febrero",219.549
"7395","LOS RIOS","QUEVEDO",12,1205,2022,219549,3,"Marzo",219.549
"7396","LOS RIOS","QUEVEDO",12,1205,2022,219549,4,"Abril",219.549
"7397","LOS RIOS","QUEVEDO",12,1205,2022,219549,5,"Mayo",219.549
"7398","LOS RIOS","QUEVEDO",12,1205,2022,219549,6,"Junio",219.549
"7399","LOS RIOS","QUEVEDO",12,1205,2022,219549,7,"Julio",219.549
"7400","LOS RIOS","QUEVEDO",12,1205,2022,219549,8,"Agosto",219.549
"7401","LOS RIOS","QUEVEDO",12,1205,2022,219549,9,"Septiembre",219.549
"7402","LOS RIOS","QUEVEDO",12,1205,2022,219549,10,"Octubre",219.549
"7403","LOS RIOS","QUEVEDO",12,1205,2022,219549,11,"Noviembre",219.549
"7404","LOS RIOS","QUEVEDO",12,1205,2022,219549,12,"Diciembre",219.549
"7405","LOS RIOS","QUEVEDO",12,1205,2023,221661,1,"Enero",221.661
"7406","LOS RIOS","QUEVEDO",12,1205,2023,221661,2,"Febrero",221.661
"7407","LOS RIOS","QUEVEDO",12,1205,2023,221661,3,"Marzo",221.661
"7408","LOS RIOS","QUEVEDO",12,1205,2023,221661,4,"Abril",221.661
"7409","LOS RIOS","QUEVEDO",12,1205,2023,221661,5,"Mayo",221.661
"7410","LOS RIOS","QUEVEDO",12,1205,2023,221661,6,"Junio",221.661
"7411","LOS RIOS","QUEVEDO",12,1205,2023,221661,7,"Julio",221.661
"7412","LOS RIOS","QUEVEDO",12,1205,2023,221661,8,"Agosto",221.661
"7413","LOS RIOS","QUEVEDO",12,1205,2023,221661,9,"Septiembre",221.661
"7414","LOS RIOS","QUEVEDO",12,1205,2023,221661,10,"Octubre",221.661
"7415","LOS RIOS","QUEVEDO",12,1205,2023,221661,11,"Noviembre",221.661
"7416","LOS RIOS","QUEVEDO",12,1205,2023,221661,12,"Diciembre",221.661
"7417","LOS RIOS","QUEVEDO",12,1205,2024,224264,1,"Enero",224.264
"7418","LOS RIOS","QUEVEDO",12,1205,2024,224264,2,"Febrero",224.264
"7419","LOS RIOS","QUEVEDO",12,1205,2024,224264,3,"Marzo",224.264
"7420","LOS RIOS","QUEVEDO",12,1205,2024,224264,4,"Abril",224.264
"7421","LOS RIOS","QUEVEDO",12,1205,2024,224264,5,"Mayo",224.264
"7422","LOS RIOS","QUEVEDO",12,1205,2024,224264,6,"Junio",224.264
"7423","LOS RIOS","QUEVEDO",12,1205,2024,224264,7,"Julio",224.264
"7424","LOS RIOS","QUEVEDO",12,1205,2024,224264,8,"Agosto",224.264
"7425","LOS RIOS","QUEVEDO",12,1205,2024,224264,9,"Septiembre",224.264
"7426","LOS RIOS","QUEVEDO",12,1205,2024,224264,10,"Octubre",224.264
"7427","LOS RIOS","QUEVEDO",12,1205,2024,224264,11,"Noviembre",224.264
"7428","LOS RIOS","QUEVEDO",12,1205,2024,224264,12,"Diciembre",224.264
"7429","LOS RIOS","QUEVEDO",12,1205,2025,227098,1,"Enero",227.098
"7430","LOS RIOS","QUEVEDO",12,1205,2025,227098,2,"Febrero",227.098
"7431","LOS RIOS","QUEVEDO",12,1205,2025,227098,3,"Marzo",227.098
"7432","LOS RIOS","QUEVEDO",12,1205,2025,227098,4,"Abril",227.098
"7433","LOS RIOS","QUEVEDO",12,1205,2025,227098,5,"Mayo",227.098
"7434","LOS RIOS","QUEVEDO",12,1205,2025,227098,6,"Junio",227.098
"7435","LOS RIOS","QUEVEDO",12,1205,2025,227098,7,"Julio",227.098
"7436","LOS RIOS","QUEVEDO",12,1205,2025,227098,8,"Agosto",227.098
"7437","LOS RIOS","QUEVEDO",12,1205,2025,227098,9,"Septiembre",227.098
"7438","LOS RIOS","QUEVEDO",12,1205,2025,227098,10,"Octubre",227.098
"7439","LOS RIOS","QUEVEDO",12,1205,2025,227098,11,"Noviembre",227.098
"7440","LOS RIOS","QUEVEDO",12,1205,2025,227098,12,"Diciembre",227.098
"7441","LOS RIOS","URDANETA",12,1206,2021,34766,1,"Enero",34.766
"7442","LOS RIOS","URDANETA",12,1206,2021,34766,2,"Febrero",34.766
"7443","LOS RIOS","URDANETA",12,1206,2021,34766,3,"Marzo",34.766
"7444","LOS RIOS","URDANETA",12,1206,2021,34766,4,"Abril",34.766
"7445","LOS RIOS","URDANETA",12,1206,2021,34766,5,"Mayo",34.766
"7446","LOS RIOS","URDANETA",12,1206,2021,34766,6,"Junio",34.766
"7447","LOS RIOS","URDANETA",12,1206,2021,34766,7,"Julio",34.766
"7448","LOS RIOS","URDANETA",12,1206,2021,34766,8,"Agosto",34.766
"7449","LOS RIOS","URDANETA",12,1206,2021,34766,9,"Septiembre",34.766
"7450","LOS RIOS","URDANETA",12,1206,2021,34766,10,"Octubre",34.766
"7451","LOS RIOS","URDANETA",12,1206,2021,34766,11,"Noviembre",34.766
"7452","LOS RIOS","URDANETA",12,1206,2021,34766,12,"Diciembre",34.766
"7453","LOS RIOS","URDANETA",12,1206,2022,34829,1,"Enero",34.829
"7454","LOS RIOS","URDANETA",12,1206,2022,34829,2,"Febrero",34.829
"7455","LOS RIOS","URDANETA",12,1206,2022,34829,3,"Marzo",34.829
"7456","LOS RIOS","URDANETA",12,1206,2022,34829,4,"Abril",34.829
"7457","LOS RIOS","URDANETA",12,1206,2022,34829,5,"Mayo",34.829
"7458","LOS RIOS","URDANETA",12,1206,2022,34829,6,"Junio",34.829
"7459","LOS RIOS","URDANETA",12,1206,2022,34829,7,"Julio",34.829
"7460","LOS RIOS","URDANETA",12,1206,2022,34829,8,"Agosto",34.829
"7461","LOS RIOS","URDANETA",12,1206,2022,34829,9,"Septiembre",34.829
"7462","LOS RIOS","URDANETA",12,1206,2022,34829,10,"Octubre",34.829
"7463","LOS RIOS","URDANETA",12,1206,2022,34829,11,"Noviembre",34.829
"7464","LOS RIOS","URDANETA",12,1206,2022,34829,12,"Diciembre",34.829
"7465","LOS RIOS","URDANETA",12,1206,2023,34982,1,"Enero",34.982
"7466","LOS RIOS","URDANETA",12,1206,2023,34982,2,"Febrero",34.982
"7467","LOS RIOS","URDANETA",12,1206,2023,34982,3,"Marzo",34.982
"7468","LOS RIOS","URDANETA",12,1206,2023,34982,4,"Abril",34.982
"7469","LOS RIOS","URDANETA",12,1206,2023,34982,5,"Mayo",34.982
"7470","LOS RIOS","URDANETA",12,1206,2023,34982,6,"Junio",34.982
"7471","LOS RIOS","URDANETA",12,1206,2023,34982,7,"Julio",34.982
"7472","LOS RIOS","URDANETA",12,1206,2023,34982,8,"Agosto",34.982
"7473","LOS RIOS","URDANETA",12,1206,2023,34982,9,"Septiembre",34.982
"7474","LOS RIOS","URDANETA",12,1206,2023,34982,10,"Octubre",34.982
"7475","LOS RIOS","URDANETA",12,1206,2023,34982,11,"Noviembre",34.982
"7476","LOS RIOS","URDANETA",12,1206,2023,34982,12,"Diciembre",34.982
"7477","LOS RIOS","URDANETA",12,1206,2024,35210,1,"Enero",35.21
"7478","LOS RIOS","URDANETA",12,1206,2024,35210,2,"Febrero",35.21
"7479","LOS RIOS","URDANETA",12,1206,2024,35210,3,"Marzo",35.21
"7480","LOS RIOS","URDANETA",12,1206,2024,35210,4,"Abril",35.21
"7481","LOS RIOS","URDANETA",12,1206,2024,35210,5,"Mayo",35.21
"7482","LOS RIOS","URDANETA",12,1206,2024,35210,6,"Junio",35.21
"7483","LOS RIOS","URDANETA",12,1206,2024,35210,7,"Julio",35.21
"7484","LOS RIOS","URDANETA",12,1206,2024,35210,8,"Agosto",35.21
"7485","LOS RIOS","URDANETA",12,1206,2024,35210,9,"Septiembre",35.21
"7486","LOS RIOS","URDANETA",12,1206,2024,35210,10,"Octubre",35.21
"7487","LOS RIOS","URDANETA",12,1206,2024,35210,11,"Noviembre",35.21
"7488","LOS RIOS","URDANETA",12,1206,2024,35210,12,"Diciembre",35.21
"7489","LOS RIOS","URDANETA",12,1206,2025,35472,1,"Enero",35.472
"7490","LOS RIOS","URDANETA",12,1206,2025,35472,2,"Febrero",35.472
"7491","LOS RIOS","URDANETA",12,1206,2025,35472,3,"Marzo",35.472
"7492","LOS RIOS","URDANETA",12,1206,2025,35472,4,"Abril",35.472
"7493","LOS RIOS","URDANETA",12,1206,2025,35472,5,"Mayo",35.472
"7494","LOS RIOS","URDANETA",12,1206,2025,35472,6,"Junio",35.472
"7495","LOS RIOS","URDANETA",12,1206,2025,35472,7,"Julio",35.472
"7496","LOS RIOS","URDANETA",12,1206,2025,35472,8,"Agosto",35.472
"7497","LOS RIOS","URDANETA",12,1206,2025,35472,9,"Septiembre",35.472
"7498","LOS RIOS","URDANETA",12,1206,2025,35472,10,"Octubre",35.472
"7499","LOS RIOS","URDANETA",12,1206,2025,35472,11,"Noviembre",35.472
"7500","LOS RIOS","URDANETA",12,1206,2025,35472,12,"Diciembre",35.472
"7501","LOS RIOS","VENTANAS",12,1207,2021,78398,1,"Enero",78.398
"7502","LOS RIOS","VENTANAS",12,1207,2021,78398,2,"Febrero",78.398
"7503","LOS RIOS","VENTANAS",12,1207,2021,78398,3,"Marzo",78.398
"7504","LOS RIOS","VENTANAS",12,1207,2021,78398,4,"Abril",78.398
"7505","LOS RIOS","VENTANAS",12,1207,2021,78398,5,"Mayo",78.398
"7506","LOS RIOS","VENTANAS",12,1207,2021,78398,6,"Junio",78.398
"7507","LOS RIOS","VENTANAS",12,1207,2021,78398,7,"Julio",78.398
"7508","LOS RIOS","VENTANAS",12,1207,2021,78398,8,"Agosto",78.398
"7509","LOS RIOS","VENTANAS",12,1207,2021,78398,9,"Septiembre",78.398
"7510","LOS RIOS","VENTANAS",12,1207,2021,78398,10,"Octubre",78.398
"7511","LOS RIOS","VENTANAS",12,1207,2021,78398,11,"Noviembre",78.398
"7512","LOS RIOS","VENTANAS",12,1207,2021,78398,12,"Diciembre",78.398
"7513","LOS RIOS","VENTANAS",12,1207,2022,78499,1,"Enero",78.499
"7514","LOS RIOS","VENTANAS",12,1207,2022,78499,2,"Febrero",78.499
"7515","LOS RIOS","VENTANAS",12,1207,2022,78499,3,"Marzo",78.499
"7516","LOS RIOS","VENTANAS",12,1207,2022,78499,4,"Abril",78.499
"7517","LOS RIOS","VENTANAS",12,1207,2022,78499,5,"Mayo",78.499
"7518","LOS RIOS","VENTANAS",12,1207,2022,78499,6,"Junio",78.499
"7519","LOS RIOS","VENTANAS",12,1207,2022,78499,7,"Julio",78.499
"7520","LOS RIOS","VENTANAS",12,1207,2022,78499,8,"Agosto",78.499
"7521","LOS RIOS","VENTANAS",12,1207,2022,78499,9,"Septiembre",78.499
"7522","LOS RIOS","VENTANAS",12,1207,2022,78499,10,"Octubre",78.499
"7523","LOS RIOS","VENTANAS",12,1207,2022,78499,11,"Noviembre",78.499
"7524","LOS RIOS","VENTANAS",12,1207,2022,78499,12,"Diciembre",78.499
"7525","LOS RIOS","VENTANAS",12,1207,2023,78803,1,"Enero",78.803
"7526","LOS RIOS","VENTANAS",12,1207,2023,78803,2,"Febrero",78.803
"7527","LOS RIOS","VENTANAS",12,1207,2023,78803,3,"Marzo",78.803
"7528","LOS RIOS","VENTANAS",12,1207,2023,78803,4,"Abril",78.803
"7529","LOS RIOS","VENTANAS",12,1207,2023,78803,5,"Mayo",78.803
"7530","LOS RIOS","VENTANAS",12,1207,2023,78803,6,"Junio",78.803
"7531","LOS RIOS","VENTANAS",12,1207,2023,78803,7,"Julio",78.803
"7532","LOS RIOS","VENTANAS",12,1207,2023,78803,8,"Agosto",78.803
"7533","LOS RIOS","VENTANAS",12,1207,2023,78803,9,"Septiembre",78.803
"7534","LOS RIOS","VENTANAS",12,1207,2023,78803,10,"Octubre",78.803
"7535","LOS RIOS","VENTANAS",12,1207,2023,78803,11,"Noviembre",78.803
"7536","LOS RIOS","VENTANAS",12,1207,2023,78803,12,"Diciembre",78.803
"7537","LOS RIOS","VENTANAS",12,1207,2024,79279,1,"Enero",79.279
"7538","LOS RIOS","VENTANAS",12,1207,2024,79279,2,"Febrero",79.279
"7539","LOS RIOS","VENTANAS",12,1207,2024,79279,3,"Marzo",79.279
"7540","LOS RIOS","VENTANAS",12,1207,2024,79279,4,"Abril",79.279
"7541","LOS RIOS","VENTANAS",12,1207,2024,79279,5,"Mayo",79.279
"7542","LOS RIOS","VENTANAS",12,1207,2024,79279,6,"Junio",79.279
"7543","LOS RIOS","VENTANAS",12,1207,2024,79279,7,"Julio",79.279
"7544","LOS RIOS","VENTANAS",12,1207,2024,79279,8,"Agosto",79.279
"7545","LOS RIOS","VENTANAS",12,1207,2024,79279,9,"Septiembre",79.279
"7546","LOS RIOS","VENTANAS",12,1207,2024,79279,10,"Octubre",79.279
"7547","LOS RIOS","VENTANAS",12,1207,2024,79279,11,"Noviembre",79.279
"7548","LOS RIOS","VENTANAS",12,1207,2024,79279,12,"Diciembre",79.279
"7549","LOS RIOS","VENTANAS",12,1207,2025,79831,1,"Enero",79.831
"7550","LOS RIOS","VENTANAS",12,1207,2025,79831,2,"Febrero",79.831
"7551","LOS RIOS","VENTANAS",12,1207,2025,79831,3,"Marzo",79.831
"7552","LOS RIOS","VENTANAS",12,1207,2025,79831,4,"Abril",79.831
"7553","LOS RIOS","VENTANAS",12,1207,2025,79831,5,"Mayo",79.831
"7554","LOS RIOS","VENTANAS",12,1207,2025,79831,6,"Junio",79.831
"7555","LOS RIOS","VENTANAS",12,1207,2025,79831,7,"Julio",79.831
"7556","LOS RIOS","VENTANAS",12,1207,2025,79831,8,"Agosto",79.831
"7557","LOS RIOS","VENTANAS",12,1207,2025,79831,9,"Septiembre",79.831
"7558","LOS RIOS","VENTANAS",12,1207,2025,79831,10,"Octubre",79.831
"7559","LOS RIOS","VENTANAS",12,1207,2025,79831,11,"Noviembre",79.831
"7560","LOS RIOS","VENTANAS",12,1207,2025,79831,12,"Diciembre",79.831
"7561","LOS RIOS","VINCES",12,1208,2021,85118,1,"Enero",85.118
"7562","LOS RIOS","VINCES",12,1208,2021,85118,2,"Febrero",85.118
"7563","LOS RIOS","VINCES",12,1208,2021,85118,3,"Marzo",85.118
"7564","LOS RIOS","VINCES",12,1208,2021,85118,4,"Abril",85.118
"7565","LOS RIOS","VINCES",12,1208,2021,85118,5,"Mayo",85.118
"7566","LOS RIOS","VINCES",12,1208,2021,85118,6,"Junio",85.118
"7567","LOS RIOS","VINCES",12,1208,2021,85118,7,"Julio",85.118
"7568","LOS RIOS","VINCES",12,1208,2021,85118,8,"Agosto",85.118
"7569","LOS RIOS","VINCES",12,1208,2021,85118,9,"Septiembre",85.118
"7570","LOS RIOS","VINCES",12,1208,2021,85118,10,"Octubre",85.118
"7571","LOS RIOS","VINCES",12,1208,2021,85118,11,"Noviembre",85.118
"7572","LOS RIOS","VINCES",12,1208,2021,85118,12,"Diciembre",85.118
"7573","LOS RIOS","VINCES",12,1208,2022,85286,1,"Enero",85.286
"7574","LOS RIOS","VINCES",12,1208,2022,85286,2,"Febrero",85.286
"7575","LOS RIOS","VINCES",12,1208,2022,85286,3,"Marzo",85.286
"7576","LOS RIOS","VINCES",12,1208,2022,85286,4,"Abril",85.286
"7577","LOS RIOS","VINCES",12,1208,2022,85286,5,"Mayo",85.286
"7578","LOS RIOS","VINCES",12,1208,2022,85286,6,"Junio",85.286
"7579","LOS RIOS","VINCES",12,1208,2022,85286,7,"Julio",85.286
"7580","LOS RIOS","VINCES",12,1208,2022,85286,8,"Agosto",85.286
"7581","LOS RIOS","VINCES",12,1208,2022,85286,9,"Septiembre",85.286
"7582","LOS RIOS","VINCES",12,1208,2022,85286,10,"Octubre",85.286
"7583","LOS RIOS","VINCES",12,1208,2022,85286,11,"Noviembre",85.286
"7584","LOS RIOS","VINCES",12,1208,2022,85286,12,"Diciembre",85.286
"7585","LOS RIOS","VINCES",12,1208,2023,85675,1,"Enero",85.675
"7586","LOS RIOS","VINCES",12,1208,2023,85675,2,"Febrero",85.675
"7587","LOS RIOS","VINCES",12,1208,2023,85675,3,"Marzo",85.675
"7588","LOS RIOS","VINCES",12,1208,2023,85675,4,"Abril",85.675
"7589","LOS RIOS","VINCES",12,1208,2023,85675,5,"Mayo",85.675
"7590","LOS RIOS","VINCES",12,1208,2023,85675,6,"Junio",85.675
"7591","LOS RIOS","VINCES",12,1208,2023,85675,7,"Julio",85.675
"7592","LOS RIOS","VINCES",12,1208,2023,85675,8,"Agosto",85.675
"7593","LOS RIOS","VINCES",12,1208,2023,85675,9,"Septiembre",85.675
"7594","LOS RIOS","VINCES",12,1208,2023,85675,10,"Octubre",85.675
"7595","LOS RIOS","VINCES",12,1208,2023,85675,11,"Noviembre",85.675
"7596","LOS RIOS","VINCES",12,1208,2023,85675,12,"Diciembre",85.675
"7597","LOS RIOS","VINCES",12,1208,2024,86249,1,"Enero",86.249
"7598","LOS RIOS","VINCES",12,1208,2024,86249,2,"Febrero",86.249
"7599","LOS RIOS","VINCES",12,1208,2024,86249,3,"Marzo",86.249
"7600","LOS RIOS","VINCES",12,1208,2024,86249,4,"Abril",86.249
"7601","LOS RIOS","VINCES",12,1208,2024,86249,5,"Mayo",86.249
"7602","LOS RIOS","VINCES",12,1208,2024,86249,6,"Junio",86.249
"7603","LOS RIOS","VINCES",12,1208,2024,86249,7,"Julio",86.249
"7604","LOS RIOS","VINCES",12,1208,2024,86249,8,"Agosto",86.249
"7605","LOS RIOS","VINCES",12,1208,2024,86249,9,"Septiembre",86.249
"7606","LOS RIOS","VINCES",12,1208,2024,86249,10,"Octubre",86.249
"7607","LOS RIOS","VINCES",12,1208,2024,86249,11,"Noviembre",86.249
"7608","LOS RIOS","VINCES",12,1208,2024,86249,12,"Diciembre",86.249
"7609","LOS RIOS","VINCES",12,1208,2025,86908,1,"Enero",86.908
"7610","LOS RIOS","VINCES",12,1208,2025,86908,2,"Febrero",86.908
"7611","LOS RIOS","VINCES",12,1208,2025,86908,3,"Marzo",86.908
"7612","LOS RIOS","VINCES",12,1208,2025,86908,4,"Abril",86.908
"7613","LOS RIOS","VINCES",12,1208,2025,86908,5,"Mayo",86.908
"7614","LOS RIOS","VINCES",12,1208,2025,86908,6,"Junio",86.908
"7615","LOS RIOS","VINCES",12,1208,2025,86908,7,"Julio",86.908
"7616","LOS RIOS","VINCES",12,1208,2025,86908,8,"Agosto",86.908
"7617","LOS RIOS","VINCES",12,1208,2025,86908,9,"Septiembre",86.908
"7618","LOS RIOS","VINCES",12,1208,2025,86908,10,"Octubre",86.908
"7619","LOS RIOS","VINCES",12,1208,2025,86908,11,"Noviembre",86.908
"7620","LOS RIOS","VINCES",12,1208,2025,86908,12,"Diciembre",86.908
"7621","LOS RIOS","PALENQUE",12,1209,2021,25626,1,"Enero",25.626
"7622","LOS RIOS","PALENQUE",12,1209,2021,25626,2,"Febrero",25.626
"7623","LOS RIOS","PALENQUE",12,1209,2021,25626,3,"Marzo",25.626
"7624","LOS RIOS","PALENQUE",12,1209,2021,25626,4,"Abril",25.626
"7625","LOS RIOS","PALENQUE",12,1209,2021,25626,5,"Mayo",25.626
"7626","LOS RIOS","PALENQUE",12,1209,2021,25626,6,"Junio",25.626
"7627","LOS RIOS","PALENQUE",12,1209,2021,25626,7,"Julio",25.626
"7628","LOS RIOS","PALENQUE",12,1209,2021,25626,8,"Agosto",25.626
"7629","LOS RIOS","PALENQUE",12,1209,2021,25626,9,"Septiembre",25.626
"7630","LOS RIOS","PALENQUE",12,1209,2021,25626,10,"Octubre",25.626
"7631","LOS RIOS","PALENQUE",12,1209,2021,25626,11,"Noviembre",25.626
"7632","LOS RIOS","PALENQUE",12,1209,2021,25626,12,"Diciembre",25.626
"7633","LOS RIOS","PALENQUE",12,1209,2022,25612,1,"Enero",25.612
"7634","LOS RIOS","PALENQUE",12,1209,2022,25612,2,"Febrero",25.612
"7635","LOS RIOS","PALENQUE",12,1209,2022,25612,3,"Marzo",25.612
"7636","LOS RIOS","PALENQUE",12,1209,2022,25612,4,"Abril",25.612
"7637","LOS RIOS","PALENQUE",12,1209,2022,25612,5,"Mayo",25.612
"7638","LOS RIOS","PALENQUE",12,1209,2022,25612,6,"Junio",25.612
"7639","LOS RIOS","PALENQUE",12,1209,2022,25612,7,"Julio",25.612
"7640","LOS RIOS","PALENQUE",12,1209,2022,25612,8,"Agosto",25.612
"7641","LOS RIOS","PALENQUE",12,1209,2022,25612,9,"Septiembre",25.612
"7642","LOS RIOS","PALENQUE",12,1209,2022,25612,10,"Octubre",25.612
"7643","LOS RIOS","PALENQUE",12,1209,2022,25612,11,"Noviembre",25.612
"7644","LOS RIOS","PALENQUE",12,1209,2022,25612,12,"Diciembre",25.612
"7645","LOS RIOS","PALENQUE",12,1209,2023,25665,1,"Enero",25.665
"7646","LOS RIOS","PALENQUE",12,1209,2023,25665,2,"Febrero",25.665
"7647","LOS RIOS","PALENQUE",12,1209,2023,25665,3,"Marzo",25.665
"7648","LOS RIOS","PALENQUE",12,1209,2023,25665,4,"Abril",25.665
"7649","LOS RIOS","PALENQUE",12,1209,2023,25665,5,"Mayo",25.665
"7650","LOS RIOS","PALENQUE",12,1209,2023,25665,6,"Junio",25.665
"7651","LOS RIOS","PALENQUE",12,1209,2023,25665,7,"Julio",25.665
"7652","LOS RIOS","PALENQUE",12,1209,2023,25665,8,"Agosto",25.665
"7653","LOS RIOS","PALENQUE",12,1209,2023,25665,9,"Septiembre",25.665
"7654","LOS RIOS","PALENQUE",12,1209,2023,25665,10,"Octubre",25.665
"7655","LOS RIOS","PALENQUE",12,1209,2023,25665,11,"Noviembre",25.665
"7656","LOS RIOS","PALENQUE",12,1209,2023,25665,12,"Diciembre",25.665
"7657","LOS RIOS","PALENQUE",12,1209,2024,25775,1,"Enero",25.775
"7658","LOS RIOS","PALENQUE",12,1209,2024,25775,2,"Febrero",25.775
"7659","LOS RIOS","PALENQUE",12,1209,2024,25775,3,"Marzo",25.775
"7660","LOS RIOS","PALENQUE",12,1209,2024,25775,4,"Abril",25.775
"7661","LOS RIOS","PALENQUE",12,1209,2024,25775,5,"Mayo",25.775
"7662","LOS RIOS","PALENQUE",12,1209,2024,25775,6,"Junio",25.775
"7663","LOS RIOS","PALENQUE",12,1209,2024,25775,7,"Julio",25.775
"7664","LOS RIOS","PALENQUE",12,1209,2024,25775,8,"Agosto",25.775
"7665","LOS RIOS","PALENQUE",12,1209,2024,25775,9,"Septiembre",25.775
"7666","LOS RIOS","PALENQUE",12,1209,2024,25775,10,"Octubre",25.775
"7667","LOS RIOS","PALENQUE",12,1209,2024,25775,11,"Noviembre",25.775
"7668","LOS RIOS","PALENQUE",12,1209,2024,25775,12,"Diciembre",25.775
"7669","LOS RIOS","PALENQUE",12,1209,2025,25911,1,"Enero",25.911
"7670","LOS RIOS","PALENQUE",12,1209,2025,25911,2,"Febrero",25.911
"7671","LOS RIOS","PALENQUE",12,1209,2025,25911,3,"Marzo",25.911
"7672","LOS RIOS","PALENQUE",12,1209,2025,25911,4,"Abril",25.911
"7673","LOS RIOS","PALENQUE",12,1209,2025,25911,5,"Mayo",25.911
"7674","LOS RIOS","PALENQUE",12,1209,2025,25911,6,"Junio",25.911
"7675","LOS RIOS","PALENQUE",12,1209,2025,25911,7,"Julio",25.911
"7676","LOS RIOS","PALENQUE",12,1209,2025,25911,8,"Agosto",25.911
"7677","LOS RIOS","PALENQUE",12,1209,2025,25911,9,"Septiembre",25.911
"7678","LOS RIOS","PALENQUE",12,1209,2025,25911,10,"Octubre",25.911
"7679","LOS RIOS","PALENQUE",12,1209,2025,25911,11,"Noviembre",25.911
"7680","LOS RIOS","PALENQUE",12,1209,2025,25911,12,"Diciembre",25.911
"7681","LOS RIOS","BUENA FE",12,1210,2021,80244,1,"Enero",80.244
"7682","LOS RIOS","BUENA FE",12,1210,2021,80244,2,"Febrero",80.244
"7683","LOS RIOS","BUENA FE",12,1210,2021,80244,3,"Marzo",80.244
"7684","LOS RIOS","BUENA FE",12,1210,2021,80244,4,"Abril",80.244
"7685","LOS RIOS","BUENA FE",12,1210,2021,80244,5,"Mayo",80.244
"7686","LOS RIOS","BUENA FE",12,1210,2021,80244,6,"Junio",80.244
"7687","LOS RIOS","BUENA FE",12,1210,2021,80244,7,"Julio",80.244
"7688","LOS RIOS","BUENA FE",12,1210,2021,80244,8,"Agosto",80.244
"7689","LOS RIOS","BUENA FE",12,1210,2021,80244,9,"Septiembre",80.244
"7690","LOS RIOS","BUENA FE",12,1210,2021,80244,10,"Octubre",80.244
"7691","LOS RIOS","BUENA FE",12,1210,2021,80244,11,"Noviembre",80.244
"7692","LOS RIOS","BUENA FE",12,1210,2021,80244,12,"Diciembre",80.244
"7693","LOS RIOS","BUENA FE",12,1210,2022,80831,1,"Enero",80.831
"7694","LOS RIOS","BUENA FE",12,1210,2022,80831,2,"Febrero",80.831
"7695","LOS RIOS","BUENA FE",12,1210,2022,80831,3,"Marzo",80.831
"7696","LOS RIOS","BUENA FE",12,1210,2022,80831,4,"Abril",80.831
"7697","LOS RIOS","BUENA FE",12,1210,2022,80831,5,"Mayo",80.831
"7698","LOS RIOS","BUENA FE",12,1210,2022,80831,6,"Junio",80.831
"7699","LOS RIOS","BUENA FE",12,1210,2022,80831,7,"Julio",80.831
"7700","LOS RIOS","BUENA FE",12,1210,2022,80831,8,"Agosto",80.831
"7701","LOS RIOS","BUENA FE",12,1210,2022,80831,9,"Septiembre",80.831
"7702","LOS RIOS","BUENA FE",12,1210,2022,80831,10,"Octubre",80.831
"7703","LOS RIOS","BUENA FE",12,1210,2022,80831,11,"Noviembre",80.831
"7704","LOS RIOS","BUENA FE",12,1210,2022,80831,12,"Diciembre",80.831
"7705","LOS RIOS","BUENA FE",12,1210,2023,81628,1,"Enero",81.628
"7706","LOS RIOS","BUENA FE",12,1210,2023,81628,2,"Febrero",81.628
"7707","LOS RIOS","BUENA FE",12,1210,2023,81628,3,"Marzo",81.628
"7708","LOS RIOS","BUENA FE",12,1210,2023,81628,4,"Abril",81.628
"7709","LOS RIOS","BUENA FE",12,1210,2023,81628,5,"Mayo",81.628
"7710","LOS RIOS","BUENA FE",12,1210,2023,81628,6,"Junio",81.628
"7711","LOS RIOS","BUENA FE",12,1210,2023,81628,7,"Julio",81.628
"7712","LOS RIOS","BUENA FE",12,1210,2023,81628,8,"Agosto",81.628
"7713","LOS RIOS","BUENA FE",12,1210,2023,81628,9,"Septiembre",81.628
"7714","LOS RIOS","BUENA FE",12,1210,2023,81628,10,"Octubre",81.628
"7715","LOS RIOS","BUENA FE",12,1210,2023,81628,11,"Noviembre",81.628
"7716","LOS RIOS","BUENA FE",12,1210,2023,81628,12,"Diciembre",81.628
"7717","LOS RIOS","BUENA FE",12,1210,2024,82607,1,"Enero",82.607
"7718","LOS RIOS","BUENA FE",12,1210,2024,82607,2,"Febrero",82.607
"7719","LOS RIOS","BUENA FE",12,1210,2024,82607,3,"Marzo",82.607
"7720","LOS RIOS","BUENA FE",12,1210,2024,82607,4,"Abril",82.607
"7721","LOS RIOS","BUENA FE",12,1210,2024,82607,5,"Mayo",82.607
"7722","LOS RIOS","BUENA FE",12,1210,2024,82607,6,"Junio",82.607
"7723","LOS RIOS","BUENA FE",12,1210,2024,82607,7,"Julio",82.607
"7724","LOS RIOS","BUENA FE",12,1210,2024,82607,8,"Agosto",82.607
"7725","LOS RIOS","BUENA FE",12,1210,2024,82607,9,"Septiembre",82.607
"7726","LOS RIOS","BUENA FE",12,1210,2024,82607,10,"Octubre",82.607
"7727","LOS RIOS","BUENA FE",12,1210,2024,82607,11,"Noviembre",82.607
"7728","LOS RIOS","BUENA FE",12,1210,2024,82607,12,"Diciembre",82.607
"7729","LOS RIOS","BUENA FE",12,1210,2025,83670,1,"Enero",83.67
"7730","LOS RIOS","BUENA FE",12,1210,2025,83670,2,"Febrero",83.67
"7731","LOS RIOS","BUENA FE",12,1210,2025,83670,3,"Marzo",83.67
"7732","LOS RIOS","BUENA FE",12,1210,2025,83670,4,"Abril",83.67
"7733","LOS RIOS","BUENA FE",12,1210,2025,83670,5,"Mayo",83.67
"7734","LOS RIOS","BUENA FE",12,1210,2025,83670,6,"Junio",83.67
"7735","LOS RIOS","BUENA FE",12,1210,2025,83670,7,"Julio",83.67
"7736","LOS RIOS","BUENA FE",12,1210,2025,83670,8,"Agosto",83.67
"7737","LOS RIOS","BUENA FE",12,1210,2025,83670,9,"Septiembre",83.67
"7738","LOS RIOS","BUENA FE",12,1210,2025,83670,10,"Octubre",83.67
"7739","LOS RIOS","BUENA FE",12,1210,2025,83670,11,"Noviembre",83.67
"7740","LOS RIOS","BUENA FE",12,1210,2025,83670,12,"Diciembre",83.67
"7741","LOS RIOS","VALENCIA",12,1211,2021,53839,1,"Enero",53.839
"7742","LOS RIOS","VALENCIA",12,1211,2021,53839,2,"Febrero",53.839
"7743","LOS RIOS","VALENCIA",12,1211,2021,53839,3,"Marzo",53.839
"7744","LOS RIOS","VALENCIA",12,1211,2021,53839,4,"Abril",53.839
"7745","LOS RIOS","VALENCIA",12,1211,2021,53839,5,"Mayo",53.839
"7746","LOS RIOS","VALENCIA",12,1211,2021,53839,6,"Junio",53.839
"7747","LOS RIOS","VALENCIA",12,1211,2021,53839,7,"Julio",53.839
"7748","LOS RIOS","VALENCIA",12,1211,2021,53839,8,"Agosto",53.839
"7749","LOS RIOS","VALENCIA",12,1211,2021,53839,9,"Septiembre",53.839
"7750","LOS RIOS","VALENCIA",12,1211,2021,53839,10,"Octubre",53.839
"7751","LOS RIOS","VALENCIA",12,1211,2021,53839,11,"Noviembre",53.839
"7752","LOS RIOS","VALENCIA",12,1211,2021,53839,12,"Diciembre",53.839
"7753","LOS RIOS","VALENCIA",12,1211,2022,54286,1,"Enero",54.286
"7754","LOS RIOS","VALENCIA",12,1211,2022,54286,2,"Febrero",54.286
"7755","LOS RIOS","VALENCIA",12,1211,2022,54286,3,"Marzo",54.286
"7756","LOS RIOS","VALENCIA",12,1211,2022,54286,4,"Abril",54.286
"7757","LOS RIOS","VALENCIA",12,1211,2022,54286,5,"Mayo",54.286
"7758","LOS RIOS","VALENCIA",12,1211,2022,54286,6,"Junio",54.286
"7759","LOS RIOS","VALENCIA",12,1211,2022,54286,7,"Julio",54.286
"7760","LOS RIOS","VALENCIA",12,1211,2022,54286,8,"Agosto",54.286
"7761","LOS RIOS","VALENCIA",12,1211,2022,54286,9,"Septiembre",54.286
"7762","LOS RIOS","VALENCIA",12,1211,2022,54286,10,"Octubre",54.286
"7763","LOS RIOS","VALENCIA",12,1211,2022,54286,11,"Noviembre",54.286
"7764","LOS RIOS","VALENCIA",12,1211,2022,54286,12,"Diciembre",54.286
"7765","LOS RIOS","VALENCIA",12,1211,2023,54875,1,"Enero",54.875
"7766","LOS RIOS","VALENCIA",12,1211,2023,54875,2,"Febrero",54.875
"7767","LOS RIOS","VALENCIA",12,1211,2023,54875,3,"Marzo",54.875
"7768","LOS RIOS","VALENCIA",12,1211,2023,54875,4,"Abril",54.875
"7769","LOS RIOS","VALENCIA",12,1211,2023,54875,5,"Mayo",54.875
"7770","LOS RIOS","VALENCIA",12,1211,2023,54875,6,"Junio",54.875
"7771","LOS RIOS","VALENCIA",12,1211,2023,54875,7,"Julio",54.875
"7772","LOS RIOS","VALENCIA",12,1211,2023,54875,8,"Agosto",54.875
"7773","LOS RIOS","VALENCIA",12,1211,2023,54875,9,"Septiembre",54.875
"7774","LOS RIOS","VALENCIA",12,1211,2023,54875,10,"Octubre",54.875
"7775","LOS RIOS","VALENCIA",12,1211,2023,54875,11,"Noviembre",54.875
"7776","LOS RIOS","VALENCIA",12,1211,2023,54875,12,"Diciembre",54.875
"7777","LOS RIOS","VALENCIA",12,1211,2024,55584,1,"Enero",55.584
"7778","LOS RIOS","VALENCIA",12,1211,2024,55584,2,"Febrero",55.584
"7779","LOS RIOS","VALENCIA",12,1211,2024,55584,3,"Marzo",55.584
"7780","LOS RIOS","VALENCIA",12,1211,2024,55584,4,"Abril",55.584
"7781","LOS RIOS","VALENCIA",12,1211,2024,55584,5,"Mayo",55.584
"7782","LOS RIOS","VALENCIA",12,1211,2024,55584,6,"Junio",55.584
"7783","LOS RIOS","VALENCIA",12,1211,2024,55584,7,"Julio",55.584
"7784","LOS RIOS","VALENCIA",12,1211,2024,55584,8,"Agosto",55.584
"7785","LOS RIOS","VALENCIA",12,1211,2024,55584,9,"Septiembre",55.584
"7786","LOS RIOS","VALENCIA",12,1211,2024,55584,10,"Octubre",55.584
"7787","LOS RIOS","VALENCIA",12,1211,2024,55584,11,"Noviembre",55.584
"7788","LOS RIOS","VALENCIA",12,1211,2024,55584,12,"Diciembre",55.584
"7789","LOS RIOS","VALENCIA",12,1211,2025,56350,1,"Enero",56.35
"7790","LOS RIOS","VALENCIA",12,1211,2025,56350,2,"Febrero",56.35
"7791","LOS RIOS","VALENCIA",12,1211,2025,56350,3,"Marzo",56.35
"7792","LOS RIOS","VALENCIA",12,1211,2025,56350,4,"Abril",56.35
"7793","LOS RIOS","VALENCIA",12,1211,2025,56350,5,"Mayo",56.35
"7794","LOS RIOS","VALENCIA",12,1211,2025,56350,6,"Junio",56.35
"7795","LOS RIOS","VALENCIA",12,1211,2025,56350,7,"Julio",56.35
"7796","LOS RIOS","VALENCIA",12,1211,2025,56350,8,"Agosto",56.35
"7797","LOS RIOS","VALENCIA",12,1211,2025,56350,9,"Septiembre",56.35
"7798","LOS RIOS","VALENCIA",12,1211,2025,56350,10,"Octubre",56.35
"7799","LOS RIOS","VALENCIA",12,1211,2025,56350,11,"Noviembre",56.35
"7800","LOS RIOS","VALENCIA",12,1211,2025,56350,12,"Diciembre",56.35
"7801","LOS RIOS","MOCACHE",12,1212,2021,43784,1,"Enero",43.784
"7802","LOS RIOS","MOCACHE",12,1212,2021,43784,2,"Febrero",43.784
"7803","LOS RIOS","MOCACHE",12,1212,2021,43784,3,"Marzo",43.784
"7804","LOS RIOS","MOCACHE",12,1212,2021,43784,4,"Abril",43.784
"7805","LOS RIOS","MOCACHE",12,1212,2021,43784,5,"Mayo",43.784
"7806","LOS RIOS","MOCACHE",12,1212,2021,43784,6,"Junio",43.784
"7807","LOS RIOS","MOCACHE",12,1212,2021,43784,7,"Julio",43.784
"7808","LOS RIOS","MOCACHE",12,1212,2021,43784,8,"Agosto",43.784
"7809","LOS RIOS","MOCACHE",12,1212,2021,43784,9,"Septiembre",43.784
"7810","LOS RIOS","MOCACHE",12,1212,2021,43784,10,"Octubre",43.784
"7811","LOS RIOS","MOCACHE",12,1212,2021,43784,11,"Noviembre",43.784
"7812","LOS RIOS","MOCACHE",12,1212,2021,43784,12,"Diciembre",43.784
"7813","LOS RIOS","MOCACHE",12,1212,2022,43731,1,"Enero",43.731
"7814","LOS RIOS","MOCACHE",12,1212,2022,43731,2,"Febrero",43.731
"7815","LOS RIOS","MOCACHE",12,1212,2022,43731,3,"Marzo",43.731
"7816","LOS RIOS","MOCACHE",12,1212,2022,43731,4,"Abril",43.731
"7817","LOS RIOS","MOCACHE",12,1212,2022,43731,5,"Mayo",43.731
"7818","LOS RIOS","MOCACHE",12,1212,2022,43731,6,"Junio",43.731
"7819","LOS RIOS","MOCACHE",12,1212,2022,43731,7,"Julio",43.731
"7820","LOS RIOS","MOCACHE",12,1212,2022,43731,8,"Agosto",43.731
"7821","LOS RIOS","MOCACHE",12,1212,2022,43731,9,"Septiembre",43.731
"7822","LOS RIOS","MOCACHE",12,1212,2022,43731,10,"Octubre",43.731
"7823","LOS RIOS","MOCACHE",12,1212,2022,43731,11,"Noviembre",43.731
"7824","LOS RIOS","MOCACHE",12,1212,2022,43731,12,"Diciembre",43.731
"7825","LOS RIOS","MOCACHE",12,1212,2023,43794,1,"Enero",43.794
"7826","LOS RIOS","MOCACHE",12,1212,2023,43794,2,"Febrero",43.794
"7827","LOS RIOS","MOCACHE",12,1212,2023,43794,3,"Marzo",43.794
"7828","LOS RIOS","MOCACHE",12,1212,2023,43794,4,"Abril",43.794
"7829","LOS RIOS","MOCACHE",12,1212,2023,43794,5,"Mayo",43.794
"7830","LOS RIOS","MOCACHE",12,1212,2023,43794,6,"Junio",43.794
"7831","LOS RIOS","MOCACHE",12,1212,2023,43794,7,"Julio",43.794
"7832","LOS RIOS","MOCACHE",12,1212,2023,43794,8,"Agosto",43.794
"7833","LOS RIOS","MOCACHE",12,1212,2023,43794,9,"Septiembre",43.794
"7834","LOS RIOS","MOCACHE",12,1212,2023,43794,10,"Octubre",43.794
"7835","LOS RIOS","MOCACHE",12,1212,2023,43794,11,"Noviembre",43.794
"7836","LOS RIOS","MOCACHE",12,1212,2023,43794,12,"Diciembre",43.794
"7837","LOS RIOS","MOCACHE",12,1212,2024,43955,1,"Enero",43.955
"7838","LOS RIOS","MOCACHE",12,1212,2024,43955,2,"Febrero",43.955
"7839","LOS RIOS","MOCACHE",12,1212,2024,43955,3,"Marzo",43.955
"7840","LOS RIOS","MOCACHE",12,1212,2024,43955,4,"Abril",43.955
"7841","LOS RIOS","MOCACHE",12,1212,2024,43955,5,"Mayo",43.955
"7842","LOS RIOS","MOCACHE",12,1212,2024,43955,6,"Junio",43.955
"7843","LOS RIOS","MOCACHE",12,1212,2024,43955,7,"Julio",43.955
"7844","LOS RIOS","MOCACHE",12,1212,2024,43955,8,"Agosto",43.955
"7845","LOS RIOS","MOCACHE",12,1212,2024,43955,9,"Septiembre",43.955
"7846","LOS RIOS","MOCACHE",12,1212,2024,43955,10,"Octubre",43.955
"7847","LOS RIOS","MOCACHE",12,1212,2024,43955,11,"Noviembre",43.955
"7848","LOS RIOS","MOCACHE",12,1212,2024,43955,12,"Diciembre",43.955
"7849","LOS RIOS","MOCACHE",12,1212,2025,44163,1,"Enero",44.163
"7850","LOS RIOS","MOCACHE",12,1212,2025,44163,2,"Febrero",44.163
"7851","LOS RIOS","MOCACHE",12,1212,2025,44163,3,"Marzo",44.163
"7852","LOS RIOS","MOCACHE",12,1212,2025,44163,4,"Abril",44.163
"7853","LOS RIOS","MOCACHE",12,1212,2025,44163,5,"Mayo",44.163
"7854","LOS RIOS","MOCACHE",12,1212,2025,44163,6,"Junio",44.163
"7855","LOS RIOS","MOCACHE",12,1212,2025,44163,7,"Julio",44.163
"7856","LOS RIOS","MOCACHE",12,1212,2025,44163,8,"Agosto",44.163
"7857","LOS RIOS","MOCACHE",12,1212,2025,44163,9,"Septiembre",44.163
"7858","LOS RIOS","MOCACHE",12,1212,2025,44163,10,"Octubre",44.163
"7859","LOS RIOS","MOCACHE",12,1212,2025,44163,11,"Noviembre",44.163
"7860","LOS RIOS","MOCACHE",12,1212,2025,44163,12,"Diciembre",44.163
"7861","LOS RIOS","QUINSALOMA",12,1213,2021,19923,1,"Enero",19.923
"7862","LOS RIOS","QUINSALOMA",12,1213,2021,19923,2,"Febrero",19.923
"7863","LOS RIOS","QUINSALOMA",12,1213,2021,19923,3,"Marzo",19.923
"7864","LOS RIOS","QUINSALOMA",12,1213,2021,19923,4,"Abril",19.923
"7865","LOS RIOS","QUINSALOMA",12,1213,2021,19923,5,"Mayo",19.923
"7866","LOS RIOS","QUINSALOMA",12,1213,2021,19923,6,"Junio",19.923
"7867","LOS RIOS","QUINSALOMA",12,1213,2021,19923,7,"Julio",19.923
"7868","LOS RIOS","QUINSALOMA",12,1213,2021,19923,8,"Agosto",19.923
"7869","LOS RIOS","QUINSALOMA",12,1213,2021,19923,9,"Septiembre",19.923
"7870","LOS RIOS","QUINSALOMA",12,1213,2021,19923,10,"Octubre",19.923
"7871","LOS RIOS","QUINSALOMA",12,1213,2021,19923,11,"Noviembre",19.923
"7872","LOS RIOS","QUINSALOMA",12,1213,2021,19923,12,"Diciembre",19.923
"7873","LOS RIOS","QUINSALOMA",12,1213,2022,20037,1,"Enero",20.037
"7874","LOS RIOS","QUINSALOMA",12,1213,2022,20037,2,"Febrero",20.037
"7875","LOS RIOS","QUINSALOMA",12,1213,2022,20037,3,"Marzo",20.037
"7876","LOS RIOS","QUINSALOMA",12,1213,2022,20037,4,"Abril",20.037
"7877","LOS RIOS","QUINSALOMA",12,1213,2022,20037,5,"Mayo",20.037
"7878","LOS RIOS","QUINSALOMA",12,1213,2022,20037,6,"Junio",20.037
"7879","LOS RIOS","QUINSALOMA",12,1213,2022,20037,7,"Julio",20.037
"7880","LOS RIOS","QUINSALOMA",12,1213,2022,20037,8,"Agosto",20.037
"7881","LOS RIOS","QUINSALOMA",12,1213,2022,20037,9,"Septiembre",20.037
"7882","LOS RIOS","QUINSALOMA",12,1213,2022,20037,10,"Octubre",20.037
"7883","LOS RIOS","QUINSALOMA",12,1213,2022,20037,11,"Noviembre",20.037
"7884","LOS RIOS","QUINSALOMA",12,1213,2022,20037,12,"Diciembre",20.037
"7885","LOS RIOS","QUINSALOMA",12,1213,2023,20203,1,"Enero",20.203
"7886","LOS RIOS","QUINSALOMA",12,1213,2023,20203,2,"Febrero",20.203
"7887","LOS RIOS","QUINSALOMA",12,1213,2023,20203,3,"Marzo",20.203
"7888","LOS RIOS","QUINSALOMA",12,1213,2023,20203,4,"Abril",20.203
"7889","LOS RIOS","QUINSALOMA",12,1213,2023,20203,5,"Mayo",20.203
"7890","LOS RIOS","QUINSALOMA",12,1213,2023,20203,6,"Junio",20.203
"7891","LOS RIOS","QUINSALOMA",12,1213,2023,20203,7,"Julio",20.203
"7892","LOS RIOS","QUINSALOMA",12,1213,2023,20203,8,"Agosto",20.203
"7893","LOS RIOS","QUINSALOMA",12,1213,2023,20203,9,"Septiembre",20.203
"7894","LOS RIOS","QUINSALOMA",12,1213,2023,20203,10,"Octubre",20.203
"7895","LOS RIOS","QUINSALOMA",12,1213,2023,20203,11,"Noviembre",20.203
"7896","LOS RIOS","QUINSALOMA",12,1213,2023,20203,12,"Diciembre",20.203
"7897","LOS RIOS","QUINSALOMA",12,1213,2024,20414,1,"Enero",20.414
"7898","LOS RIOS","QUINSALOMA",12,1213,2024,20414,2,"Febrero",20.414
"7899","LOS RIOS","QUINSALOMA",12,1213,2024,20414,3,"Marzo",20.414
"7900","LOS RIOS","QUINSALOMA",12,1213,2024,20414,4,"Abril",20.414
"7901","LOS RIOS","QUINSALOMA",12,1213,2024,20414,5,"Mayo",20.414
"7902","LOS RIOS","QUINSALOMA",12,1213,2024,20414,6,"Junio",20.414
"7903","LOS RIOS","QUINSALOMA",12,1213,2024,20414,7,"Julio",20.414
"7904","LOS RIOS","QUINSALOMA",12,1213,2024,20414,8,"Agosto",20.414
"7905","LOS RIOS","QUINSALOMA",12,1213,2024,20414,9,"Septiembre",20.414
"7906","LOS RIOS","QUINSALOMA",12,1213,2024,20414,10,"Octubre",20.414
"7907","LOS RIOS","QUINSALOMA",12,1213,2024,20414,11,"Noviembre",20.414
"7908","LOS RIOS","QUINSALOMA",12,1213,2024,20414,12,"Diciembre",20.414
"7909","LOS RIOS","QUINSALOMA",12,1213,2025,20645,1,"Enero",20.645
"7910","LOS RIOS","QUINSALOMA",12,1213,2025,20645,2,"Febrero",20.645
"7911","LOS RIOS","QUINSALOMA",12,1213,2025,20645,3,"Marzo",20.645
"7912","LOS RIOS","QUINSALOMA",12,1213,2025,20645,4,"Abril",20.645
"7913","LOS RIOS","QUINSALOMA",12,1213,2025,20645,5,"Mayo",20.645
"7914","LOS RIOS","QUINSALOMA",12,1213,2025,20645,6,"Junio",20.645
"7915","LOS RIOS","QUINSALOMA",12,1213,2025,20645,7,"Julio",20.645
"7916","LOS RIOS","QUINSALOMA",12,1213,2025,20645,8,"Agosto",20.645
"7917","LOS RIOS","QUINSALOMA",12,1213,2025,20645,9,"Septiembre",20.645
"7918","LOS RIOS","QUINSALOMA",12,1213,2025,20645,10,"Octubre",20.645
"7919","LOS RIOS","QUINSALOMA",12,1213,2025,20645,11,"Noviembre",20.645
"7920","LOS RIOS","QUINSALOMA",12,1213,2025,20645,12,"Diciembre",20.645
"7921","MANABI","PORTOVIEJO",13,1301,2021,334349,1,"Enero",334.349
"7922","MANABI","PORTOVIEJO",13,1301,2021,334349,2,"Febrero",334.349
"7923","MANABI","PORTOVIEJO",13,1301,2021,334349,3,"Marzo",334.349
"7924","MANABI","PORTOVIEJO",13,1301,2021,334349,4,"Abril",334.349
"7925","MANABI","PORTOVIEJO",13,1301,2021,334349,5,"Mayo",334.349
"7926","MANABI","PORTOVIEJO",13,1301,2021,334349,6,"Junio",334.349
"7927","MANABI","PORTOVIEJO",13,1301,2021,334349,7,"Julio",334.349
"7928","MANABI","PORTOVIEJO",13,1301,2021,334349,8,"Agosto",334.349
"7929","MANABI","PORTOVIEJO",13,1301,2021,334349,9,"Septiembre",334.349
"7930","MANABI","PORTOVIEJO",13,1301,2021,334349,10,"Octubre",334.349
"7931","MANABI","PORTOVIEJO",13,1301,2021,334349,11,"Noviembre",334.349
"7932","MANABI","PORTOVIEJO",13,1301,2021,334349,12,"Diciembre",334.349
"7933","MANABI","PORTOVIEJO",13,1301,2022,336546,1,"Enero",336.546
"7934","MANABI","PORTOVIEJO",13,1301,2022,336546,2,"Febrero",336.546
"7935","MANABI","PORTOVIEJO",13,1301,2022,336546,3,"Marzo",336.546
"7936","MANABI","PORTOVIEJO",13,1301,2022,336546,4,"Abril",336.546
"7937","MANABI","PORTOVIEJO",13,1301,2022,336546,5,"Mayo",336.546
"7938","MANABI","PORTOVIEJO",13,1301,2022,336546,6,"Junio",336.546
"7939","MANABI","PORTOVIEJO",13,1301,2022,336546,7,"Julio",336.546
"7940","MANABI","PORTOVIEJO",13,1301,2022,336546,8,"Agosto",336.546
"7941","MANABI","PORTOVIEJO",13,1301,2022,336546,9,"Septiembre",336.546
"7942","MANABI","PORTOVIEJO",13,1301,2022,336546,10,"Octubre",336.546
"7943","MANABI","PORTOVIEJO",13,1301,2022,336546,11,"Noviembre",336.546
"7944","MANABI","PORTOVIEJO",13,1301,2022,336546,12,"Diciembre",336.546
"7945","MANABI","PORTOVIEJO",13,1301,2023,339230,1,"Enero",339.23
"7946","MANABI","PORTOVIEJO",13,1301,2023,339230,2,"Febrero",339.23
"7947","MANABI","PORTOVIEJO",13,1301,2023,339230,3,"Marzo",339.23
"7948","MANABI","PORTOVIEJO",13,1301,2023,339230,4,"Abril",339.23
"7949","MANABI","PORTOVIEJO",13,1301,2023,339230,5,"Mayo",339.23
"7950","MANABI","PORTOVIEJO",13,1301,2023,339230,6,"Junio",339.23
"7951","MANABI","PORTOVIEJO",13,1301,2023,339230,7,"Julio",339.23
"7952","MANABI","PORTOVIEJO",13,1301,2023,339230,8,"Agosto",339.23
"7953","MANABI","PORTOVIEJO",13,1301,2023,339230,9,"Septiembre",339.23
"7954","MANABI","PORTOVIEJO",13,1301,2023,339230,10,"Octubre",339.23
"7955","MANABI","PORTOVIEJO",13,1301,2023,339230,11,"Noviembre",339.23
"7956","MANABI","PORTOVIEJO",13,1301,2023,339230,12,"Diciembre",339.23
"7957","MANABI","PORTOVIEJO",13,1301,2024,342231,1,"Enero",342.231
"7958","MANABI","PORTOVIEJO",13,1301,2024,342231,2,"Febrero",342.231
"7959","MANABI","PORTOVIEJO",13,1301,2024,342231,3,"Marzo",342.231
"7960","MANABI","PORTOVIEJO",13,1301,2024,342231,4,"Abril",342.231
"7961","MANABI","PORTOVIEJO",13,1301,2024,342231,5,"Mayo",342.231
"7962","MANABI","PORTOVIEJO",13,1301,2024,342231,6,"Junio",342.231
"7963","MANABI","PORTOVIEJO",13,1301,2024,342231,7,"Julio",342.231
"7964","MANABI","PORTOVIEJO",13,1301,2024,342231,8,"Agosto",342.231
"7965","MANABI","PORTOVIEJO",13,1301,2024,342231,9,"Septiembre",342.231
"7966","MANABI","PORTOVIEJO",13,1301,2024,342231,10,"Octubre",342.231
"7967","MANABI","PORTOVIEJO",13,1301,2024,342231,11,"Noviembre",342.231
"7968","MANABI","PORTOVIEJO",13,1301,2024,342231,12,"Diciembre",342.231
"7969","MANABI","PORTOVIEJO",13,1301,2025,345349,1,"Enero",345.349
"7970","MANABI","PORTOVIEJO",13,1301,2025,345349,2,"Febrero",345.349
"7971","MANABI","PORTOVIEJO",13,1301,2025,345349,3,"Marzo",345.349
"7972","MANABI","PORTOVIEJO",13,1301,2025,345349,4,"Abril",345.349
"7973","MANABI","PORTOVIEJO",13,1301,2025,345349,5,"Mayo",345.349
"7974","MANABI","PORTOVIEJO",13,1301,2025,345349,6,"Junio",345.349
"7975","MANABI","PORTOVIEJO",13,1301,2025,345349,7,"Julio",345.349
"7976","MANABI","PORTOVIEJO",13,1301,2025,345349,8,"Agosto",345.349
"7977","MANABI","PORTOVIEJO",13,1301,2025,345349,9,"Septiembre",345.349
"7978","MANABI","PORTOVIEJO",13,1301,2025,345349,10,"Octubre",345.349
"7979","MANABI","PORTOVIEJO",13,1301,2025,345349,11,"Noviembre",345.349
"7980","MANABI","PORTOVIEJO",13,1301,2025,345349,12,"Diciembre",345.349
"7981","MANABI","BOLIVAR",13,1302,2021,45329,1,"Enero",45.329
"7982","MANABI","BOLIVAR",13,1302,2021,45329,2,"Febrero",45.329
"7983","MANABI","BOLIVAR",13,1302,2021,45329,3,"Marzo",45.329
"7984","MANABI","BOLIVAR",13,1302,2021,45329,4,"Abril",45.329
"7985","MANABI","BOLIVAR",13,1302,2021,45329,5,"Mayo",45.329
"7986","MANABI","BOLIVAR",13,1302,2021,45329,6,"Junio",45.329
"7987","MANABI","BOLIVAR",13,1302,2021,45329,7,"Julio",45.329
"7988","MANABI","BOLIVAR",13,1302,2021,45329,8,"Agosto",45.329
"7989","MANABI","BOLIVAR",13,1302,2021,45329,9,"Septiembre",45.329
"7990","MANABI","BOLIVAR",13,1302,2021,45329,10,"Octubre",45.329
"7991","MANABI","BOLIVAR",13,1302,2021,45329,11,"Noviembre",45.329
"7992","MANABI","BOLIVAR",13,1302,2021,45329,12,"Diciembre",45.329
"7993","MANABI","BOLIVAR",13,1302,2022,45398,1,"Enero",45.398
"7994","MANABI","BOLIVAR",13,1302,2022,45398,2,"Febrero",45.398
"7995","MANABI","BOLIVAR",13,1302,2022,45398,3,"Marzo",45.398
"7996","MANABI","BOLIVAR",13,1302,2022,45398,4,"Abril",45.398
"7997","MANABI","BOLIVAR",13,1302,2022,45398,5,"Mayo",45.398
"7998","MANABI","BOLIVAR",13,1302,2022,45398,6,"Junio",45.398
"7999","MANABI","BOLIVAR",13,1302,2022,45398,7,"Julio",45.398
"8000","MANABI","BOLIVAR",13,1302,2022,45398,8,"Agosto",45.398
"8001","MANABI","BOLIVAR",13,1302,2022,45398,9,"Septiembre",45.398
"8002","MANABI","BOLIVAR",13,1302,2022,45398,10,"Octubre",45.398
"8003","MANABI","BOLIVAR",13,1302,2022,45398,11,"Noviembre",45.398
"8004","MANABI","BOLIVAR",13,1302,2022,45398,12,"Diciembre",45.398
"8005","MANABI","BOLIVAR",13,1302,2023,45533,1,"Enero",45.533
"8006","MANABI","BOLIVAR",13,1302,2023,45533,2,"Febrero",45.533
"8007","MANABI","BOLIVAR",13,1302,2023,45533,3,"Marzo",45.533
"8008","MANABI","BOLIVAR",13,1302,2023,45533,4,"Abril",45.533
"8009","MANABI","BOLIVAR",13,1302,2023,45533,5,"Mayo",45.533
"8010","MANABI","BOLIVAR",13,1302,2023,45533,6,"Junio",45.533
"8011","MANABI","BOLIVAR",13,1302,2023,45533,7,"Julio",45.533
"8012","MANABI","BOLIVAR",13,1302,2023,45533,8,"Agosto",45.533
"8013","MANABI","BOLIVAR",13,1302,2023,45533,9,"Septiembre",45.533
"8014","MANABI","BOLIVAR",13,1302,2023,45533,10,"Octubre",45.533
"8015","MANABI","BOLIVAR",13,1302,2023,45533,11,"Noviembre",45.533
"8016","MANABI","BOLIVAR",13,1302,2023,45533,12,"Diciembre",45.533
"8017","MANABI","BOLIVAR",13,1302,2024,45712,1,"Enero",45.712
"8018","MANABI","BOLIVAR",13,1302,2024,45712,2,"Febrero",45.712
"8019","MANABI","BOLIVAR",13,1302,2024,45712,3,"Marzo",45.712
"8020","MANABI","BOLIVAR",13,1302,2024,45712,4,"Abril",45.712
"8021","MANABI","BOLIVAR",13,1302,2024,45712,5,"Mayo",45.712
"8022","MANABI","BOLIVAR",13,1302,2024,45712,6,"Junio",45.712
"8023","MANABI","BOLIVAR",13,1302,2024,45712,7,"Julio",45.712
"8024","MANABI","BOLIVAR",13,1302,2024,45712,8,"Agosto",45.712
"8025","MANABI","BOLIVAR",13,1302,2024,45712,9,"Septiembre",45.712
"8026","MANABI","BOLIVAR",13,1302,2024,45712,10,"Octubre",45.712
"8027","MANABI","BOLIVAR",13,1302,2024,45712,11,"Noviembre",45.712
"8028","MANABI","BOLIVAR",13,1302,2024,45712,12,"Diciembre",45.712
"8029","MANABI","BOLIVAR",13,1302,2025,45910,1,"Enero",45.91
"8030","MANABI","BOLIVAR",13,1302,2025,45910,2,"Febrero",45.91
"8031","MANABI","BOLIVAR",13,1302,2025,45910,3,"Marzo",45.91
"8032","MANABI","BOLIVAR",13,1302,2025,45910,4,"Abril",45.91
"8033","MANABI","BOLIVAR",13,1302,2025,45910,5,"Mayo",45.91
"8034","MANABI","BOLIVAR",13,1302,2025,45910,6,"Junio",45.91
"8035","MANABI","BOLIVAR",13,1302,2025,45910,7,"Julio",45.91
"8036","MANABI","BOLIVAR",13,1302,2025,45910,8,"Agosto",45.91
"8037","MANABI","BOLIVAR",13,1302,2025,45910,9,"Septiembre",45.91
"8038","MANABI","BOLIVAR",13,1302,2025,45910,10,"Octubre",45.91
"8039","MANABI","BOLIVAR",13,1302,2025,45910,11,"Noviembre",45.91
"8040","MANABI","BOLIVAR",13,1302,2025,45910,12,"Diciembre",45.91
"8041","MANABI","CHONE",13,1303,2021,137028,1,"Enero",137.028
"8042","MANABI","CHONE",13,1303,2021,137028,2,"Febrero",137.028
"8043","MANABI","CHONE",13,1303,2021,137028,3,"Marzo",137.028
"8044","MANABI","CHONE",13,1303,2021,137028,4,"Abril",137.028
"8045","MANABI","CHONE",13,1303,2021,137028,5,"Mayo",137.028
"8046","MANABI","CHONE",13,1303,2021,137028,6,"Junio",137.028
"8047","MANABI","CHONE",13,1303,2021,137028,7,"Julio",137.028
"8048","MANABI","CHONE",13,1303,2021,137028,8,"Agosto",137.028
"8049","MANABI","CHONE",13,1303,2021,137028,9,"Septiembre",137.028
"8050","MANABI","CHONE",13,1303,2021,137028,10,"Octubre",137.028
"8051","MANABI","CHONE",13,1303,2021,137028,11,"Noviembre",137.028
"8052","MANABI","CHONE",13,1303,2021,137028,12,"Diciembre",137.028
"8053","MANABI","CHONE",13,1303,2022,136685,1,"Enero",136.685
"8054","MANABI","CHONE",13,1303,2022,136685,2,"Febrero",136.685
"8055","MANABI","CHONE",13,1303,2022,136685,3,"Marzo",136.685
"8056","MANABI","CHONE",13,1303,2022,136685,4,"Abril",136.685
"8057","MANABI","CHONE",13,1303,2022,136685,5,"Mayo",136.685
"8058","MANABI","CHONE",13,1303,2022,136685,6,"Junio",136.685
"8059","MANABI","CHONE",13,1303,2022,136685,7,"Julio",136.685
"8060","MANABI","CHONE",13,1303,2022,136685,8,"Agosto",136.685
"8061","MANABI","CHONE",13,1303,2022,136685,9,"Septiembre",136.685
"8062","MANABI","CHONE",13,1303,2022,136685,10,"Octubre",136.685
"8063","MANABI","CHONE",13,1303,2022,136685,11,"Noviembre",136.685
"8064","MANABI","CHONE",13,1303,2022,136685,12,"Diciembre",136.685
"8065","MANABI","CHONE",13,1303,2023,136579,1,"Enero",136.579
"8066","MANABI","CHONE",13,1303,2023,136579,2,"Febrero",136.579
"8067","MANABI","CHONE",13,1303,2023,136579,3,"Marzo",136.579
"8068","MANABI","CHONE",13,1303,2023,136579,4,"Abril",136.579
"8069","MANABI","CHONE",13,1303,2023,136579,5,"Mayo",136.579
"8070","MANABI","CHONE",13,1303,2023,136579,6,"Junio",136.579
"8071","MANABI","CHONE",13,1303,2023,136579,7,"Julio",136.579
"8072","MANABI","CHONE",13,1303,2023,136579,8,"Agosto",136.579
"8073","MANABI","CHONE",13,1303,2023,136579,9,"Septiembre",136.579
"8074","MANABI","CHONE",13,1303,2023,136579,10,"Octubre",136.579
"8075","MANABI","CHONE",13,1303,2023,136579,11,"Noviembre",136.579
"8076","MANABI","CHONE",13,1303,2023,136579,12,"Diciembre",136.579
"8077","MANABI","CHONE",13,1303,2024,136646,1,"Enero",136.646
"8078","MANABI","CHONE",13,1303,2024,136646,2,"Febrero",136.646
"8079","MANABI","CHONE",13,1303,2024,136646,3,"Marzo",136.646
"8080","MANABI","CHONE",13,1303,2024,136646,4,"Abril",136.646
"8081","MANABI","CHONE",13,1303,2024,136646,5,"Mayo",136.646
"8082","MANABI","CHONE",13,1303,2024,136646,6,"Junio",136.646
"8083","MANABI","CHONE",13,1303,2024,136646,7,"Julio",136.646
"8084","MANABI","CHONE",13,1303,2024,136646,8,"Agosto",136.646
"8085","MANABI","CHONE",13,1303,2024,136646,9,"Septiembre",136.646
"8086","MANABI","CHONE",13,1303,2024,136646,10,"Octubre",136.646
"8087","MANABI","CHONE",13,1303,2024,136646,11,"Noviembre",136.646
"8088","MANABI","CHONE",13,1303,2024,136646,12,"Diciembre",136.646
"8089","MANABI","CHONE",13,1303,2025,136807,1,"Enero",136.807
"8090","MANABI","CHONE",13,1303,2025,136807,2,"Febrero",136.807
"8091","MANABI","CHONE",13,1303,2025,136807,3,"Marzo",136.807
"8092","MANABI","CHONE",13,1303,2025,136807,4,"Abril",136.807
"8093","MANABI","CHONE",13,1303,2025,136807,5,"Mayo",136.807
"8094","MANABI","CHONE",13,1303,2025,136807,6,"Junio",136.807
"8095","MANABI","CHONE",13,1303,2025,136807,7,"Julio",136.807
"8096","MANABI","CHONE",13,1303,2025,136807,8,"Agosto",136.807
"8097","MANABI","CHONE",13,1303,2025,136807,9,"Septiembre",136.807
"8098","MANABI","CHONE",13,1303,2025,136807,10,"Octubre",136.807
"8099","MANABI","CHONE",13,1303,2025,136807,11,"Noviembre",136.807
"8100","MANABI","CHONE",13,1303,2025,136807,12,"Diciembre",136.807
"8101","MANABI","EL CARMEN",13,1304,2021,128707,1,"Enero",128.707
"8102","MANABI","EL CARMEN",13,1304,2021,128707,2,"Febrero",128.707
"8103","MANABI","EL CARMEN",13,1304,2021,128707,3,"Marzo",128.707
"8104","MANABI","EL CARMEN",13,1304,2021,128707,4,"Abril",128.707
"8105","MANABI","EL CARMEN",13,1304,2021,128707,5,"Mayo",128.707
"8106","MANABI","EL CARMEN",13,1304,2021,128707,6,"Junio",128.707
"8107","MANABI","EL CARMEN",13,1304,2021,128707,7,"Julio",128.707
"8108","MANABI","EL CARMEN",13,1304,2021,128707,8,"Agosto",128.707
"8109","MANABI","EL CARMEN",13,1304,2021,128707,9,"Septiembre",128.707
"8110","MANABI","EL CARMEN",13,1304,2021,128707,10,"Octubre",128.707
"8111","MANABI","EL CARMEN",13,1304,2021,128707,11,"Noviembre",128.707
"8112","MANABI","EL CARMEN",13,1304,2021,128707,12,"Diciembre",128.707
"8113","MANABI","EL CARMEN",13,1304,2022,129461,1,"Enero",129.461
"8114","MANABI","EL CARMEN",13,1304,2022,129461,2,"Febrero",129.461
"8115","MANABI","EL CARMEN",13,1304,2022,129461,3,"Marzo",129.461
"8116","MANABI","EL CARMEN",13,1304,2022,129461,4,"Abril",129.461
"8117","MANABI","EL CARMEN",13,1304,2022,129461,5,"Mayo",129.461
"8118","MANABI","EL CARMEN",13,1304,2022,129461,6,"Junio",129.461
"8119","MANABI","EL CARMEN",13,1304,2022,129461,7,"Julio",129.461
"8120","MANABI","EL CARMEN",13,1304,2022,129461,8,"Agosto",129.461
"8121","MANABI","EL CARMEN",13,1304,2022,129461,9,"Septiembre",129.461
"8122","MANABI","EL CARMEN",13,1304,2022,129461,10,"Octubre",129.461
"8123","MANABI","EL CARMEN",13,1304,2022,129461,11,"Noviembre",129.461
"8124","MANABI","EL CARMEN",13,1304,2022,129461,12,"Diciembre",129.461
"8125","MANABI","EL CARMEN",13,1304,2023,130403,1,"Enero",130.403
"8126","MANABI","EL CARMEN",13,1304,2023,130403,2,"Febrero",130.403
"8127","MANABI","EL CARMEN",13,1304,2023,130403,3,"Marzo",130.403
"8128","MANABI","EL CARMEN",13,1304,2023,130403,4,"Abril",130.403
"8129","MANABI","EL CARMEN",13,1304,2023,130403,5,"Mayo",130.403
"8130","MANABI","EL CARMEN",13,1304,2023,130403,6,"Junio",130.403
"8131","MANABI","EL CARMEN",13,1304,2023,130403,7,"Julio",130.403
"8132","MANABI","EL CARMEN",13,1304,2023,130403,8,"Agosto",130.403
"8133","MANABI","EL CARMEN",13,1304,2023,130403,9,"Septiembre",130.403
"8134","MANABI","EL CARMEN",13,1304,2023,130403,10,"Octubre",130.403
"8135","MANABI","EL CARMEN",13,1304,2023,130403,11,"Noviembre",130.403
"8136","MANABI","EL CARMEN",13,1304,2023,130403,12,"Diciembre",130.403
"8137","MANABI","EL CARMEN",13,1304,2024,131464,1,"Enero",131.464
"8138","MANABI","EL CARMEN",13,1304,2024,131464,2,"Febrero",131.464
"8139","MANABI","EL CARMEN",13,1304,2024,131464,3,"Marzo",131.464
"8140","MANABI","EL CARMEN",13,1304,2024,131464,4,"Abril",131.464
"8141","MANABI","EL CARMEN",13,1304,2024,131464,5,"Mayo",131.464
"8142","MANABI","EL CARMEN",13,1304,2024,131464,6,"Junio",131.464
"8143","MANABI","EL CARMEN",13,1304,2024,131464,7,"Julio",131.464
"8144","MANABI","EL CARMEN",13,1304,2024,131464,8,"Agosto",131.464
"8145","MANABI","EL CARMEN",13,1304,2024,131464,9,"Septiembre",131.464
"8146","MANABI","EL CARMEN",13,1304,2024,131464,10,"Octubre",131.464
"8147","MANABI","EL CARMEN",13,1304,2024,131464,11,"Noviembre",131.464
"8148","MANABI","EL CARMEN",13,1304,2024,131464,12,"Diciembre",131.464
"8149","MANABI","EL CARMEN",13,1304,2025,132569,1,"Enero",132.569
"8150","MANABI","EL CARMEN",13,1304,2025,132569,2,"Febrero",132.569
"8151","MANABI","EL CARMEN",13,1304,2025,132569,3,"Marzo",132.569
"8152","MANABI","EL CARMEN",13,1304,2025,132569,4,"Abril",132.569
"8153","MANABI","EL CARMEN",13,1304,2025,132569,5,"Mayo",132.569
"8154","MANABI","EL CARMEN",13,1304,2025,132569,6,"Junio",132.569
"8155","MANABI","EL CARMEN",13,1304,2025,132569,7,"Julio",132.569
"8156","MANABI","EL CARMEN",13,1304,2025,132569,8,"Agosto",132.569
"8157","MANABI","EL CARMEN",13,1304,2025,132569,9,"Septiembre",132.569
"8158","MANABI","EL CARMEN",13,1304,2025,132569,10,"Octubre",132.569
"8159","MANABI","EL CARMEN",13,1304,2025,132569,11,"Noviembre",132.569
"8160","MANABI","EL CARMEN",13,1304,2025,132569,12,"Diciembre",132.569
"8161","MANABI","FLAVIO ALFARO",13,1305,2021,28788,1,"Enero",28.788
"8162","MANABI","FLAVIO ALFARO",13,1305,2021,28788,2,"Febrero",28.788
"8163","MANABI","FLAVIO ALFARO",13,1305,2021,28788,3,"Marzo",28.788
"8164","MANABI","FLAVIO ALFARO",13,1305,2021,28788,4,"Abril",28.788
"8165","MANABI","FLAVIO ALFARO",13,1305,2021,28788,5,"Mayo",28.788
"8166","MANABI","FLAVIO ALFARO",13,1305,2021,28788,6,"Junio",28.788
"8167","MANABI","FLAVIO ALFARO",13,1305,2021,28788,7,"Julio",28.788
"8168","MANABI","FLAVIO ALFARO",13,1305,2021,28788,8,"Agosto",28.788
"8169","MANABI","FLAVIO ALFARO",13,1305,2021,28788,9,"Septiembre",28.788
"8170","MANABI","FLAVIO ALFARO",13,1305,2021,28788,10,"Octubre",28.788
"8171","MANABI","FLAVIO ALFARO",13,1305,2021,28788,11,"Noviembre",28.788
"8172","MANABI","FLAVIO ALFARO",13,1305,2021,28788,12,"Diciembre",28.788
"8173","MANABI","FLAVIO ALFARO",13,1305,2022,28837,1,"Enero",28.837
"8174","MANABI","FLAVIO ALFARO",13,1305,2022,28837,2,"Febrero",28.837
"8175","MANABI","FLAVIO ALFARO",13,1305,2022,28837,3,"Marzo",28.837
"8176","MANABI","FLAVIO ALFARO",13,1305,2022,28837,4,"Abril",28.837
"8177","MANABI","FLAVIO ALFARO",13,1305,2022,28837,5,"Mayo",28.837
"8178","MANABI","FLAVIO ALFARO",13,1305,2022,28837,6,"Junio",28.837
"8179","MANABI","FLAVIO ALFARO",13,1305,2022,28837,7,"Julio",28.837
"8180","MANABI","FLAVIO ALFARO",13,1305,2022,28837,8,"Agosto",28.837
"8181","MANABI","FLAVIO ALFARO",13,1305,2022,28837,9,"Septiembre",28.837
"8182","MANABI","FLAVIO ALFARO",13,1305,2022,28837,10,"Octubre",28.837
"8183","MANABI","FLAVIO ALFARO",13,1305,2022,28837,11,"Noviembre",28.837
"8184","MANABI","FLAVIO ALFARO",13,1305,2022,28837,12,"Diciembre",28.837
"8185","MANABI","FLAVIO ALFARO",13,1305,2023,28927,1,"Enero",28.927
"8186","MANABI","FLAVIO ALFARO",13,1305,2023,28927,2,"Febrero",28.927
"8187","MANABI","FLAVIO ALFARO",13,1305,2023,28927,3,"Marzo",28.927
"8188","MANABI","FLAVIO ALFARO",13,1305,2023,28927,4,"Abril",28.927
"8189","MANABI","FLAVIO ALFARO",13,1305,2023,28927,5,"Mayo",28.927
"8190","MANABI","FLAVIO ALFARO",13,1305,2023,28927,6,"Junio",28.927
"8191","MANABI","FLAVIO ALFARO",13,1305,2023,28927,7,"Julio",28.927
"8192","MANABI","FLAVIO ALFARO",13,1305,2023,28927,8,"Agosto",28.927
"8193","MANABI","FLAVIO ALFARO",13,1305,2023,28927,9,"Septiembre",28.927
"8194","MANABI","FLAVIO ALFARO",13,1305,2023,28927,10,"Octubre",28.927
"8195","MANABI","FLAVIO ALFARO",13,1305,2023,28927,11,"Noviembre",28.927
"8196","MANABI","FLAVIO ALFARO",13,1305,2023,28927,12,"Diciembre",28.927
"8197","MANABI","FLAVIO ALFARO",13,1305,2024,29046,1,"Enero",29.046
"8198","MANABI","FLAVIO ALFARO",13,1305,2024,29046,2,"Febrero",29.046
"8199","MANABI","FLAVIO ALFARO",13,1305,2024,29046,3,"Marzo",29.046
"8200","MANABI","FLAVIO ALFARO",13,1305,2024,29046,4,"Abril",29.046
"8201","MANABI","FLAVIO ALFARO",13,1305,2024,29046,5,"Mayo",29.046
"8202","MANABI","FLAVIO ALFARO",13,1305,2024,29046,6,"Junio",29.046
"8203","MANABI","FLAVIO ALFARO",13,1305,2024,29046,7,"Julio",29.046
"8204","MANABI","FLAVIO ALFARO",13,1305,2024,29046,8,"Agosto",29.046
"8205","MANABI","FLAVIO ALFARO",13,1305,2024,29046,9,"Septiembre",29.046
"8206","MANABI","FLAVIO ALFARO",13,1305,2024,29046,10,"Octubre",29.046
"8207","MANABI","FLAVIO ALFARO",13,1305,2024,29046,11,"Noviembre",29.046
"8208","MANABI","FLAVIO ALFARO",13,1305,2024,29046,12,"Diciembre",29.046
"8209","MANABI","FLAVIO ALFARO",13,1305,2025,29175,1,"Enero",29.175
"8210","MANABI","FLAVIO ALFARO",13,1305,2025,29175,2,"Febrero",29.175
"8211","MANABI","FLAVIO ALFARO",13,1305,2025,29175,3,"Marzo",29.175
"8212","MANABI","FLAVIO ALFARO",13,1305,2025,29175,4,"Abril",29.175
"8213","MANABI","FLAVIO ALFARO",13,1305,2025,29175,5,"Mayo",29.175
"8214","MANABI","FLAVIO ALFARO",13,1305,2025,29175,6,"Junio",29.175
"8215","MANABI","FLAVIO ALFARO",13,1305,2025,29175,7,"Julio",29.175
"8216","MANABI","FLAVIO ALFARO",13,1305,2025,29175,8,"Agosto",29.175
"8217","MANABI","FLAVIO ALFARO",13,1305,2025,29175,9,"Septiembre",29.175
"8218","MANABI","FLAVIO ALFARO",13,1305,2025,29175,10,"Octubre",29.175
"8219","MANABI","FLAVIO ALFARO",13,1305,2025,29175,11,"Noviembre",29.175
"8220","MANABI","FLAVIO ALFARO",13,1305,2025,29175,12,"Diciembre",29.175
"8221","MANABI","JIPIJAPA",13,1306,2021,81416,1,"Enero",81.416
"8222","MANABI","JIPIJAPA",13,1306,2021,81416,2,"Febrero",81.416
"8223","MANABI","JIPIJAPA",13,1306,2021,81416,3,"Marzo",81.416
"8224","MANABI","JIPIJAPA",13,1306,2021,81416,4,"Abril",81.416
"8225","MANABI","JIPIJAPA",13,1306,2021,81416,5,"Mayo",81.416
"8226","MANABI","JIPIJAPA",13,1306,2021,81416,6,"Junio",81.416
"8227","MANABI","JIPIJAPA",13,1306,2021,81416,7,"Julio",81.416
"8228","MANABI","JIPIJAPA",13,1306,2021,81416,8,"Agosto",81.416
"8229","MANABI","JIPIJAPA",13,1306,2021,81416,9,"Septiembre",81.416
"8230","MANABI","JIPIJAPA",13,1306,2021,81416,10,"Octubre",81.416
"8231","MANABI","JIPIJAPA",13,1306,2021,81416,11,"Noviembre",81.416
"8232","MANABI","JIPIJAPA",13,1306,2021,81416,12,"Diciembre",81.416
"8233","MANABI","JIPIJAPA",13,1306,2022,81541,1,"Enero",81.541
"8234","MANABI","JIPIJAPA",13,1306,2022,81541,2,"Febrero",81.541
"8235","MANABI","JIPIJAPA",13,1306,2022,81541,3,"Marzo",81.541
"8236","MANABI","JIPIJAPA",13,1306,2022,81541,4,"Abril",81.541
"8237","MANABI","JIPIJAPA",13,1306,2022,81541,5,"Mayo",81.541
"8238","MANABI","JIPIJAPA",13,1306,2022,81541,6,"Junio",81.541
"8239","MANABI","JIPIJAPA",13,1306,2022,81541,7,"Julio",81.541
"8240","MANABI","JIPIJAPA",13,1306,2022,81541,8,"Agosto",81.541
"8241","MANABI","JIPIJAPA",13,1306,2022,81541,9,"Septiembre",81.541
"8242","MANABI","JIPIJAPA",13,1306,2022,81541,10,"Octubre",81.541
"8243","MANABI","JIPIJAPA",13,1306,2022,81541,11,"Noviembre",81.541
"8244","MANABI","JIPIJAPA",13,1306,2022,81541,12,"Diciembre",81.541
"8245","MANABI","JIPIJAPA",13,1306,2023,81786,1,"Enero",81.786
"8246","MANABI","JIPIJAPA",13,1306,2023,81786,2,"Febrero",81.786
"8247","MANABI","JIPIJAPA",13,1306,2023,81786,3,"Marzo",81.786
"8248","MANABI","JIPIJAPA",13,1306,2023,81786,4,"Abril",81.786
"8249","MANABI","JIPIJAPA",13,1306,2023,81786,5,"Mayo",81.786
"8250","MANABI","JIPIJAPA",13,1306,2023,81786,6,"Junio",81.786
"8251","MANABI","JIPIJAPA",13,1306,2023,81786,7,"Julio",81.786
"8252","MANABI","JIPIJAPA",13,1306,2023,81786,8,"Agosto",81.786
"8253","MANABI","JIPIJAPA",13,1306,2023,81786,9,"Septiembre",81.786
"8254","MANABI","JIPIJAPA",13,1306,2023,81786,10,"Octubre",81.786
"8255","MANABI","JIPIJAPA",13,1306,2023,81786,11,"Noviembre",81.786
"8256","MANABI","JIPIJAPA",13,1306,2023,81786,12,"Diciembre",81.786
"8257","MANABI","JIPIJAPA",13,1306,2024,82110,1,"Enero",82.11
"8258","MANABI","JIPIJAPA",13,1306,2024,82110,2,"Febrero",82.11
"8259","MANABI","JIPIJAPA",13,1306,2024,82110,3,"Marzo",82.11
"8260","MANABI","JIPIJAPA",13,1306,2024,82110,4,"Abril",82.11
"8261","MANABI","JIPIJAPA",13,1306,2024,82110,5,"Mayo",82.11
"8262","MANABI","JIPIJAPA",13,1306,2024,82110,6,"Junio",82.11
"8263","MANABI","JIPIJAPA",13,1306,2024,82110,7,"Julio",82.11
"8264","MANABI","JIPIJAPA",13,1306,2024,82110,8,"Agosto",82.11
"8265","MANABI","JIPIJAPA",13,1306,2024,82110,9,"Septiembre",82.11
"8266","MANABI","JIPIJAPA",13,1306,2024,82110,10,"Octubre",82.11
"8267","MANABI","JIPIJAPA",13,1306,2024,82110,11,"Noviembre",82.11
"8268","MANABI","JIPIJAPA",13,1306,2024,82110,12,"Diciembre",82.11
"8269","MANABI","JIPIJAPA",13,1306,2025,82465,1,"Enero",82.465
"8270","MANABI","JIPIJAPA",13,1306,2025,82465,2,"Febrero",82.465
"8271","MANABI","JIPIJAPA",13,1306,2025,82465,3,"Marzo",82.465
"8272","MANABI","JIPIJAPA",13,1306,2025,82465,4,"Abril",82.465
"8273","MANABI","JIPIJAPA",13,1306,2025,82465,5,"Mayo",82.465
"8274","MANABI","JIPIJAPA",13,1306,2025,82465,6,"Junio",82.465
"8275","MANABI","JIPIJAPA",13,1306,2025,82465,7,"Julio",82.465
"8276","MANABI","JIPIJAPA",13,1306,2025,82465,8,"Agosto",82.465
"8277","MANABI","JIPIJAPA",13,1306,2025,82465,9,"Septiembre",82.465
"8278","MANABI","JIPIJAPA",13,1306,2025,82465,10,"Octubre",82.465
"8279","MANABI","JIPIJAPA",13,1306,2025,82465,11,"Noviembre",82.465
"8280","MANABI","JIPIJAPA",13,1306,2025,82465,12,"Diciembre",82.465
"8281","MANABI","JUNIN",13,1307,2021,22879,1,"Enero",22.879
"8282","MANABI","JUNIN",13,1307,2021,22879,2,"Febrero",22.879
"8283","MANABI","JUNIN",13,1307,2021,22879,3,"Marzo",22.879
"8284","MANABI","JUNIN",13,1307,2021,22879,4,"Abril",22.879
"8285","MANABI","JUNIN",13,1307,2021,22879,5,"Mayo",22.879
"8286","MANABI","JUNIN",13,1307,2021,22879,6,"Junio",22.879
"8287","MANABI","JUNIN",13,1307,2021,22879,7,"Julio",22.879
"8288","MANABI","JUNIN",13,1307,2021,22879,8,"Agosto",22.879
"8289","MANABI","JUNIN",13,1307,2021,22879,9,"Septiembre",22.879
"8290","MANABI","JUNIN",13,1307,2021,22879,10,"Octubre",22.879
"8291","MANABI","JUNIN",13,1307,2021,22879,11,"Noviembre",22.879
"8292","MANABI","JUNIN",13,1307,2021,22879,12,"Diciembre",22.879
"8293","MANABI","JUNIN",13,1307,2022,23033,1,"Enero",23.033
"8294","MANABI","JUNIN",13,1307,2022,23033,2,"Febrero",23.033
"8295","MANABI","JUNIN",13,1307,2022,23033,3,"Marzo",23.033
"8296","MANABI","JUNIN",13,1307,2022,23033,4,"Abril",23.033
"8297","MANABI","JUNIN",13,1307,2022,23033,5,"Mayo",23.033
"8298","MANABI","JUNIN",13,1307,2022,23033,6,"Junio",23.033
"8299","MANABI","JUNIN",13,1307,2022,23033,7,"Julio",23.033
"8300","MANABI","JUNIN",13,1307,2022,23033,8,"Agosto",23.033
"8301","MANABI","JUNIN",13,1307,2022,23033,9,"Septiembre",23.033
"8302","MANABI","JUNIN",13,1307,2022,23033,10,"Octubre",23.033
"8303","MANABI","JUNIN",13,1307,2022,23033,11,"Noviembre",23.033
"8304","MANABI","JUNIN",13,1307,2022,23033,12,"Diciembre",23.033
"8305","MANABI","JUNIN",13,1307,2023,23219,1,"Enero",23.219
"8306","MANABI","JUNIN",13,1307,2023,23219,2,"Febrero",23.219
"8307","MANABI","JUNIN",13,1307,2023,23219,3,"Marzo",23.219
"8308","MANABI","JUNIN",13,1307,2023,23219,4,"Abril",23.219
"8309","MANABI","JUNIN",13,1307,2023,23219,5,"Mayo",23.219
"8310","MANABI","JUNIN",13,1307,2023,23219,6,"Junio",23.219
"8311","MANABI","JUNIN",13,1307,2023,23219,7,"Julio",23.219
"8312","MANABI","JUNIN",13,1307,2023,23219,8,"Agosto",23.219
"8313","MANABI","JUNIN",13,1307,2023,23219,9,"Septiembre",23.219
"8314","MANABI","JUNIN",13,1307,2023,23219,10,"Octubre",23.219
"8315","MANABI","JUNIN",13,1307,2023,23219,11,"Noviembre",23.219
"8316","MANABI","JUNIN",13,1307,2023,23219,12,"Diciembre",23.219
"8317","MANABI","JUNIN",13,1307,2024,23428,1,"Enero",23.428
"8318","MANABI","JUNIN",13,1307,2024,23428,2,"Febrero",23.428
"8319","MANABI","JUNIN",13,1307,2024,23428,3,"Marzo",23.428
"8320","MANABI","JUNIN",13,1307,2024,23428,4,"Abril",23.428
"8321","MANABI","JUNIN",13,1307,2024,23428,5,"Mayo",23.428
"8322","MANABI","JUNIN",13,1307,2024,23428,6,"Junio",23.428
"8323","MANABI","JUNIN",13,1307,2024,23428,7,"Julio",23.428
"8324","MANABI","JUNIN",13,1307,2024,23428,8,"Agosto",23.428
"8325","MANABI","JUNIN",13,1307,2024,23428,9,"Septiembre",23.428
"8326","MANABI","JUNIN",13,1307,2024,23428,10,"Octubre",23.428
"8327","MANABI","JUNIN",13,1307,2024,23428,11,"Noviembre",23.428
"8328","MANABI","JUNIN",13,1307,2024,23428,12,"Diciembre",23.428
"8329","MANABI","JUNIN",13,1307,2025,23645,1,"Enero",23.645
"8330","MANABI","JUNIN",13,1307,2025,23645,2,"Febrero",23.645
"8331","MANABI","JUNIN",13,1307,2025,23645,3,"Marzo",23.645
"8332","MANABI","JUNIN",13,1307,2025,23645,4,"Abril",23.645
"8333","MANABI","JUNIN",13,1307,2025,23645,5,"Mayo",23.645
"8334","MANABI","JUNIN",13,1307,2025,23645,6,"Junio",23.645
"8335","MANABI","JUNIN",13,1307,2025,23645,7,"Julio",23.645
"8336","MANABI","JUNIN",13,1307,2025,23645,8,"Agosto",23.645
"8337","MANABI","JUNIN",13,1307,2025,23645,9,"Septiembre",23.645
"8338","MANABI","JUNIN",13,1307,2025,23645,10,"Octubre",23.645
"8339","MANABI","JUNIN",13,1307,2025,23645,11,"Noviembre",23.645
"8340","MANABI","JUNIN",13,1307,2025,23645,12,"Diciembre",23.645
"8341","MANABI","MANTA",13,1308,2021,278355,1,"Enero",278.355
"8342","MANABI","MANTA",13,1308,2021,278355,2,"Febrero",278.355
"8343","MANABI","MANTA",13,1308,2021,278355,3,"Marzo",278.355
"8344","MANABI","MANTA",13,1308,2021,278355,4,"Abril",278.355
"8345","MANABI","MANTA",13,1308,2021,278355,5,"Mayo",278.355
"8346","MANABI","MANTA",13,1308,2021,278355,6,"Junio",278.355
"8347","MANABI","MANTA",13,1308,2021,278355,7,"Julio",278.355
"8348","MANABI","MANTA",13,1308,2021,278355,8,"Agosto",278.355
"8349","MANABI","MANTA",13,1308,2021,278355,9,"Septiembre",278.355
"8350","MANABI","MANTA",13,1308,2021,278355,10,"Octubre",278.355
"8351","MANABI","MANTA",13,1308,2021,278355,11,"Noviembre",278.355
"8352","MANABI","MANTA",13,1308,2021,278355,12,"Diciembre",278.355
"8353","MANABI","MANTA",13,1308,2022,281123,1,"Enero",281.123
"8354","MANABI","MANTA",13,1308,2022,281123,2,"Febrero",281.123
"8355","MANABI","MANTA",13,1308,2022,281123,3,"Marzo",281.123
"8356","MANABI","MANTA",13,1308,2022,281123,4,"Abril",281.123
"8357","MANABI","MANTA",13,1308,2022,281123,5,"Mayo",281.123
"8358","MANABI","MANTA",13,1308,2022,281123,6,"Junio",281.123
"8359","MANABI","MANTA",13,1308,2022,281123,7,"Julio",281.123
"8360","MANABI","MANTA",13,1308,2022,281123,8,"Agosto",281.123
"8361","MANABI","MANTA",13,1308,2022,281123,9,"Septiembre",281.123
"8362","MANABI","MANTA",13,1308,2022,281123,10,"Octubre",281.123
"8363","MANABI","MANTA",13,1308,2022,281123,11,"Noviembre",281.123
"8364","MANABI","MANTA",13,1308,2022,281123,12,"Diciembre",281.123
"8365","MANABI","MANTA",13,1308,2023,284304,1,"Enero",284.304
"8366","MANABI","MANTA",13,1308,2023,284304,2,"Febrero",284.304
"8367","MANABI","MANTA",13,1308,2023,284304,3,"Marzo",284.304
"8368","MANABI","MANTA",13,1308,2023,284304,4,"Abril",284.304
"8369","MANABI","MANTA",13,1308,2023,284304,5,"Mayo",284.304
"8370","MANABI","MANTA",13,1308,2023,284304,6,"Junio",284.304
"8371","MANABI","MANTA",13,1308,2023,284304,7,"Julio",284.304
"8372","MANABI","MANTA",13,1308,2023,284304,8,"Agosto",284.304
"8373","MANABI","MANTA",13,1308,2023,284304,9,"Septiembre",284.304
"8374","MANABI","MANTA",13,1308,2023,284304,10,"Octubre",284.304
"8375","MANABI","MANTA",13,1308,2023,284304,11,"Noviembre",284.304
"8376","MANABI","MANTA",13,1308,2023,284304,12,"Diciembre",284.304
"8377","MANABI","MANTA",13,1308,2024,287759,1,"Enero",287.759
"8378","MANABI","MANTA",13,1308,2024,287759,2,"Febrero",287.759
"8379","MANABI","MANTA",13,1308,2024,287759,3,"Marzo",287.759
"8380","MANABI","MANTA",13,1308,2024,287759,4,"Abril",287.759
"8381","MANABI","MANTA",13,1308,2024,287759,5,"Mayo",287.759
"8382","MANABI","MANTA",13,1308,2024,287759,6,"Junio",287.759
"8383","MANABI","MANTA",13,1308,2024,287759,7,"Julio",287.759
"8384","MANABI","MANTA",13,1308,2024,287759,8,"Agosto",287.759
"8385","MANABI","MANTA",13,1308,2024,287759,9,"Septiembre",287.759
"8386","MANABI","MANTA",13,1308,2024,287759,10,"Octubre",287.759
"8387","MANABI","MANTA",13,1308,2024,287759,11,"Noviembre",287.759
"8388","MANABI","MANTA",13,1308,2024,287759,12,"Diciembre",287.759
"8389","MANABI","MANTA",13,1308,2025,291322,1,"Enero",291.322
"8390","MANABI","MANTA",13,1308,2025,291322,2,"Febrero",291.322
"8391","MANABI","MANTA",13,1308,2025,291322,3,"Marzo",291.322
"8392","MANABI","MANTA",13,1308,2025,291322,4,"Abril",291.322
"8393","MANABI","MANTA",13,1308,2025,291322,5,"Mayo",291.322
"8394","MANABI","MANTA",13,1308,2025,291322,6,"Junio",291.322
"8395","MANABI","MANTA",13,1308,2025,291322,7,"Julio",291.322
"8396","MANABI","MANTA",13,1308,2025,291322,8,"Agosto",291.322
"8397","MANABI","MANTA",13,1308,2025,291322,9,"Septiembre",291.322
"8398","MANABI","MANTA",13,1308,2025,291322,10,"Octubre",291.322
"8399","MANABI","MANTA",13,1308,2025,291322,11,"Noviembre",291.322
"8400","MANABI","MANTA",13,1308,2025,291322,12,"Diciembre",291.322
"8401","MANABI","MONTECRISTI",13,1309,2021,99320,1,"Enero",99.32
"8402","MANABI","MONTECRISTI",13,1309,2021,99320,2,"Febrero",99.32
"8403","MANABI","MONTECRISTI",13,1309,2021,99320,3,"Marzo",99.32
"8404","MANABI","MONTECRISTI",13,1309,2021,99320,4,"Abril",99.32
"8405","MANABI","MONTECRISTI",13,1309,2021,99320,5,"Mayo",99.32
"8406","MANABI","MONTECRISTI",13,1309,2021,99320,6,"Junio",99.32
"8407","MANABI","MONTECRISTI",13,1309,2021,99320,7,"Julio",99.32
"8408","MANABI","MONTECRISTI",13,1309,2021,99320,8,"Agosto",99.32
"8409","MANABI","MONTECRISTI",13,1309,2021,99320,9,"Septiembre",99.32
"8410","MANABI","MONTECRISTI",13,1309,2021,99320,10,"Octubre",99.32
"8411","MANABI","MONTECRISTI",13,1309,2021,99320,11,"Noviembre",99.32
"8412","MANABI","MONTECRISTI",13,1309,2021,99320,12,"Diciembre",99.32
"8413","MANABI","MONTECRISTI",13,1309,2022,101571,1,"Enero",101.571
"8414","MANABI","MONTECRISTI",13,1309,2022,101571,2,"Febrero",101.571
"8415","MANABI","MONTECRISTI",13,1309,2022,101571,3,"Marzo",101.571
"8416","MANABI","MONTECRISTI",13,1309,2022,101571,4,"Abril",101.571
"8417","MANABI","MONTECRISTI",13,1309,2022,101571,5,"Mayo",101.571
"8418","MANABI","MONTECRISTI",13,1309,2022,101571,6,"Junio",101.571
"8419","MANABI","MONTECRISTI",13,1309,2022,101571,7,"Julio",101.571
"8420","MANABI","MONTECRISTI",13,1309,2022,101571,8,"Agosto",101.571
"8421","MANABI","MONTECRISTI",13,1309,2022,101571,9,"Septiembre",101.571
"8422","MANABI","MONTECRISTI",13,1309,2022,101571,10,"Octubre",101.571
"8423","MANABI","MONTECRISTI",13,1309,2022,101571,11,"Noviembre",101.571
"8424","MANABI","MONTECRISTI",13,1309,2022,101571,12,"Diciembre",101.571
"8425","MANABI","MONTECRISTI",13,1309,2023,103867,1,"Enero",103.867
"8426","MANABI","MONTECRISTI",13,1309,2023,103867,2,"Febrero",103.867
"8427","MANABI","MONTECRISTI",13,1309,2023,103867,3,"Marzo",103.867
"8428","MANABI","MONTECRISTI",13,1309,2023,103867,4,"Abril",103.867
"8429","MANABI","MONTECRISTI",13,1309,2023,103867,5,"Mayo",103.867
"8430","MANABI","MONTECRISTI",13,1309,2023,103867,6,"Junio",103.867
"8431","MANABI","MONTECRISTI",13,1309,2023,103867,7,"Julio",103.867
"8432","MANABI","MONTECRISTI",13,1309,2023,103867,8,"Agosto",103.867
"8433","MANABI","MONTECRISTI",13,1309,2023,103867,9,"Septiembre",103.867
"8434","MANABI","MONTECRISTI",13,1309,2023,103867,10,"Octubre",103.867
"8435","MANABI","MONTECRISTI",13,1309,2023,103867,11,"Noviembre",103.867
"8436","MANABI","MONTECRISTI",13,1309,2023,103867,12,"Diciembre",103.867
"8437","MANABI","MONTECRISTI",13,1309,2024,106147,1,"Enero",106.147
"8438","MANABI","MONTECRISTI",13,1309,2024,106147,2,"Febrero",106.147
"8439","MANABI","MONTECRISTI",13,1309,2024,106147,3,"Marzo",106.147
"8440","MANABI","MONTECRISTI",13,1309,2024,106147,4,"Abril",106.147
"8441","MANABI","MONTECRISTI",13,1309,2024,106147,5,"Mayo",106.147
"8442","MANABI","MONTECRISTI",13,1309,2024,106147,6,"Junio",106.147
"8443","MANABI","MONTECRISTI",13,1309,2024,106147,7,"Julio",106.147
"8444","MANABI","MONTECRISTI",13,1309,2024,106147,8,"Agosto",106.147
"8445","MANABI","MONTECRISTI",13,1309,2024,106147,9,"Septiembre",106.147
"8446","MANABI","MONTECRISTI",13,1309,2024,106147,10,"Octubre",106.147
"8447","MANABI","MONTECRISTI",13,1309,2024,106147,11,"Noviembre",106.147
"8448","MANABI","MONTECRISTI",13,1309,2024,106147,12,"Diciembre",106.147
"8449","MANABI","MONTECRISTI",13,1309,2025,108345,1,"Enero",108.345
"8450","MANABI","MONTECRISTI",13,1309,2025,108345,2,"Febrero",108.345
"8451","MANABI","MONTECRISTI",13,1309,2025,108345,3,"Marzo",108.345
"8452","MANABI","MONTECRISTI",13,1309,2025,108345,4,"Abril",108.345
"8453","MANABI","MONTECRISTI",13,1309,2025,108345,5,"Mayo",108.345
"8454","MANABI","MONTECRISTI",13,1309,2025,108345,6,"Junio",108.345
"8455","MANABI","MONTECRISTI",13,1309,2025,108345,7,"Julio",108.345
"8456","MANABI","MONTECRISTI",13,1309,2025,108345,8,"Agosto",108.345
"8457","MANABI","MONTECRISTI",13,1309,2025,108345,9,"Septiembre",108.345
"8458","MANABI","MONTECRISTI",13,1309,2025,108345,10,"Octubre",108.345
"8459","MANABI","MONTECRISTI",13,1309,2025,108345,11,"Noviembre",108.345
"8460","MANABI","MONTECRISTI",13,1309,2025,108345,12,"Diciembre",108.345
"8461","MANABI","PAJAN",13,1310,2021,43557,1,"Enero",43.557
"8462","MANABI","PAJAN",13,1310,2021,43557,2,"Febrero",43.557
"8463","MANABI","PAJAN",13,1310,2021,43557,3,"Marzo",43.557
"8464","MANABI","PAJAN",13,1310,2021,43557,4,"Abril",43.557
"8465","MANABI","PAJAN",13,1310,2021,43557,5,"Mayo",43.557
"8466","MANABI","PAJAN",13,1310,2021,43557,6,"Junio",43.557
"8467","MANABI","PAJAN",13,1310,2021,43557,7,"Julio",43.557
"8468","MANABI","PAJAN",13,1310,2021,43557,8,"Agosto",43.557
"8469","MANABI","PAJAN",13,1310,2021,43557,9,"Septiembre",43.557
"8470","MANABI","PAJAN",13,1310,2021,43557,10,"Octubre",43.557
"8471","MANABI","PAJAN",13,1310,2021,43557,11,"Noviembre",43.557
"8472","MANABI","PAJAN",13,1310,2021,43557,12,"Diciembre",43.557
"8473","MANABI","PAJAN",13,1310,2022,43699,1,"Enero",43.699
"8474","MANABI","PAJAN",13,1310,2022,43699,2,"Febrero",43.699
"8475","MANABI","PAJAN",13,1310,2022,43699,3,"Marzo",43.699
"8476","MANABI","PAJAN",13,1310,2022,43699,4,"Abril",43.699
"8477","MANABI","PAJAN",13,1310,2022,43699,5,"Mayo",43.699
"8478","MANABI","PAJAN",13,1310,2022,43699,6,"Junio",43.699
"8479","MANABI","PAJAN",13,1310,2022,43699,7,"Julio",43.699
"8480","MANABI","PAJAN",13,1310,2022,43699,8,"Agosto",43.699
"8481","MANABI","PAJAN",13,1310,2022,43699,9,"Septiembre",43.699
"8482","MANABI","PAJAN",13,1310,2022,43699,10,"Octubre",43.699
"8483","MANABI","PAJAN",13,1310,2022,43699,11,"Noviembre",43.699
"8484","MANABI","PAJAN",13,1310,2022,43699,12,"Diciembre",43.699
"8485","MANABI","PAJAN",13,1310,2023,43904,1,"Enero",43.904
"8486","MANABI","PAJAN",13,1310,2023,43904,2,"Febrero",43.904
"8487","MANABI","PAJAN",13,1310,2023,43904,3,"Marzo",43.904
"8488","MANABI","PAJAN",13,1310,2023,43904,4,"Abril",43.904
"8489","MANABI","PAJAN",13,1310,2023,43904,5,"Mayo",43.904
"8490","MANABI","PAJAN",13,1310,2023,43904,6,"Junio",43.904
"8491","MANABI","PAJAN",13,1310,2023,43904,7,"Julio",43.904
"8492","MANABI","PAJAN",13,1310,2023,43904,8,"Agosto",43.904
"8493","MANABI","PAJAN",13,1310,2023,43904,9,"Septiembre",43.904
"8494","MANABI","PAJAN",13,1310,2023,43904,10,"Octubre",43.904
"8495","MANABI","PAJAN",13,1310,2023,43904,11,"Noviembre",43.904
"8496","MANABI","PAJAN",13,1310,2023,43904,12,"Diciembre",43.904
"8497","MANABI","PAJAN",13,1310,2024,44149,1,"Enero",44.149
"8498","MANABI","PAJAN",13,1310,2024,44149,2,"Febrero",44.149
"8499","MANABI","PAJAN",13,1310,2024,44149,3,"Marzo",44.149
"8500","MANABI","PAJAN",13,1310,2024,44149,4,"Abril",44.149
"8501","MANABI","PAJAN",13,1310,2024,44149,5,"Mayo",44.149
"8502","MANABI","PAJAN",13,1310,2024,44149,6,"Junio",44.149
"8503","MANABI","PAJAN",13,1310,2024,44149,7,"Julio",44.149
"8504","MANABI","PAJAN",13,1310,2024,44149,8,"Agosto",44.149
"8505","MANABI","PAJAN",13,1310,2024,44149,9,"Septiembre",44.149
"8506","MANABI","PAJAN",13,1310,2024,44149,10,"Octubre",44.149
"8507","MANABI","PAJAN",13,1310,2024,44149,11,"Noviembre",44.149
"8508","MANABI","PAJAN",13,1310,2024,44149,12,"Diciembre",44.149
"8509","MANABI","PAJAN",13,1310,2025,44409,1,"Enero",44.409
"8510","MANABI","PAJAN",13,1310,2025,44409,2,"Febrero",44.409
"8511","MANABI","PAJAN",13,1310,2025,44409,3,"Marzo",44.409
"8512","MANABI","PAJAN",13,1310,2025,44409,4,"Abril",44.409
"8513","MANABI","PAJAN",13,1310,2025,44409,5,"Mayo",44.409
"8514","MANABI","PAJAN",13,1310,2025,44409,6,"Junio",44.409
"8515","MANABI","PAJAN",13,1310,2025,44409,7,"Julio",44.409
"8516","MANABI","PAJAN",13,1310,2025,44409,8,"Agosto",44.409
"8517","MANABI","PAJAN",13,1310,2025,44409,9,"Septiembre",44.409
"8518","MANABI","PAJAN",13,1310,2025,44409,10,"Octubre",44.409
"8519","MANABI","PAJAN",13,1310,2025,44409,11,"Noviembre",44.409
"8520","MANABI","PAJAN",13,1310,2025,44409,12,"Diciembre",44.409
"8521","MANABI","PICHINCHA",13,1311,2021,32196,1,"Enero",32.196
"8522","MANABI","PICHINCHA",13,1311,2021,32196,2,"Febrero",32.196
"8523","MANABI","PICHINCHA",13,1311,2021,32196,3,"Marzo",32.196
"8524","MANABI","PICHINCHA",13,1311,2021,32196,4,"Abril",32.196
"8525","MANABI","PICHINCHA",13,1311,2021,32196,5,"Mayo",32.196
"8526","MANABI","PICHINCHA",13,1311,2021,32196,6,"Junio",32.196
"8527","MANABI","PICHINCHA",13,1311,2021,32196,7,"Julio",32.196
"8528","MANABI","PICHINCHA",13,1311,2021,32196,8,"Agosto",32.196
"8529","MANABI","PICHINCHA",13,1311,2021,32196,9,"Septiembre",32.196
"8530","MANABI","PICHINCHA",13,1311,2021,32196,10,"Octubre",32.196
"8531","MANABI","PICHINCHA",13,1311,2021,32196,11,"Noviembre",32.196
"8532","MANABI","PICHINCHA",13,1311,2021,32196,12,"Diciembre",32.196
"8533","MANABI","PICHINCHA",13,1311,2022,32060,1,"Enero",32.06
"8534","MANABI","PICHINCHA",13,1311,2022,32060,2,"Febrero",32.06
"8535","MANABI","PICHINCHA",13,1311,2022,32060,3,"Marzo",32.06
"8536","MANABI","PICHINCHA",13,1311,2022,32060,4,"Abril",32.06
"8537","MANABI","PICHINCHA",13,1311,2022,32060,5,"Mayo",32.06
"8538","MANABI","PICHINCHA",13,1311,2022,32060,6,"Junio",32.06
"8539","MANABI","PICHINCHA",13,1311,2022,32060,7,"Julio",32.06
"8540","MANABI","PICHINCHA",13,1311,2022,32060,8,"Agosto",32.06
"8541","MANABI","PICHINCHA",13,1311,2022,32060,9,"Septiembre",32.06
"8542","MANABI","PICHINCHA",13,1311,2022,32060,10,"Octubre",32.06
"8543","MANABI","PICHINCHA",13,1311,2022,32060,11,"Noviembre",32.06
"8544","MANABI","PICHINCHA",13,1311,2022,32060,12,"Diciembre",32.06
"8545","MANABI","PICHINCHA",13,1311,2023,31986,1,"Enero",31.986
"8546","MANABI","PICHINCHA",13,1311,2023,31986,2,"Febrero",31.986
"8547","MANABI","PICHINCHA",13,1311,2023,31986,3,"Marzo",31.986
"8548","MANABI","PICHINCHA",13,1311,2023,31986,4,"Abril",31.986
"8549","MANABI","PICHINCHA",13,1311,2023,31986,5,"Mayo",31.986
"8550","MANABI","PICHINCHA",13,1311,2023,31986,6,"Junio",31.986
"8551","MANABI","PICHINCHA",13,1311,2023,31986,7,"Julio",31.986
"8552","MANABI","PICHINCHA",13,1311,2023,31986,8,"Agosto",31.986
"8553","MANABI","PICHINCHA",13,1311,2023,31986,9,"Septiembre",31.986
"8554","MANABI","PICHINCHA",13,1311,2023,31986,10,"Octubre",31.986
"8555","MANABI","PICHINCHA",13,1311,2023,31986,11,"Noviembre",31.986
"8556","MANABI","PICHINCHA",13,1311,2023,31986,12,"Diciembre",31.986
"8557","MANABI","PICHINCHA",13,1311,2024,31958,1,"Enero",31.958
"8558","MANABI","PICHINCHA",13,1311,2024,31958,2,"Febrero",31.958
"8559","MANABI","PICHINCHA",13,1311,2024,31958,3,"Marzo",31.958
"8560","MANABI","PICHINCHA",13,1311,2024,31958,4,"Abril",31.958
"8561","MANABI","PICHINCHA",13,1311,2024,31958,5,"Mayo",31.958
"8562","MANABI","PICHINCHA",13,1311,2024,31958,6,"Junio",31.958
"8563","MANABI","PICHINCHA",13,1311,2024,31958,7,"Julio",31.958
"8564","MANABI","PICHINCHA",13,1311,2024,31958,8,"Agosto",31.958
"8565","MANABI","PICHINCHA",13,1311,2024,31958,9,"Septiembre",31.958
"8566","MANABI","PICHINCHA",13,1311,2024,31958,10,"Octubre",31.958
"8567","MANABI","PICHINCHA",13,1311,2024,31958,11,"Noviembre",31.958
"8568","MANABI","PICHINCHA",13,1311,2024,31958,12,"Diciembre",31.958
"8569","MANABI","PICHINCHA",13,1311,2025,31960,1,"Enero",31.96
"8570","MANABI","PICHINCHA",13,1311,2025,31960,2,"Febrero",31.96
"8571","MANABI","PICHINCHA",13,1311,2025,31960,3,"Marzo",31.96
"8572","MANABI","PICHINCHA",13,1311,2025,31960,4,"Abril",31.96
"8573","MANABI","PICHINCHA",13,1311,2025,31960,5,"Mayo",31.96
"8574","MANABI","PICHINCHA",13,1311,2025,31960,6,"Junio",31.96
"8575","MANABI","PICHINCHA",13,1311,2025,31960,7,"Julio",31.96
"8576","MANABI","PICHINCHA",13,1311,2025,31960,8,"Agosto",31.96
"8577","MANABI","PICHINCHA",13,1311,2025,31960,9,"Septiembre",31.96
"8578","MANABI","PICHINCHA",13,1311,2025,31960,10,"Octubre",31.96
"8579","MANABI","PICHINCHA",13,1311,2025,31960,11,"Noviembre",31.96
"8580","MANABI","PICHINCHA",13,1311,2025,31960,12,"Diciembre",31.96
"8581","MANABI","ROCAFUERTE",13,1312,2021,43327,1,"Enero",43.327
"8582","MANABI","ROCAFUERTE",13,1312,2021,43327,2,"Febrero",43.327
"8583","MANABI","ROCAFUERTE",13,1312,2021,43327,3,"Marzo",43.327
"8584","MANABI","ROCAFUERTE",13,1312,2021,43327,4,"Abril",43.327
"8585","MANABI","ROCAFUERTE",13,1312,2021,43327,5,"Mayo",43.327
"8586","MANABI","ROCAFUERTE",13,1312,2021,43327,6,"Junio",43.327
"8587","MANABI","ROCAFUERTE",13,1312,2021,43327,7,"Julio",43.327
"8588","MANABI","ROCAFUERTE",13,1312,2021,43327,8,"Agosto",43.327
"8589","MANABI","ROCAFUERTE",13,1312,2021,43327,9,"Septiembre",43.327
"8590","MANABI","ROCAFUERTE",13,1312,2021,43327,10,"Octubre",43.327
"8591","MANABI","ROCAFUERTE",13,1312,2021,43327,11,"Noviembre",43.327
"8592","MANABI","ROCAFUERTE",13,1312,2021,43327,12,"Diciembre",43.327
"8593","MANABI","ROCAFUERTE",13,1312,2022,43931,1,"Enero",43.931
"8594","MANABI","ROCAFUERTE",13,1312,2022,43931,2,"Febrero",43.931
"8595","MANABI","ROCAFUERTE",13,1312,2022,43931,3,"Marzo",43.931
"8596","MANABI","ROCAFUERTE",13,1312,2022,43931,4,"Abril",43.931
"8597","MANABI","ROCAFUERTE",13,1312,2022,43931,5,"Mayo",43.931
"8598","MANABI","ROCAFUERTE",13,1312,2022,43931,6,"Junio",43.931
"8599","MANABI","ROCAFUERTE",13,1312,2022,43931,7,"Julio",43.931
"8600","MANABI","ROCAFUERTE",13,1312,2022,43931,8,"Agosto",43.931
"8601","MANABI","ROCAFUERTE",13,1312,2022,43931,9,"Septiembre",43.931
"8602","MANABI","ROCAFUERTE",13,1312,2022,43931,10,"Octubre",43.931
"8603","MANABI","ROCAFUERTE",13,1312,2022,43931,11,"Noviembre",43.931
"8604","MANABI","ROCAFUERTE",13,1312,2022,43931,12,"Diciembre",43.931
"8605","MANABI","ROCAFUERTE",13,1312,2023,44594,1,"Enero",44.594
"8606","MANABI","ROCAFUERTE",13,1312,2023,44594,2,"Febrero",44.594
"8607","MANABI","ROCAFUERTE",13,1312,2023,44594,3,"Marzo",44.594
"8608","MANABI","ROCAFUERTE",13,1312,2023,44594,4,"Abril",44.594
"8609","MANABI","ROCAFUERTE",13,1312,2023,44594,5,"Mayo",44.594
"8610","MANABI","ROCAFUERTE",13,1312,2023,44594,6,"Junio",44.594
"8611","MANABI","ROCAFUERTE",13,1312,2023,44594,7,"Julio",44.594
"8612","MANABI","ROCAFUERTE",13,1312,2023,44594,8,"Agosto",44.594
"8613","MANABI","ROCAFUERTE",13,1312,2023,44594,9,"Septiembre",44.594
"8614","MANABI","ROCAFUERTE",13,1312,2023,44594,10,"Octubre",44.594
"8615","MANABI","ROCAFUERTE",13,1312,2023,44594,11,"Noviembre",44.594
"8616","MANABI","ROCAFUERTE",13,1312,2023,44594,12,"Diciembre",44.594
"8617","MANABI","ROCAFUERTE",13,1312,2024,45295,1,"Enero",45.295
"8618","MANABI","ROCAFUERTE",13,1312,2024,45295,2,"Febrero",45.295
"8619","MANABI","ROCAFUERTE",13,1312,2024,45295,3,"Marzo",45.295
"8620","MANABI","ROCAFUERTE",13,1312,2024,45295,4,"Abril",45.295
"8621","MANABI","ROCAFUERTE",13,1312,2024,45295,5,"Mayo",45.295
"8622","MANABI","ROCAFUERTE",13,1312,2024,45295,6,"Junio",45.295
"8623","MANABI","ROCAFUERTE",13,1312,2024,45295,7,"Julio",45.295
"8624","MANABI","ROCAFUERTE",13,1312,2024,45295,8,"Agosto",45.295
"8625","MANABI","ROCAFUERTE",13,1312,2024,45295,9,"Septiembre",45.295
"8626","MANABI","ROCAFUERTE",13,1312,2024,45295,10,"Octubre",45.295
"8627","MANABI","ROCAFUERTE",13,1312,2024,45295,11,"Noviembre",45.295
"8628","MANABI","ROCAFUERTE",13,1312,2024,45295,12,"Diciembre",45.295
"8629","MANABI","ROCAFUERTE",13,1312,2025,46005,1,"Enero",46.005
"8630","MANABI","ROCAFUERTE",13,1312,2025,46005,2,"Febrero",46.005
"8631","MANABI","ROCAFUERTE",13,1312,2025,46005,3,"Marzo",46.005
"8632","MANABI","ROCAFUERTE",13,1312,2025,46005,4,"Abril",46.005
"8633","MANABI","ROCAFUERTE",13,1312,2025,46005,5,"Mayo",46.005
"8634","MANABI","ROCAFUERTE",13,1312,2025,46005,6,"Junio",46.005
"8635","MANABI","ROCAFUERTE",13,1312,2025,46005,7,"Julio",46.005
"8636","MANABI","ROCAFUERTE",13,1312,2025,46005,8,"Agosto",46.005
"8637","MANABI","ROCAFUERTE",13,1312,2025,46005,9,"Septiembre",46.005
"8638","MANABI","ROCAFUERTE",13,1312,2025,46005,10,"Octubre",46.005
"8639","MANABI","ROCAFUERTE",13,1312,2025,46005,11,"Noviembre",46.005
"8640","MANABI","ROCAFUERTE",13,1312,2025,46005,12,"Diciembre",46.005
"8641","MANABI","SANTA ANA",13,1313,2021,53428,1,"Enero",53.428
"8642","MANABI","SANTA ANA",13,1313,2021,53428,2,"Febrero",53.428
"8643","MANABI","SANTA ANA",13,1313,2021,53428,3,"Marzo",53.428
"8644","MANABI","SANTA ANA",13,1313,2021,53428,4,"Abril",53.428
"8645","MANABI","SANTA ANA",13,1313,2021,53428,5,"Mayo",53.428
"8646","MANABI","SANTA ANA",13,1313,2021,53428,6,"Junio",53.428
"8647","MANABI","SANTA ANA",13,1313,2021,53428,7,"Julio",53.428
"8648","MANABI","SANTA ANA",13,1313,2021,53428,8,"Agosto",53.428
"8649","MANABI","SANTA ANA",13,1313,2021,53428,9,"Septiembre",53.428
"8650","MANABI","SANTA ANA",13,1313,2021,53428,10,"Octubre",53.428
"8651","MANABI","SANTA ANA",13,1313,2021,53428,11,"Noviembre",53.428
"8652","MANABI","SANTA ANA",13,1313,2021,53428,12,"Diciembre",53.428
"8653","MANABI","SANTA ANA",13,1313,2022,53463,1,"Enero",53.463
"8654","MANABI","SANTA ANA",13,1313,2022,53463,2,"Febrero",53.463
"8655","MANABI","SANTA ANA",13,1313,2022,53463,3,"Marzo",53.463
"8656","MANABI","SANTA ANA",13,1313,2022,53463,4,"Abril",53.463
"8657","MANABI","SANTA ANA",13,1313,2022,53463,5,"Mayo",53.463
"8658","MANABI","SANTA ANA",13,1313,2022,53463,6,"Junio",53.463
"8659","MANABI","SANTA ANA",13,1313,2022,53463,7,"Julio",53.463
"8660","MANABI","SANTA ANA",13,1313,2022,53463,8,"Agosto",53.463
"8661","MANABI","SANTA ANA",13,1313,2022,53463,9,"Septiembre",53.463
"8662","MANABI","SANTA ANA",13,1313,2022,53463,10,"Octubre",53.463
"8663","MANABI","SANTA ANA",13,1313,2022,53463,11,"Noviembre",53.463
"8664","MANABI","SANTA ANA",13,1313,2022,53463,12,"Diciembre",53.463
"8665","MANABI","SANTA ANA",13,1313,2023,53579,1,"Enero",53.579
"8666","MANABI","SANTA ANA",13,1313,2023,53579,2,"Febrero",53.579
"8667","MANABI","SANTA ANA",13,1313,2023,53579,3,"Marzo",53.579
"8668","MANABI","SANTA ANA",13,1313,2023,53579,4,"Abril",53.579
"8669","MANABI","SANTA ANA",13,1313,2023,53579,5,"Mayo",53.579
"8670","MANABI","SANTA ANA",13,1313,2023,53579,6,"Junio",53.579
"8671","MANABI","SANTA ANA",13,1313,2023,53579,7,"Julio",53.579
"8672","MANABI","SANTA ANA",13,1313,2023,53579,8,"Agosto",53.579
"8673","MANABI","SANTA ANA",13,1313,2023,53579,9,"Septiembre",53.579
"8674","MANABI","SANTA ANA",13,1313,2023,53579,10,"Octubre",53.579
"8675","MANABI","SANTA ANA",13,1313,2023,53579,11,"Noviembre",53.579
"8676","MANABI","SANTA ANA",13,1313,2023,53579,12,"Diciembre",53.579
"8677","MANABI","SANTA ANA",13,1313,2024,53749,1,"Enero",53.749
"8678","MANABI","SANTA ANA",13,1313,2024,53749,2,"Febrero",53.749
"8679","MANABI","SANTA ANA",13,1313,2024,53749,3,"Marzo",53.749
"8680","MANABI","SANTA ANA",13,1313,2024,53749,4,"Abril",53.749
"8681","MANABI","SANTA ANA",13,1313,2024,53749,5,"Mayo",53.749
"8682","MANABI","SANTA ANA",13,1313,2024,53749,6,"Junio",53.749
"8683","MANABI","SANTA ANA",13,1313,2024,53749,7,"Julio",53.749
"8684","MANABI","SANTA ANA",13,1313,2024,53749,8,"Agosto",53.749
"8685","MANABI","SANTA ANA",13,1313,2024,53749,9,"Septiembre",53.749
"8686","MANABI","SANTA ANA",13,1313,2024,53749,10,"Octubre",53.749
"8687","MANABI","SANTA ANA",13,1313,2024,53749,11,"Noviembre",53.749
"8688","MANABI","SANTA ANA",13,1313,2024,53749,12,"Diciembre",53.749
"8689","MANABI","SANTA ANA",13,1313,2025,53941,1,"Enero",53.941
"8690","MANABI","SANTA ANA",13,1313,2025,53941,2,"Febrero",53.941
"8691","MANABI","SANTA ANA",13,1313,2025,53941,3,"Marzo",53.941
"8692","MANABI","SANTA ANA",13,1313,2025,53941,4,"Abril",53.941
"8693","MANABI","SANTA ANA",13,1313,2025,53941,5,"Mayo",53.941
"8694","MANABI","SANTA ANA",13,1313,2025,53941,6,"Junio",53.941
"8695","MANABI","SANTA ANA",13,1313,2025,53941,7,"Julio",53.941
"8696","MANABI","SANTA ANA",13,1313,2025,53941,8,"Agosto",53.941
"8697","MANABI","SANTA ANA",13,1313,2025,53941,9,"Septiembre",53.941
"8698","MANABI","SANTA ANA",13,1313,2025,53941,10,"Octubre",53.941
"8699","MANABI","SANTA ANA",13,1313,2025,53941,11,"Noviembre",53.941
"8700","MANABI","SANTA ANA",13,1313,2025,53941,12,"Diciembre",53.941
"8701","MANABI","SUCRE",13,1314,2021,66705,1,"Enero",66.705
"8702","MANABI","SUCRE",13,1314,2021,66705,2,"Febrero",66.705
"8703","MANABI","SUCRE",13,1314,2021,66705,3,"Marzo",66.705
"8704","MANABI","SUCRE",13,1314,2021,66705,4,"Abril",66.705
"8705","MANABI","SUCRE",13,1314,2021,66705,5,"Mayo",66.705
"8706","MANABI","SUCRE",13,1314,2021,66705,6,"Junio",66.705
"8707","MANABI","SUCRE",13,1314,2021,66705,7,"Julio",66.705
"8708","MANABI","SUCRE",13,1314,2021,66705,8,"Agosto",66.705
"8709","MANABI","SUCRE",13,1314,2021,66705,9,"Septiembre",66.705
"8710","MANABI","SUCRE",13,1314,2021,66705,10,"Octubre",66.705
"8711","MANABI","SUCRE",13,1314,2021,66705,11,"Noviembre",66.705
"8712","MANABI","SUCRE",13,1314,2021,66705,12,"Diciembre",66.705
"8713","MANABI","SUCRE",13,1314,2022,66997,1,"Enero",66.997
"8714","MANABI","SUCRE",13,1314,2022,66997,2,"Febrero",66.997
"8715","MANABI","SUCRE",13,1314,2022,66997,3,"Marzo",66.997
"8716","MANABI","SUCRE",13,1314,2022,66997,4,"Abril",66.997
"8717","MANABI","SUCRE",13,1314,2022,66997,5,"Mayo",66.997
"8718","MANABI","SUCRE",13,1314,2022,66997,6,"Junio",66.997
"8719","MANABI","SUCRE",13,1314,2022,66997,7,"Julio",66.997
"8720","MANABI","SUCRE",13,1314,2022,66997,8,"Agosto",66.997
"8721","MANABI","SUCRE",13,1314,2022,66997,9,"Septiembre",66.997
"8722","MANABI","SUCRE",13,1314,2022,66997,10,"Octubre",66.997
"8723","MANABI","SUCRE",13,1314,2022,66997,11,"Noviembre",66.997
"8724","MANABI","SUCRE",13,1314,2022,66997,12,"Diciembre",66.997
"8725","MANABI","SUCRE",13,1314,2023,67383,1,"Enero",67.383
"8726","MANABI","SUCRE",13,1314,2023,67383,2,"Febrero",67.383
"8727","MANABI","SUCRE",13,1314,2023,67383,3,"Marzo",67.383
"8728","MANABI","SUCRE",13,1314,2023,67383,4,"Abril",67.383
"8729","MANABI","SUCRE",13,1314,2023,67383,5,"Mayo",67.383
"8730","MANABI","SUCRE",13,1314,2023,67383,6,"Junio",67.383
"8731","MANABI","SUCRE",13,1314,2023,67383,7,"Julio",67.383
"8732","MANABI","SUCRE",13,1314,2023,67383,8,"Agosto",67.383
"8733","MANABI","SUCRE",13,1314,2023,67383,9,"Septiembre",67.383
"8734","MANABI","SUCRE",13,1314,2023,67383,10,"Octubre",67.383
"8735","MANABI","SUCRE",13,1314,2023,67383,11,"Noviembre",67.383
"8736","MANABI","SUCRE",13,1314,2023,67383,12,"Diciembre",67.383
"8737","MANABI","SUCRE",13,1314,2024,67831,1,"Enero",67.831
"8738","MANABI","SUCRE",13,1314,2024,67831,2,"Febrero",67.831
"8739","MANABI","SUCRE",13,1314,2024,67831,3,"Marzo",67.831
"8740","MANABI","SUCRE",13,1314,2024,67831,4,"Abril",67.831
"8741","MANABI","SUCRE",13,1314,2024,67831,5,"Mayo",67.831
"8742","MANABI","SUCRE",13,1314,2024,67831,6,"Junio",67.831
"8743","MANABI","SUCRE",13,1314,2024,67831,7,"Julio",67.831
"8744","MANABI","SUCRE",13,1314,2024,67831,8,"Agosto",67.831
"8745","MANABI","SUCRE",13,1314,2024,67831,9,"Septiembre",67.831
"8746","MANABI","SUCRE",13,1314,2024,67831,10,"Octubre",67.831
"8747","MANABI","SUCRE",13,1314,2024,67831,11,"Noviembre",67.831
"8748","MANABI","SUCRE",13,1314,2024,67831,12,"Diciembre",67.831
"8749","MANABI","SUCRE",13,1314,2025,68301,1,"Enero",68.301
"8750","MANABI","SUCRE",13,1314,2025,68301,2,"Febrero",68.301
"8751","MANABI","SUCRE",13,1314,2025,68301,3,"Marzo",68.301
"8752","MANABI","SUCRE",13,1314,2025,68301,4,"Abril",68.301
"8753","MANABI","SUCRE",13,1314,2025,68301,5,"Mayo",68.301
"8754","MANABI","SUCRE",13,1314,2025,68301,6,"Junio",68.301
"8755","MANABI","SUCRE",13,1314,2025,68301,7,"Julio",68.301
"8756","MANABI","SUCRE",13,1314,2025,68301,8,"Agosto",68.301
"8757","MANABI","SUCRE",13,1314,2025,68301,9,"Septiembre",68.301
"8758","MANABI","SUCRE",13,1314,2025,68301,10,"Octubre",68.301
"8759","MANABI","SUCRE",13,1314,2025,68301,11,"Noviembre",68.301
"8760","MANABI","SUCRE",13,1314,2025,68301,12,"Diciembre",68.301
"8761","MANABI","TOSAGUA",13,1315,2021,44164,1,"Enero",44.164
"8762","MANABI","TOSAGUA",13,1315,2021,44164,2,"Febrero",44.164
"8763","MANABI","TOSAGUA",13,1315,2021,44164,3,"Marzo",44.164
"8764","MANABI","TOSAGUA",13,1315,2021,44164,4,"Abril",44.164
"8765","MANABI","TOSAGUA",13,1315,2021,44164,5,"Mayo",44.164
"8766","MANABI","TOSAGUA",13,1315,2021,44164,6,"Junio",44.164
"8767","MANABI","TOSAGUA",13,1315,2021,44164,7,"Julio",44.164
"8768","MANABI","TOSAGUA",13,1315,2021,44164,8,"Agosto",44.164
"8769","MANABI","TOSAGUA",13,1315,2021,44164,9,"Septiembre",44.164
"8770","MANABI","TOSAGUA",13,1315,2021,44164,10,"Octubre",44.164
"8771","MANABI","TOSAGUA",13,1315,2021,44164,11,"Noviembre",44.164
"8772","MANABI","TOSAGUA",13,1315,2021,44164,12,"Diciembre",44.164
"8773","MANABI","TOSAGUA",13,1315,2022,44339,1,"Enero",44.339
"8774","MANABI","TOSAGUA",13,1315,2022,44339,2,"Febrero",44.339
"8775","MANABI","TOSAGUA",13,1315,2022,44339,3,"Marzo",44.339
"8776","MANABI","TOSAGUA",13,1315,2022,44339,4,"Abril",44.339
"8777","MANABI","TOSAGUA",13,1315,2022,44339,5,"Mayo",44.339
"8778","MANABI","TOSAGUA",13,1315,2022,44339,6,"Junio",44.339
"8779","MANABI","TOSAGUA",13,1315,2022,44339,7,"Julio",44.339
"8780","MANABI","TOSAGUA",13,1315,2022,44339,8,"Agosto",44.339
"8781","MANABI","TOSAGUA",13,1315,2022,44339,9,"Septiembre",44.339
"8782","MANABI","TOSAGUA",13,1315,2022,44339,10,"Octubre",44.339
"8783","MANABI","TOSAGUA",13,1315,2022,44339,11,"Noviembre",44.339
"8784","MANABI","TOSAGUA",13,1315,2022,44339,12,"Diciembre",44.339
"8785","MANABI","TOSAGUA",13,1315,2023,44579,1,"Enero",44.579
"8786","MANABI","TOSAGUA",13,1315,2023,44579,2,"Febrero",44.579
"8787","MANABI","TOSAGUA",13,1315,2023,44579,3,"Marzo",44.579
"8788","MANABI","TOSAGUA",13,1315,2023,44579,4,"Abril",44.579
"8789","MANABI","TOSAGUA",13,1315,2023,44579,5,"Mayo",44.579
"8790","MANABI","TOSAGUA",13,1315,2023,44579,6,"Junio",44.579
"8791","MANABI","TOSAGUA",13,1315,2023,44579,7,"Julio",44.579
"8792","MANABI","TOSAGUA",13,1315,2023,44579,8,"Agosto",44.579
"8793","MANABI","TOSAGUA",13,1315,2023,44579,9,"Septiembre",44.579
"8794","MANABI","TOSAGUA",13,1315,2023,44579,10,"Octubre",44.579
"8795","MANABI","TOSAGUA",13,1315,2023,44579,11,"Noviembre",44.579
"8796","MANABI","TOSAGUA",13,1315,2023,44579,12,"Diciembre",44.579
"8797","MANABI","TOSAGUA",13,1315,2024,44859,1,"Enero",44.859
"8798","MANABI","TOSAGUA",13,1315,2024,44859,2,"Febrero",44.859
"8799","MANABI","TOSAGUA",13,1315,2024,44859,3,"Marzo",44.859
"8800","MANABI","TOSAGUA",13,1315,2024,44859,4,"Abril",44.859
"8801","MANABI","TOSAGUA",13,1315,2024,44859,5,"Mayo",44.859
"8802","MANABI","TOSAGUA",13,1315,2024,44859,6,"Junio",44.859
"8803","MANABI","TOSAGUA",13,1315,2024,44859,7,"Julio",44.859
"8804","MANABI","TOSAGUA",13,1315,2024,44859,8,"Agosto",44.859
"8805","MANABI","TOSAGUA",13,1315,2024,44859,9,"Septiembre",44.859
"8806","MANABI","TOSAGUA",13,1315,2024,44859,10,"Octubre",44.859
"8807","MANABI","TOSAGUA",13,1315,2024,44859,11,"Noviembre",44.859
"8808","MANABI","TOSAGUA",13,1315,2024,44859,12,"Diciembre",44.859
"8809","MANABI","TOSAGUA",13,1315,2025,45153,1,"Enero",45.153
"8810","MANABI","TOSAGUA",13,1315,2025,45153,2,"Febrero",45.153
"8811","MANABI","TOSAGUA",13,1315,2025,45153,3,"Marzo",45.153
"8812","MANABI","TOSAGUA",13,1315,2025,45153,4,"Abril",45.153
"8813","MANABI","TOSAGUA",13,1315,2025,45153,5,"Mayo",45.153
"8814","MANABI","TOSAGUA",13,1315,2025,45153,6,"Junio",45.153
"8815","MANABI","TOSAGUA",13,1315,2025,45153,7,"Julio",45.153
"8816","MANABI","TOSAGUA",13,1315,2025,45153,8,"Agosto",45.153
"8817","MANABI","TOSAGUA",13,1315,2025,45153,9,"Septiembre",45.153
"8818","MANABI","TOSAGUA",13,1315,2025,45153,10,"Octubre",45.153
"8819","MANABI","TOSAGUA",13,1315,2025,45153,11,"Noviembre",45.153
"8820","MANABI","TOSAGUA",13,1315,2025,45153,12,"Diciembre",45.153
"8821","MANABI","24 DE MAYO",13,1316,2021,32626,1,"Enero",32.626
"8822","MANABI","24 DE MAYO",13,1316,2021,32626,2,"Febrero",32.626
"8823","MANABI","24 DE MAYO",13,1316,2021,32626,3,"Marzo",32.626
"8824","MANABI","24 DE MAYO",13,1316,2021,32626,4,"Abril",32.626
"8825","MANABI","24 DE MAYO",13,1316,2021,32626,5,"Mayo",32.626
"8826","MANABI","24 DE MAYO",13,1316,2021,32626,6,"Junio",32.626
"8827","MANABI","24 DE MAYO",13,1316,2021,32626,7,"Julio",32.626
"8828","MANABI","24 DE MAYO",13,1316,2021,32626,8,"Agosto",32.626
"8829","MANABI","24 DE MAYO",13,1316,2021,32626,9,"Septiembre",32.626
"8830","MANABI","24 DE MAYO",13,1316,2021,32626,10,"Octubre",32.626
"8831","MANABI","24 DE MAYO",13,1316,2021,32626,11,"Noviembre",32.626
"8832","MANABI","24 DE MAYO",13,1316,2021,32626,12,"Diciembre",32.626
"8833","MANABI","24 DE MAYO",13,1316,2022,32647,1,"Enero",32.647
"8834","MANABI","24 DE MAYO",13,1316,2022,32647,2,"Febrero",32.647
"8835","MANABI","24 DE MAYO",13,1316,2022,32647,3,"Marzo",32.647
"8836","MANABI","24 DE MAYO",13,1316,2022,32647,4,"Abril",32.647
"8837","MANABI","24 DE MAYO",13,1316,2022,32647,5,"Mayo",32.647
"8838","MANABI","24 DE MAYO",13,1316,2022,32647,6,"Junio",32.647
"8839","MANABI","24 DE MAYO",13,1316,2022,32647,7,"Julio",32.647
"8840","MANABI","24 DE MAYO",13,1316,2022,32647,8,"Agosto",32.647
"8841","MANABI","24 DE MAYO",13,1316,2022,32647,9,"Septiembre",32.647
"8842","MANABI","24 DE MAYO",13,1316,2022,32647,10,"Octubre",32.647
"8843","MANABI","24 DE MAYO",13,1316,2022,32647,11,"Noviembre",32.647
"8844","MANABI","24 DE MAYO",13,1316,2022,32647,12,"Diciembre",32.647
"8845","MANABI","24 DE MAYO",13,1316,2023,32716,1,"Enero",32.716
"8846","MANABI","24 DE MAYO",13,1316,2023,32716,2,"Febrero",32.716
"8847","MANABI","24 DE MAYO",13,1316,2023,32716,3,"Marzo",32.716
"8848","MANABI","24 DE MAYO",13,1316,2023,32716,4,"Abril",32.716
"8849","MANABI","24 DE MAYO",13,1316,2023,32716,5,"Mayo",32.716
"8850","MANABI","24 DE MAYO",13,1316,2023,32716,6,"Junio",32.716
"8851","MANABI","24 DE MAYO",13,1316,2023,32716,7,"Julio",32.716
"8852","MANABI","24 DE MAYO",13,1316,2023,32716,8,"Agosto",32.716
"8853","MANABI","24 DE MAYO",13,1316,2023,32716,9,"Septiembre",32.716
"8854","MANABI","24 DE MAYO",13,1316,2023,32716,10,"Octubre",32.716
"8855","MANABI","24 DE MAYO",13,1316,2023,32716,11,"Noviembre",32.716
"8856","MANABI","24 DE MAYO",13,1316,2023,32716,12,"Diciembre",32.716
"8857","MANABI","24 DE MAYO",13,1316,2024,32819,1,"Enero",32.819
"8858","MANABI","24 DE MAYO",13,1316,2024,32819,2,"Febrero",32.819
"8859","MANABI","24 DE MAYO",13,1316,2024,32819,3,"Marzo",32.819
"8860","MANABI","24 DE MAYO",13,1316,2024,32819,4,"Abril",32.819
"8861","MANABI","24 DE MAYO",13,1316,2024,32819,5,"Mayo",32.819
"8862","MANABI","24 DE MAYO",13,1316,2024,32819,6,"Junio",32.819
"8863","MANABI","24 DE MAYO",13,1316,2024,32819,7,"Julio",32.819
"8864","MANABI","24 DE MAYO",13,1316,2024,32819,8,"Agosto",32.819
"8865","MANABI","24 DE MAYO",13,1316,2024,32819,9,"Septiembre",32.819
"8866","MANABI","24 DE MAYO",13,1316,2024,32819,10,"Octubre",32.819
"8867","MANABI","24 DE MAYO",13,1316,2024,32819,11,"Noviembre",32.819
"8868","MANABI","24 DE MAYO",13,1316,2024,32819,12,"Diciembre",32.819
"8869","MANABI","24 DE MAYO",13,1316,2025,32936,1,"Enero",32.936
"8870","MANABI","24 DE MAYO",13,1316,2025,32936,2,"Febrero",32.936
"8871","MANABI","24 DE MAYO",13,1316,2025,32936,3,"Marzo",32.936
"8872","MANABI","24 DE MAYO",13,1316,2025,32936,4,"Abril",32.936
"8873","MANABI","24 DE MAYO",13,1316,2025,32936,5,"Mayo",32.936
"8874","MANABI","24 DE MAYO",13,1316,2025,32936,6,"Junio",32.936
"8875","MANABI","24 DE MAYO",13,1316,2025,32936,7,"Julio",32.936
"8876","MANABI","24 DE MAYO",13,1316,2025,32936,8,"Agosto",32.936
"8877","MANABI","24 DE MAYO",13,1316,2025,32936,9,"Septiembre",32.936
"8878","MANABI","24 DE MAYO",13,1316,2025,32936,10,"Octubre",32.936
"8879","MANABI","24 DE MAYO",13,1316,2025,32936,11,"Noviembre",32.936
"8880","MANABI","24 DE MAYO",13,1316,2025,32936,12,"Diciembre",32.936
"8881","MANABI","PEDERNALES",13,1317,2021,75372,1,"Enero",75.372
"8882","MANABI","PEDERNALES",13,1317,2021,75372,2,"Febrero",75.372
"8883","MANABI","PEDERNALES",13,1317,2021,75372,3,"Marzo",75.372
"8884","MANABI","PEDERNALES",13,1317,2021,75372,4,"Abril",75.372
"8885","MANABI","PEDERNALES",13,1317,2021,75372,5,"Mayo",75.372
"8886","MANABI","PEDERNALES",13,1317,2021,75372,6,"Junio",75.372
"8887","MANABI","PEDERNALES",13,1317,2021,75372,7,"Julio",75.372
"8888","MANABI","PEDERNALES",13,1317,2021,75372,8,"Agosto",75.372
"8889","MANABI","PEDERNALES",13,1317,2021,75372,9,"Septiembre",75.372
"8890","MANABI","PEDERNALES",13,1317,2021,75372,10,"Octubre",75.372
"8891","MANABI","PEDERNALES",13,1317,2021,75372,11,"Noviembre",75.372
"8892","MANABI","PEDERNALES",13,1317,2021,75372,12,"Diciembre",75.372
"8893","MANABI","PEDERNALES",13,1317,2022,76651,1,"Enero",76.651
"8894","MANABI","PEDERNALES",13,1317,2022,76651,2,"Febrero",76.651
"8895","MANABI","PEDERNALES",13,1317,2022,76651,3,"Marzo",76.651
"8896","MANABI","PEDERNALES",13,1317,2022,76651,4,"Abril",76.651
"8897","MANABI","PEDERNALES",13,1317,2022,76651,5,"Mayo",76.651
"8898","MANABI","PEDERNALES",13,1317,2022,76651,6,"Junio",76.651
"8899","MANABI","PEDERNALES",13,1317,2022,76651,7,"Julio",76.651
"8900","MANABI","PEDERNALES",13,1317,2022,76651,8,"Agosto",76.651
"8901","MANABI","PEDERNALES",13,1317,2022,76651,9,"Septiembre",76.651
"8902","MANABI","PEDERNALES",13,1317,2022,76651,10,"Octubre",76.651
"8903","MANABI","PEDERNALES",13,1317,2022,76651,11,"Noviembre",76.651
"8904","MANABI","PEDERNALES",13,1317,2022,76651,12,"Diciembre",76.651
"8905","MANABI","PEDERNALES",13,1317,2023,78017,1,"Enero",78.017
"8906","MANABI","PEDERNALES",13,1317,2023,78017,2,"Febrero",78.017
"8907","MANABI","PEDERNALES",13,1317,2023,78017,3,"Marzo",78.017
"8908","MANABI","PEDERNALES",13,1317,2023,78017,4,"Abril",78.017
"8909","MANABI","PEDERNALES",13,1317,2023,78017,5,"Mayo",78.017
"8910","MANABI","PEDERNALES",13,1317,2023,78017,6,"Junio",78.017
"8911","MANABI","PEDERNALES",13,1317,2023,78017,7,"Julio",78.017
"8912","MANABI","PEDERNALES",13,1317,2023,78017,8,"Agosto",78.017
"8913","MANABI","PEDERNALES",13,1317,2023,78017,9,"Septiembre",78.017
"8914","MANABI","PEDERNALES",13,1317,2023,78017,10,"Octubre",78.017
"8915","MANABI","PEDERNALES",13,1317,2023,78017,11,"Noviembre",78.017
"8916","MANABI","PEDERNALES",13,1317,2023,78017,12,"Diciembre",78.017
"8917","MANABI","PEDERNALES",13,1317,2024,79428,1,"Enero",79.428
"8918","MANABI","PEDERNALES",13,1317,2024,79428,2,"Febrero",79.428
"8919","MANABI","PEDERNALES",13,1317,2024,79428,3,"Marzo",79.428
"8920","MANABI","PEDERNALES",13,1317,2024,79428,4,"Abril",79.428
"8921","MANABI","PEDERNALES",13,1317,2024,79428,5,"Mayo",79.428
"8922","MANABI","PEDERNALES",13,1317,2024,79428,6,"Junio",79.428
"8923","MANABI","PEDERNALES",13,1317,2024,79428,7,"Julio",79.428
"8924","MANABI","PEDERNALES",13,1317,2024,79428,8,"Agosto",79.428
"8925","MANABI","PEDERNALES",13,1317,2024,79428,9,"Septiembre",79.428
"8926","MANABI","PEDERNALES",13,1317,2024,79428,10,"Octubre",79.428
"8927","MANABI","PEDERNALES",13,1317,2024,79428,11,"Noviembre",79.428
"8928","MANABI","PEDERNALES",13,1317,2024,79428,12,"Diciembre",79.428
"8929","MANABI","PEDERNALES",13,1317,2025,80838,1,"Enero",80.838
"8930","MANABI","PEDERNALES",13,1317,2025,80838,2,"Febrero",80.838
"8931","MANABI","PEDERNALES",13,1317,2025,80838,3,"Marzo",80.838
"8932","MANABI","PEDERNALES",13,1317,2025,80838,4,"Abril",80.838
"8933","MANABI","PEDERNALES",13,1317,2025,80838,5,"Mayo",80.838
"8934","MANABI","PEDERNALES",13,1317,2025,80838,6,"Junio",80.838
"8935","MANABI","PEDERNALES",13,1317,2025,80838,7,"Julio",80.838
"8936","MANABI","PEDERNALES",13,1317,2025,80838,8,"Agosto",80.838
"8937","MANABI","PEDERNALES",13,1317,2025,80838,9,"Septiembre",80.838
"8938","MANABI","PEDERNALES",13,1317,2025,80838,10,"Octubre",80.838
"8939","MANABI","PEDERNALES",13,1317,2025,80838,11,"Noviembre",80.838
"8940","MANABI","PEDERNALES",13,1317,2025,80838,12,"Diciembre",80.838
"8941","MANABI","OLMEDO",13,1318,2021,10650,1,"Enero",10.65
"8942","MANABI","OLMEDO",13,1318,2021,10650,2,"Febrero",10.65
"8943","MANABI","OLMEDO",13,1318,2021,10650,3,"Marzo",10.65
"8944","MANABI","OLMEDO",13,1318,2021,10650,4,"Abril",10.65
"8945","MANABI","OLMEDO",13,1318,2021,10650,5,"Mayo",10.65
"8946","MANABI","OLMEDO",13,1318,2021,10650,6,"Junio",10.65
"8947","MANABI","OLMEDO",13,1318,2021,10650,7,"Julio",10.65
"8948","MANABI","OLMEDO",13,1318,2021,10650,8,"Agosto",10.65
"8949","MANABI","OLMEDO",13,1318,2021,10650,9,"Septiembre",10.65
"8950","MANABI","OLMEDO",13,1318,2021,10650,10,"Octubre",10.65
"8951","MANABI","OLMEDO",13,1318,2021,10650,11,"Noviembre",10.65
"8952","MANABI","OLMEDO",13,1318,2021,10650,12,"Diciembre",10.65
"8953","MANABI","OLMEDO",13,1318,2022,10607,1,"Enero",10.607
"8954","MANABI","OLMEDO",13,1318,2022,10607,2,"Febrero",10.607
"8955","MANABI","OLMEDO",13,1318,2022,10607,3,"Marzo",10.607
"8956","MANABI","OLMEDO",13,1318,2022,10607,4,"Abril",10.607
"8957","MANABI","OLMEDO",13,1318,2022,10607,5,"Mayo",10.607
"8958","MANABI","OLMEDO",13,1318,2022,10607,6,"Junio",10.607
"8959","MANABI","OLMEDO",13,1318,2022,10607,7,"Julio",10.607
"8960","MANABI","OLMEDO",13,1318,2022,10607,8,"Agosto",10.607
"8961","MANABI","OLMEDO",13,1318,2022,10607,9,"Septiembre",10.607
"8962","MANABI","OLMEDO",13,1318,2022,10607,10,"Octubre",10.607
"8963","MANABI","OLMEDO",13,1318,2022,10607,11,"Noviembre",10.607
"8964","MANABI","OLMEDO",13,1318,2022,10607,12,"Diciembre",10.607
"8965","MANABI","OLMEDO",13,1318,2023,10585,1,"Enero",10.585
"8966","MANABI","OLMEDO",13,1318,2023,10585,2,"Febrero",10.585
"8967","MANABI","OLMEDO",13,1318,2023,10585,3,"Marzo",10.585
"8968","MANABI","OLMEDO",13,1318,2023,10585,4,"Abril",10.585
"8969","MANABI","OLMEDO",13,1318,2023,10585,5,"Mayo",10.585
"8970","MANABI","OLMEDO",13,1318,2023,10585,6,"Junio",10.585
"8971","MANABI","OLMEDO",13,1318,2023,10585,7,"Julio",10.585
"8972","MANABI","OLMEDO",13,1318,2023,10585,8,"Agosto",10.585
"8973","MANABI","OLMEDO",13,1318,2023,10585,9,"Septiembre",10.585
"8974","MANABI","OLMEDO",13,1318,2023,10585,10,"Octubre",10.585
"8975","MANABI","OLMEDO",13,1318,2023,10585,11,"Noviembre",10.585
"8976","MANABI","OLMEDO",13,1318,2023,10585,12,"Diciembre",10.585
"8977","MANABI","OLMEDO",13,1318,2024,10579,1,"Enero",10.579
"8978","MANABI","OLMEDO",13,1318,2024,10579,2,"Febrero",10.579
"8979","MANABI","OLMEDO",13,1318,2024,10579,3,"Marzo",10.579
"8980","MANABI","OLMEDO",13,1318,2024,10579,4,"Abril",10.579
"8981","MANABI","OLMEDO",13,1318,2024,10579,5,"Mayo",10.579
"8982","MANABI","OLMEDO",13,1318,2024,10579,6,"Junio",10.579
"8983","MANABI","OLMEDO",13,1318,2024,10579,7,"Julio",10.579
"8984","MANABI","OLMEDO",13,1318,2024,10579,8,"Agosto",10.579
"8985","MANABI","OLMEDO",13,1318,2024,10579,9,"Septiembre",10.579
"8986","MANABI","OLMEDO",13,1318,2024,10579,10,"Octubre",10.579
"8987","MANABI","OLMEDO",13,1318,2024,10579,11,"Noviembre",10.579
"8988","MANABI","OLMEDO",13,1318,2024,10579,12,"Diciembre",10.579
"8989","MANABI","OLMEDO",13,1318,2025,10582,1,"Enero",10.582
"8990","MANABI","OLMEDO",13,1318,2025,10582,2,"Febrero",10.582
"8991","MANABI","OLMEDO",13,1318,2025,10582,3,"Marzo",10.582
"8992","MANABI","OLMEDO",13,1318,2025,10582,4,"Abril",10.582
"8993","MANABI","OLMEDO",13,1318,2025,10582,5,"Mayo",10.582
"8994","MANABI","OLMEDO",13,1318,2025,10582,6,"Junio",10.582
"8995","MANABI","OLMEDO",13,1318,2025,10582,7,"Julio",10.582
"8996","MANABI","OLMEDO",13,1318,2025,10582,8,"Agosto",10.582
"8997","MANABI","OLMEDO",13,1318,2025,10582,9,"Septiembre",10.582
"8998","MANABI","OLMEDO",13,1318,2025,10582,10,"Octubre",10.582
"8999","MANABI","OLMEDO",13,1318,2025,10582,11,"Noviembre",10.582
"9000","MANABI","OLMEDO",13,1318,2025,10582,12,"Diciembre",10.582
"9001","MANABI","PUERTO LOPEZ",13,1319,2021,26617,1,"Enero",26.617
"9002","MANABI","PUERTO LOPEZ",13,1319,2021,26617,2,"Febrero",26.617
"9003","MANABI","PUERTO LOPEZ",13,1319,2021,26617,3,"Marzo",26.617
"9004","MANABI","PUERTO LOPEZ",13,1319,2021,26617,4,"Abril",26.617
"9005","MANABI","PUERTO LOPEZ",13,1319,2021,26617,5,"Mayo",26.617
"9006","MANABI","PUERTO LOPEZ",13,1319,2021,26617,6,"Junio",26.617
"9007","MANABI","PUERTO LOPEZ",13,1319,2021,26617,7,"Julio",26.617
"9008","MANABI","PUERTO LOPEZ",13,1319,2021,26617,8,"Agosto",26.617
"9009","MANABI","PUERTO LOPEZ",13,1319,2021,26617,9,"Septiembre",26.617
"9010","MANABI","PUERTO LOPEZ",13,1319,2021,26617,10,"Octubre",26.617
"9011","MANABI","PUERTO LOPEZ",13,1319,2021,26617,11,"Noviembre",26.617
"9012","MANABI","PUERTO LOPEZ",13,1319,2021,26617,12,"Diciembre",26.617
"9013","MANABI","PUERTO LOPEZ",13,1319,2022,27040,1,"Enero",27.04
"9014","MANABI","PUERTO LOPEZ",13,1319,2022,27040,2,"Febrero",27.04
"9015","MANABI","PUERTO LOPEZ",13,1319,2022,27040,3,"Marzo",27.04
"9016","MANABI","PUERTO LOPEZ",13,1319,2022,27040,4,"Abril",27.04
"9017","MANABI","PUERTO LOPEZ",13,1319,2022,27040,5,"Mayo",27.04
"9018","MANABI","PUERTO LOPEZ",13,1319,2022,27040,6,"Junio",27.04
"9019","MANABI","PUERTO LOPEZ",13,1319,2022,27040,7,"Julio",27.04
"9020","MANABI","PUERTO LOPEZ",13,1319,2022,27040,8,"Agosto",27.04
"9021","MANABI","PUERTO LOPEZ",13,1319,2022,27040,9,"Septiembre",27.04
"9022","MANABI","PUERTO LOPEZ",13,1319,2022,27040,10,"Octubre",27.04
"9023","MANABI","PUERTO LOPEZ",13,1319,2022,27040,11,"Noviembre",27.04
"9024","MANABI","PUERTO LOPEZ",13,1319,2022,27040,12,"Diciembre",27.04
"9025","MANABI","PUERTO LOPEZ",13,1319,2023,27496,1,"Enero",27.496
"9026","MANABI","PUERTO LOPEZ",13,1319,2023,27496,2,"Febrero",27.496
"9027","MANABI","PUERTO LOPEZ",13,1319,2023,27496,3,"Marzo",27.496
"9028","MANABI","PUERTO LOPEZ",13,1319,2023,27496,4,"Abril",27.496
"9029","MANABI","PUERTO LOPEZ",13,1319,2023,27496,5,"Mayo",27.496
"9030","MANABI","PUERTO LOPEZ",13,1319,2023,27496,6,"Junio",27.496
"9031","MANABI","PUERTO LOPEZ",13,1319,2023,27496,7,"Julio",27.496
"9032","MANABI","PUERTO LOPEZ",13,1319,2023,27496,8,"Agosto",27.496
"9033","MANABI","PUERTO LOPEZ",13,1319,2023,27496,9,"Septiembre",27.496
"9034","MANABI","PUERTO LOPEZ",13,1319,2023,27496,10,"Octubre",27.496
"9035","MANABI","PUERTO LOPEZ",13,1319,2023,27496,11,"Noviembre",27.496
"9036","MANABI","PUERTO LOPEZ",13,1319,2023,27496,12,"Diciembre",27.496
"9037","MANABI","PUERTO LOPEZ",13,1319,2024,27971,1,"Enero",27.971
"9038","MANABI","PUERTO LOPEZ",13,1319,2024,27971,2,"Febrero",27.971
"9039","MANABI","PUERTO LOPEZ",13,1319,2024,27971,3,"Marzo",27.971
"9040","MANABI","PUERTO LOPEZ",13,1319,2024,27971,4,"Abril",27.971
"9041","MANABI","PUERTO LOPEZ",13,1319,2024,27971,5,"Mayo",27.971
"9042","MANABI","PUERTO LOPEZ",13,1319,2024,27971,6,"Junio",27.971
"9043","MANABI","PUERTO LOPEZ",13,1319,2024,27971,7,"Julio",27.971
"9044","MANABI","PUERTO LOPEZ",13,1319,2024,27971,8,"Agosto",27.971
"9045","MANABI","PUERTO LOPEZ",13,1319,2024,27971,9,"Septiembre",27.971
"9046","MANABI","PUERTO LOPEZ",13,1319,2024,27971,10,"Octubre",27.971
"9047","MANABI","PUERTO LOPEZ",13,1319,2024,27971,11,"Noviembre",27.971
"9048","MANABI","PUERTO LOPEZ",13,1319,2024,27971,12,"Diciembre",27.971
"9049","MANABI","PUERTO LOPEZ",13,1319,2025,28448,1,"Enero",28.448
"9050","MANABI","PUERTO LOPEZ",13,1319,2025,28448,2,"Febrero",28.448
"9051","MANABI","PUERTO LOPEZ",13,1319,2025,28448,3,"Marzo",28.448
"9052","MANABI","PUERTO LOPEZ",13,1319,2025,28448,4,"Abril",28.448
"9053","MANABI","PUERTO LOPEZ",13,1319,2025,28448,5,"Mayo",28.448
"9054","MANABI","PUERTO LOPEZ",13,1319,2025,28448,6,"Junio",28.448
"9055","MANABI","PUERTO LOPEZ",13,1319,2025,28448,7,"Julio",28.448
"9056","MANABI","PUERTO LOPEZ",13,1319,2025,28448,8,"Agosto",28.448
"9057","MANABI","PUERTO LOPEZ",13,1319,2025,28448,9,"Septiembre",28.448
"9058","MANABI","PUERTO LOPEZ",13,1319,2025,28448,10,"Octubre",28.448
"9059","MANABI","PUERTO LOPEZ",13,1319,2025,28448,11,"Noviembre",28.448
"9060","MANABI","PUERTO LOPEZ",13,1319,2025,28448,12,"Diciembre",28.448
"9061","MANABI","JAMA",13,1320,2021,19184,1,"Enero",19.184
"9062","MANABI","JAMA",13,1320,2021,19184,2,"Febrero",19.184
"9063","MANABI","JAMA",13,1320,2021,19184,3,"Marzo",19.184
"9064","MANABI","JAMA",13,1320,2021,19184,4,"Abril",19.184
"9065","MANABI","JAMA",13,1320,2021,19184,5,"Mayo",19.184
"9066","MANABI","JAMA",13,1320,2021,19184,6,"Junio",19.184
"9067","MANABI","JAMA",13,1320,2021,19184,7,"Julio",19.184
"9068","MANABI","JAMA",13,1320,2021,19184,8,"Agosto",19.184
"9069","MANABI","JAMA",13,1320,2021,19184,9,"Septiembre",19.184
"9070","MANABI","JAMA",13,1320,2021,19184,10,"Octubre",19.184
"9071","MANABI","JAMA",13,1320,2021,19184,11,"Noviembre",19.184
"9072","MANABI","JAMA",13,1320,2021,19184,12,"Diciembre",19.184
"9073","MANABI","JAMA",13,1320,2022,18598,1,"Enero",18.598
"9074","MANABI","JAMA",13,1320,2022,18598,2,"Febrero",18.598
"9075","MANABI","JAMA",13,1320,2022,18598,3,"Marzo",18.598
"9076","MANABI","JAMA",13,1320,2022,18598,4,"Abril",18.598
"9077","MANABI","JAMA",13,1320,2022,18598,5,"Mayo",18.598
"9078","MANABI","JAMA",13,1320,2022,18598,6,"Junio",18.598
"9079","MANABI","JAMA",13,1320,2022,18598,7,"Julio",18.598
"9080","MANABI","JAMA",13,1320,2022,18598,8,"Agosto",18.598
"9081","MANABI","JAMA",13,1320,2022,18598,9,"Septiembre",18.598
"9082","MANABI","JAMA",13,1320,2022,18598,10,"Octubre",18.598
"9083","MANABI","JAMA",13,1320,2022,18598,11,"Noviembre",18.598
"9084","MANABI","JAMA",13,1320,2022,18598,12,"Diciembre",18.598
"9085","MANABI","JAMA",13,1320,2023,18105,1,"Enero",18.105
"9086","MANABI","JAMA",13,1320,2023,18105,2,"Febrero",18.105
"9087","MANABI","JAMA",13,1320,2023,18105,3,"Marzo",18.105
"9088","MANABI","JAMA",13,1320,2023,18105,4,"Abril",18.105
"9089","MANABI","JAMA",13,1320,2023,18105,5,"Mayo",18.105
"9090","MANABI","JAMA",13,1320,2023,18105,6,"Junio",18.105
"9091","MANABI","JAMA",13,1320,2023,18105,7,"Julio",18.105
"9092","MANABI","JAMA",13,1320,2023,18105,8,"Agosto",18.105
"9093","MANABI","JAMA",13,1320,2023,18105,9,"Septiembre",18.105
"9094","MANABI","JAMA",13,1320,2023,18105,10,"Octubre",18.105
"9095","MANABI","JAMA",13,1320,2023,18105,11,"Noviembre",18.105
"9096","MANABI","JAMA",13,1320,2023,18105,12,"Diciembre",18.105
"9097","MANABI","JAMA",13,1320,2024,17697,1,"Enero",17.697
"9098","MANABI","JAMA",13,1320,2024,17697,2,"Febrero",17.697
"9099","MANABI","JAMA",13,1320,2024,17697,3,"Marzo",17.697
"9100","MANABI","JAMA",13,1320,2024,17697,4,"Abril",17.697
"9101","MANABI","JAMA",13,1320,2024,17697,5,"Mayo",17.697
"9102","MANABI","JAMA",13,1320,2024,17697,6,"Junio",17.697
"9103","MANABI","JAMA",13,1320,2024,17697,7,"Julio",17.697
"9104","MANABI","JAMA",13,1320,2024,17697,8,"Agosto",17.697
"9105","MANABI","JAMA",13,1320,2024,17697,9,"Septiembre",17.697
"9106","MANABI","JAMA",13,1320,2024,17697,10,"Octubre",17.697
"9107","MANABI","JAMA",13,1320,2024,17697,11,"Noviembre",17.697
"9108","MANABI","JAMA",13,1320,2024,17697,12,"Diciembre",17.697
"9109","MANABI","JAMA",13,1320,2025,17363,1,"Enero",17.363
"9110","MANABI","JAMA",13,1320,2025,17363,2,"Febrero",17.363
"9111","MANABI","JAMA",13,1320,2025,17363,3,"Marzo",17.363
"9112","MANABI","JAMA",13,1320,2025,17363,4,"Abril",17.363
"9113","MANABI","JAMA",13,1320,2025,17363,5,"Mayo",17.363
"9114","MANABI","JAMA",13,1320,2025,17363,6,"Junio",17.363
"9115","MANABI","JAMA",13,1320,2025,17363,7,"Julio",17.363
"9116","MANABI","JAMA",13,1320,2025,17363,8,"Agosto",17.363
"9117","MANABI","JAMA",13,1320,2025,17363,9,"Septiembre",17.363
"9118","MANABI","JAMA",13,1320,2025,17363,10,"Octubre",17.363
"9119","MANABI","JAMA",13,1320,2025,17363,11,"Noviembre",17.363
"9120","MANABI","JAMA",13,1320,2025,17363,12,"Diciembre",17.363
"9121","MANABI","JARAMIJO",13,1321,2021,29674,1,"Enero",29.674
"9122","MANABI","JARAMIJO",13,1321,2021,29674,2,"Febrero",29.674
"9123","MANABI","JARAMIJO",13,1321,2021,29674,3,"Marzo",29.674
"9124","MANABI","JARAMIJO",13,1321,2021,29674,4,"Abril",29.674
"9125","MANABI","JARAMIJO",13,1321,2021,29674,5,"Mayo",29.674
"9126","MANABI","JARAMIJO",13,1321,2021,29674,6,"Junio",29.674
"9127","MANABI","JARAMIJO",13,1321,2021,29674,7,"Julio",29.674
"9128","MANABI","JARAMIJO",13,1321,2021,29674,8,"Agosto",29.674
"9129","MANABI","JARAMIJO",13,1321,2021,29674,9,"Septiembre",29.674
"9130","MANABI","JARAMIJO",13,1321,2021,29674,10,"Octubre",29.674
"9131","MANABI","JARAMIJO",13,1321,2021,29674,11,"Noviembre",29.674
"9132","MANABI","JARAMIJO",13,1321,2021,29674,12,"Diciembre",29.674
"9133","MANABI","JARAMIJO",13,1321,2022,30558,1,"Enero",30.558
"9134","MANABI","JARAMIJO",13,1321,2022,30558,2,"Febrero",30.558
"9135","MANABI","JARAMIJO",13,1321,2022,30558,3,"Marzo",30.558
"9136","MANABI","JARAMIJO",13,1321,2022,30558,4,"Abril",30.558
"9137","MANABI","JARAMIJO",13,1321,2022,30558,5,"Mayo",30.558
"9138","MANABI","JARAMIJO",13,1321,2022,30558,6,"Junio",30.558
"9139","MANABI","JARAMIJO",13,1321,2022,30558,7,"Julio",30.558
"9140","MANABI","JARAMIJO",13,1321,2022,30558,8,"Agosto",30.558
"9141","MANABI","JARAMIJO",13,1321,2022,30558,9,"Septiembre",30.558
"9142","MANABI","JARAMIJO",13,1321,2022,30558,10,"Octubre",30.558
"9143","MANABI","JARAMIJO",13,1321,2022,30558,11,"Noviembre",30.558
"9144","MANABI","JARAMIJO",13,1321,2022,30558,12,"Diciembre",30.558
"9145","MANABI","JARAMIJO",13,1321,2023,31413,1,"Enero",31.413
"9146","MANABI","JARAMIJO",13,1321,2023,31413,2,"Febrero",31.413
"9147","MANABI","JARAMIJO",13,1321,2023,31413,3,"Marzo",31.413
"9148","MANABI","JARAMIJO",13,1321,2023,31413,4,"Abril",31.413
"9149","MANABI","JARAMIJO",13,1321,2023,31413,5,"Mayo",31.413
"9150","MANABI","JARAMIJO",13,1321,2023,31413,6,"Junio",31.413
"9151","MANABI","JARAMIJO",13,1321,2023,31413,7,"Julio",31.413
"9152","MANABI","JARAMIJO",13,1321,2023,31413,8,"Agosto",31.413
"9153","MANABI","JARAMIJO",13,1321,2023,31413,9,"Septiembre",31.413
"9154","MANABI","JARAMIJO",13,1321,2023,31413,10,"Octubre",31.413
"9155","MANABI","JARAMIJO",13,1321,2023,31413,11,"Noviembre",31.413
"9156","MANABI","JARAMIJO",13,1321,2023,31413,12,"Diciembre",31.413
"9157","MANABI","JARAMIJO",13,1321,2024,32223,1,"Enero",32.223
"9158","MANABI","JARAMIJO",13,1321,2024,32223,2,"Febrero",32.223
"9159","MANABI","JARAMIJO",13,1321,2024,32223,3,"Marzo",32.223
"9160","MANABI","JARAMIJO",13,1321,2024,32223,4,"Abril",32.223
"9161","MANABI","JARAMIJO",13,1321,2024,32223,5,"Mayo",32.223
"9162","MANABI","JARAMIJO",13,1321,2024,32223,6,"Junio",32.223
"9163","MANABI","JARAMIJO",13,1321,2024,32223,7,"Julio",32.223
"9164","MANABI","JARAMIJO",13,1321,2024,32223,8,"Agosto",32.223
"9165","MANABI","JARAMIJO",13,1321,2024,32223,9,"Septiembre",32.223
"9166","MANABI","JARAMIJO",13,1321,2024,32223,10,"Octubre",32.223
"9167","MANABI","JARAMIJO",13,1321,2024,32223,11,"Noviembre",32.223
"9168","MANABI","JARAMIJO",13,1321,2024,32223,12,"Diciembre",32.223
"9169","MANABI","JARAMIJO",13,1321,2025,32971,1,"Enero",32.971
"9170","MANABI","JARAMIJO",13,1321,2025,32971,2,"Febrero",32.971
"9171","MANABI","JARAMIJO",13,1321,2025,32971,3,"Marzo",32.971
"9172","MANABI","JARAMIJO",13,1321,2025,32971,4,"Abril",32.971
"9173","MANABI","JARAMIJO",13,1321,2025,32971,5,"Mayo",32.971
"9174","MANABI","JARAMIJO",13,1321,2025,32971,6,"Junio",32.971
"9175","MANABI","JARAMIJO",13,1321,2025,32971,7,"Julio",32.971
"9176","MANABI","JARAMIJO",13,1321,2025,32971,8,"Agosto",32.971
"9177","MANABI","JARAMIJO",13,1321,2025,32971,9,"Septiembre",32.971
"9178","MANABI","JARAMIJO",13,1321,2025,32971,10,"Octubre",32.971
"9179","MANABI","JARAMIJO",13,1321,2025,32971,11,"Noviembre",32.971
"9180","MANABI","JARAMIJO",13,1321,2025,32971,12,"Diciembre",32.971
"9181","MANABI","SAN VICENTE",13,1322,2021,25755,1,"Enero",25.755
"9182","MANABI","SAN VICENTE",13,1322,2021,25755,2,"Febrero",25.755
"9183","MANABI","SAN VICENTE",13,1322,2021,25755,3,"Marzo",25.755
"9184","MANABI","SAN VICENTE",13,1322,2021,25755,4,"Abril",25.755
"9185","MANABI","SAN VICENTE",13,1322,2021,25755,5,"Mayo",25.755
"9186","MANABI","SAN VICENTE",13,1322,2021,25755,6,"Junio",25.755
"9187","MANABI","SAN VICENTE",13,1322,2021,25755,7,"Julio",25.755
"9188","MANABI","SAN VICENTE",13,1322,2021,25755,8,"Agosto",25.755
"9189","MANABI","SAN VICENTE",13,1322,2021,25755,9,"Septiembre",25.755
"9190","MANABI","SAN VICENTE",13,1322,2021,25755,10,"Octubre",25.755
"9191","MANABI","SAN VICENTE",13,1322,2021,25755,11,"Noviembre",25.755
"9192","MANABI","SAN VICENTE",13,1322,2021,25755,12,"Diciembre",25.755
"9193","MANABI","SAN VICENTE",13,1322,2022,25915,1,"Enero",25.915
"9194","MANABI","SAN VICENTE",13,1322,2022,25915,2,"Febrero",25.915
"9195","MANABI","SAN VICENTE",13,1322,2022,25915,3,"Marzo",25.915
"9196","MANABI","SAN VICENTE",13,1322,2022,25915,4,"Abril",25.915
"9197","MANABI","SAN VICENTE",13,1322,2022,25915,5,"Mayo",25.915
"9198","MANABI","SAN VICENTE",13,1322,2022,25915,6,"Junio",25.915
"9199","MANABI","SAN VICENTE",13,1322,2022,25915,7,"Julio",25.915
"9200","MANABI","SAN VICENTE",13,1322,2022,25915,8,"Agosto",25.915
"9201","MANABI","SAN VICENTE",13,1322,2022,25915,9,"Septiembre",25.915
"9202","MANABI","SAN VICENTE",13,1322,2022,25915,10,"Octubre",25.915
"9203","MANABI","SAN VICENTE",13,1322,2022,25915,11,"Noviembre",25.915
"9204","MANABI","SAN VICENTE",13,1322,2022,25915,12,"Diciembre",25.915
"9205","MANABI","SAN VICENTE",13,1322,2023,26112,1,"Enero",26.112
"9206","MANABI","SAN VICENTE",13,1322,2023,26112,2,"Febrero",26.112
"9207","MANABI","SAN VICENTE",13,1322,2023,26112,3,"Marzo",26.112
"9208","MANABI","SAN VICENTE",13,1322,2023,26112,4,"Abril",26.112
"9209","MANABI","SAN VICENTE",13,1322,2023,26112,5,"Mayo",26.112
"9210","MANABI","SAN VICENTE",13,1322,2023,26112,6,"Junio",26.112
"9211","MANABI","SAN VICENTE",13,1322,2023,26112,7,"Julio",26.112
"9212","MANABI","SAN VICENTE",13,1322,2023,26112,8,"Agosto",26.112
"9213","MANABI","SAN VICENTE",13,1322,2023,26112,9,"Septiembre",26.112
"9214","MANABI","SAN VICENTE",13,1322,2023,26112,10,"Octubre",26.112
"9215","MANABI","SAN VICENTE",13,1322,2023,26112,11,"Noviembre",26.112
"9216","MANABI","SAN VICENTE",13,1322,2023,26112,12,"Diciembre",26.112
"9217","MANABI","SAN VICENTE",13,1322,2024,26333,1,"Enero",26.333
"9218","MANABI","SAN VICENTE",13,1322,2024,26333,2,"Febrero",26.333
"9219","MANABI","SAN VICENTE",13,1322,2024,26333,3,"Marzo",26.333
"9220","MANABI","SAN VICENTE",13,1322,2024,26333,4,"Abril",26.333
"9221","MANABI","SAN VICENTE",13,1322,2024,26333,5,"Mayo",26.333
"9222","MANABI","SAN VICENTE",13,1322,2024,26333,6,"Junio",26.333
"9223","MANABI","SAN VICENTE",13,1322,2024,26333,7,"Julio",26.333
"9224","MANABI","SAN VICENTE",13,1322,2024,26333,8,"Agosto",26.333
"9225","MANABI","SAN VICENTE",13,1322,2024,26333,9,"Septiembre",26.333
"9226","MANABI","SAN VICENTE",13,1322,2024,26333,10,"Octubre",26.333
"9227","MANABI","SAN VICENTE",13,1322,2024,26333,11,"Noviembre",26.333
"9228","MANABI","SAN VICENTE",13,1322,2024,26333,12,"Diciembre",26.333
"9229","MANABI","SAN VICENTE",13,1322,2025,26563,1,"Enero",26.563
"9230","MANABI","SAN VICENTE",13,1322,2025,26563,2,"Febrero",26.563
"9231","MANABI","SAN VICENTE",13,1322,2025,26563,3,"Marzo",26.563
"9232","MANABI","SAN VICENTE",13,1322,2025,26563,4,"Abril",26.563
"9233","MANABI","SAN VICENTE",13,1322,2025,26563,5,"Mayo",26.563
"9234","MANABI","SAN VICENTE",13,1322,2025,26563,6,"Junio",26.563
"9235","MANABI","SAN VICENTE",13,1322,2025,26563,7,"Julio",26.563
"9236","MANABI","SAN VICENTE",13,1322,2025,26563,8,"Agosto",26.563
"9237","MANABI","SAN VICENTE",13,1322,2025,26563,9,"Septiembre",26.563
"9238","MANABI","SAN VICENTE",13,1322,2025,26563,10,"Octubre",26.563
"9239","MANABI","SAN VICENTE",13,1322,2025,26563,11,"Noviembre",26.563
"9240","MANABI","SAN VICENTE",13,1322,2025,26563,12,"Diciembre",26.563
"9241","NAPO","TENA",15,1501,2021,81081,1,"Enero",81.081
"9242","NAPO","TENA",15,1501,2021,81081,2,"Febrero",81.081
"9243","NAPO","TENA",15,1501,2021,81081,3,"Marzo",81.081
"9244","NAPO","TENA",15,1501,2021,81081,4,"Abril",81.081
"9245","NAPO","TENA",15,1501,2021,81081,5,"Mayo",81.081
"9246","NAPO","TENA",15,1501,2021,81081,6,"Junio",81.081
"9247","NAPO","TENA",15,1501,2021,81081,7,"Julio",81.081
"9248","NAPO","TENA",15,1501,2021,81081,8,"Agosto",81.081
"9249","NAPO","TENA",15,1501,2021,81081,9,"Septiembre",81.081
"9250","NAPO","TENA",15,1501,2021,81081,10,"Octubre",81.081
"9251","NAPO","TENA",15,1501,2021,81081,11,"Noviembre",81.081
"9252","NAPO","TENA",15,1501,2021,81081,12,"Diciembre",81.081
"9253","NAPO","TENA",15,1501,2022,82422,1,"Enero",82.422
"9254","NAPO","TENA",15,1501,2022,82422,2,"Febrero",82.422
"9255","NAPO","TENA",15,1501,2022,82422,3,"Marzo",82.422
"9256","NAPO","TENA",15,1501,2022,82422,4,"Abril",82.422
"9257","NAPO","TENA",15,1501,2022,82422,5,"Mayo",82.422
"9258","NAPO","TENA",15,1501,2022,82422,6,"Junio",82.422
"9259","NAPO","TENA",15,1501,2022,82422,7,"Julio",82.422
"9260","NAPO","TENA",15,1501,2022,82422,8,"Agosto",82.422
"9261","NAPO","TENA",15,1501,2022,82422,9,"Septiembre",82.422
"9262","NAPO","TENA",15,1501,2022,82422,10,"Octubre",82.422
"9263","NAPO","TENA",15,1501,2022,82422,11,"Noviembre",82.422
"9264","NAPO","TENA",15,1501,2022,82422,12,"Diciembre",82.422
"9265","NAPO","TENA",15,1501,2023,83809,1,"Enero",83.809
"9266","NAPO","TENA",15,1501,2023,83809,2,"Febrero",83.809
"9267","NAPO","TENA",15,1501,2023,83809,3,"Marzo",83.809
"9268","NAPO","TENA",15,1501,2023,83809,4,"Abril",83.809
"9269","NAPO","TENA",15,1501,2023,83809,5,"Mayo",83.809
"9270","NAPO","TENA",15,1501,2023,83809,6,"Junio",83.809
"9271","NAPO","TENA",15,1501,2023,83809,7,"Julio",83.809
"9272","NAPO","TENA",15,1501,2023,83809,8,"Agosto",83.809
"9273","NAPO","TENA",15,1501,2023,83809,9,"Septiembre",83.809
"9274","NAPO","TENA",15,1501,2023,83809,10,"Octubre",83.809
"9275","NAPO","TENA",15,1501,2023,83809,11,"Noviembre",83.809
"9276","NAPO","TENA",15,1501,2023,83809,12,"Diciembre",83.809
"9277","NAPO","TENA",15,1501,2024,85237,1,"Enero",85.237
"9278","NAPO","TENA",15,1501,2024,85237,2,"Febrero",85.237
"9279","NAPO","TENA",15,1501,2024,85237,3,"Marzo",85.237
"9280","NAPO","TENA",15,1501,2024,85237,4,"Abril",85.237
"9281","NAPO","TENA",15,1501,2024,85237,5,"Mayo",85.237
"9282","NAPO","TENA",15,1501,2024,85237,6,"Junio",85.237
"9283","NAPO","TENA",15,1501,2024,85237,7,"Julio",85.237
"9284","NAPO","TENA",15,1501,2024,85237,8,"Agosto",85.237
"9285","NAPO","TENA",15,1501,2024,85237,9,"Septiembre",85.237
"9286","NAPO","TENA",15,1501,2024,85237,10,"Octubre",85.237
"9287","NAPO","TENA",15,1501,2024,85237,11,"Noviembre",85.237
"9288","NAPO","TENA",15,1501,2024,85237,12,"Diciembre",85.237
"9289","NAPO","TENA",15,1501,2025,86688,1,"Enero",86.688
"9290","NAPO","TENA",15,1501,2025,86688,2,"Febrero",86.688
"9291","NAPO","TENA",15,1501,2025,86688,3,"Marzo",86.688
"9292","NAPO","TENA",15,1501,2025,86688,4,"Abril",86.688
"9293","NAPO","TENA",15,1501,2025,86688,5,"Mayo",86.688
"9294","NAPO","TENA",15,1501,2025,86688,6,"Junio",86.688
"9295","NAPO","TENA",15,1501,2025,86688,7,"Julio",86.688
"9296","NAPO","TENA",15,1501,2025,86688,8,"Agosto",86.688
"9297","NAPO","TENA",15,1501,2025,86688,9,"Septiembre",86.688
"9298","NAPO","TENA",15,1501,2025,86688,10,"Octubre",86.688
"9299","NAPO","TENA",15,1501,2025,86688,11,"Noviembre",86.688
"9300","NAPO","TENA",15,1501,2025,86688,12,"Diciembre",86.688
"9301","NAPO","ARCHIDONA",15,1503,2021,31380,1,"Enero",31.38
"9302","NAPO","ARCHIDONA",15,1503,2021,31380,2,"Febrero",31.38
"9303","NAPO","ARCHIDONA",15,1503,2021,31380,3,"Marzo",31.38
"9304","NAPO","ARCHIDONA",15,1503,2021,31380,4,"Abril",31.38
"9305","NAPO","ARCHIDONA",15,1503,2021,31380,5,"Mayo",31.38
"9306","NAPO","ARCHIDONA",15,1503,2021,31380,6,"Junio",31.38
"9307","NAPO","ARCHIDONA",15,1503,2021,31380,7,"Julio",31.38
"9308","NAPO","ARCHIDONA",15,1503,2021,31380,8,"Agosto",31.38
"9309","NAPO","ARCHIDONA",15,1503,2021,31380,9,"Septiembre",31.38
"9310","NAPO","ARCHIDONA",15,1503,2021,31380,10,"Octubre",31.38
"9311","NAPO","ARCHIDONA",15,1503,2021,31380,11,"Noviembre",31.38
"9312","NAPO","ARCHIDONA",15,1503,2021,31380,12,"Diciembre",31.38
"9313","NAPO","ARCHIDONA",15,1503,2022,31684,1,"Enero",31.684
"9314","NAPO","ARCHIDONA",15,1503,2022,31684,2,"Febrero",31.684
"9315","NAPO","ARCHIDONA",15,1503,2022,31684,3,"Marzo",31.684
"9316","NAPO","ARCHIDONA",15,1503,2022,31684,4,"Abril",31.684
"9317","NAPO","ARCHIDONA",15,1503,2022,31684,5,"Mayo",31.684
"9318","NAPO","ARCHIDONA",15,1503,2022,31684,6,"Junio",31.684
"9319","NAPO","ARCHIDONA",15,1503,2022,31684,7,"Julio",31.684
"9320","NAPO","ARCHIDONA",15,1503,2022,31684,8,"Agosto",31.684
"9321","NAPO","ARCHIDONA",15,1503,2022,31684,9,"Septiembre",31.684
"9322","NAPO","ARCHIDONA",15,1503,2022,31684,10,"Octubre",31.684
"9323","NAPO","ARCHIDONA",15,1503,2022,31684,11,"Noviembre",31.684
"9324","NAPO","ARCHIDONA",15,1503,2022,31684,12,"Diciembre",31.684
"9325","NAPO","ARCHIDONA",15,1503,2023,32002,1,"Enero",32.002
"9326","NAPO","ARCHIDONA",15,1503,2023,32002,2,"Febrero",32.002
"9327","NAPO","ARCHIDONA",15,1503,2023,32002,3,"Marzo",32.002
"9328","NAPO","ARCHIDONA",15,1503,2023,32002,4,"Abril",32.002
"9329","NAPO","ARCHIDONA",15,1503,2023,32002,5,"Mayo",32.002
"9330","NAPO","ARCHIDONA",15,1503,2023,32002,6,"Junio",32.002
"9331","NAPO","ARCHIDONA",15,1503,2023,32002,7,"Julio",32.002
"9332","NAPO","ARCHIDONA",15,1503,2023,32002,8,"Agosto",32.002
"9333","NAPO","ARCHIDONA",15,1503,2023,32002,9,"Septiembre",32.002
"9334","NAPO","ARCHIDONA",15,1503,2023,32002,10,"Octubre",32.002
"9335","NAPO","ARCHIDONA",15,1503,2023,32002,11,"Noviembre",32.002
"9336","NAPO","ARCHIDONA",15,1503,2023,32002,12,"Diciembre",32.002
"9337","NAPO","ARCHIDONA",15,1503,2024,32331,1,"Enero",32.331
"9338","NAPO","ARCHIDONA",15,1503,2024,32331,2,"Febrero",32.331
"9339","NAPO","ARCHIDONA",15,1503,2024,32331,3,"Marzo",32.331
"9340","NAPO","ARCHIDONA",15,1503,2024,32331,4,"Abril",32.331
"9341","NAPO","ARCHIDONA",15,1503,2024,32331,5,"Mayo",32.331
"9342","NAPO","ARCHIDONA",15,1503,2024,32331,6,"Junio",32.331
"9343","NAPO","ARCHIDONA",15,1503,2024,32331,7,"Julio",32.331
"9344","NAPO","ARCHIDONA",15,1503,2024,32331,8,"Agosto",32.331
"9345","NAPO","ARCHIDONA",15,1503,2024,32331,9,"Septiembre",32.331
"9346","NAPO","ARCHIDONA",15,1503,2024,32331,10,"Octubre",32.331
"9347","NAPO","ARCHIDONA",15,1503,2024,32331,11,"Noviembre",32.331
"9348","NAPO","ARCHIDONA",15,1503,2024,32331,12,"Diciembre",32.331
"9349","NAPO","ARCHIDONA",15,1503,2025,32667,1,"Enero",32.667
"9350","NAPO","ARCHIDONA",15,1503,2025,32667,2,"Febrero",32.667
"9351","NAPO","ARCHIDONA",15,1503,2025,32667,3,"Marzo",32.667
"9352","NAPO","ARCHIDONA",15,1503,2025,32667,4,"Abril",32.667
"9353","NAPO","ARCHIDONA",15,1503,2025,32667,5,"Mayo",32.667
"9354","NAPO","ARCHIDONA",15,1503,2025,32667,6,"Junio",32.667
"9355","NAPO","ARCHIDONA",15,1503,2025,32667,7,"Julio",32.667
"9356","NAPO","ARCHIDONA",15,1503,2025,32667,8,"Agosto",32.667
"9357","NAPO","ARCHIDONA",15,1503,2025,32667,9,"Septiembre",32.667
"9358","NAPO","ARCHIDONA",15,1503,2025,32667,10,"Octubre",32.667
"9359","NAPO","ARCHIDONA",15,1503,2025,32667,11,"Noviembre",32.667
"9360","NAPO","ARCHIDONA",15,1503,2025,32667,12,"Diciembre",32.667
"9361","NAPO","EL CHACO",15,1504,2021,9296,1,"Enero",9.296
"9362","NAPO","EL CHACO",15,1504,2021,9296,2,"Febrero",9.296
"9363","NAPO","EL CHACO",15,1504,2021,9296,3,"Marzo",9.296
"9364","NAPO","EL CHACO",15,1504,2021,9296,4,"Abril",9.296
"9365","NAPO","EL CHACO",15,1504,2021,9296,5,"Mayo",9.296
"9366","NAPO","EL CHACO",15,1504,2021,9296,6,"Junio",9.296
"9367","NAPO","EL CHACO",15,1504,2021,9296,7,"Julio",9.296
"9368","NAPO","EL CHACO",15,1504,2021,9296,8,"Agosto",9.296
"9369","NAPO","EL CHACO",15,1504,2021,9296,9,"Septiembre",9.296
"9370","NAPO","EL CHACO",15,1504,2021,9296,10,"Octubre",9.296
"9371","NAPO","EL CHACO",15,1504,2021,9296,11,"Noviembre",9.296
"9372","NAPO","EL CHACO",15,1504,2021,9296,12,"Diciembre",9.296
"9373","NAPO","EL CHACO",15,1504,2022,9362,1,"Enero",9.362
"9374","NAPO","EL CHACO",15,1504,2022,9362,2,"Febrero",9.362
"9375","NAPO","EL CHACO",15,1504,2022,9362,3,"Marzo",9.362
"9376","NAPO","EL CHACO",15,1504,2022,9362,4,"Abril",9.362
"9377","NAPO","EL CHACO",15,1504,2022,9362,5,"Mayo",9.362
"9378","NAPO","EL CHACO",15,1504,2022,9362,6,"Junio",9.362
"9379","NAPO","EL CHACO",15,1504,2022,9362,7,"Julio",9.362
"9380","NAPO","EL CHACO",15,1504,2022,9362,8,"Agosto",9.362
"9381","NAPO","EL CHACO",15,1504,2022,9362,9,"Septiembre",9.362
"9382","NAPO","EL CHACO",15,1504,2022,9362,10,"Octubre",9.362
"9383","NAPO","EL CHACO",15,1504,2022,9362,11,"Noviembre",9.362
"9384","NAPO","EL CHACO",15,1504,2022,9362,12,"Diciembre",9.362
"9385","NAPO","EL CHACO",15,1504,2023,9432,1,"Enero",9.432
"9386","NAPO","EL CHACO",15,1504,2023,9432,2,"Febrero",9.432
"9387","NAPO","EL CHACO",15,1504,2023,9432,3,"Marzo",9.432
"9388","NAPO","EL CHACO",15,1504,2023,9432,4,"Abril",9.432
"9389","NAPO","EL CHACO",15,1504,2023,9432,5,"Mayo",9.432
"9390","NAPO","EL CHACO",15,1504,2023,9432,6,"Junio",9.432
"9391","NAPO","EL CHACO",15,1504,2023,9432,7,"Julio",9.432
"9392","NAPO","EL CHACO",15,1504,2023,9432,8,"Agosto",9.432
"9393","NAPO","EL CHACO",15,1504,2023,9432,9,"Septiembre",9.432
"9394","NAPO","EL CHACO",15,1504,2023,9432,10,"Octubre",9.432
"9395","NAPO","EL CHACO",15,1504,2023,9432,11,"Noviembre",9.432
"9396","NAPO","EL CHACO",15,1504,2023,9432,12,"Diciembre",9.432
"9397","NAPO","EL CHACO",15,1504,2024,9508,1,"Enero",9.508
"9398","NAPO","EL CHACO",15,1504,2024,9508,2,"Febrero",9.508
"9399","NAPO","EL CHACO",15,1504,2024,9508,3,"Marzo",9.508
"9400","NAPO","EL CHACO",15,1504,2024,9508,4,"Abril",9.508
"9401","NAPO","EL CHACO",15,1504,2024,9508,5,"Mayo",9.508
"9402","NAPO","EL CHACO",15,1504,2024,9508,6,"Junio",9.508
"9403","NAPO","EL CHACO",15,1504,2024,9508,7,"Julio",9.508
"9404","NAPO","EL CHACO",15,1504,2024,9508,8,"Agosto",9.508
"9405","NAPO","EL CHACO",15,1504,2024,9508,9,"Septiembre",9.508
"9406","NAPO","EL CHACO",15,1504,2024,9508,10,"Octubre",9.508
"9407","NAPO","EL CHACO",15,1504,2024,9508,11,"Noviembre",9.508
"9408","NAPO","EL CHACO",15,1504,2024,9508,12,"Diciembre",9.508
"9409","NAPO","EL CHACO",15,1504,2025,9585,1,"Enero",9.585
"9410","NAPO","EL CHACO",15,1504,2025,9585,2,"Febrero",9.585
"9411","NAPO","EL CHACO",15,1504,2025,9585,3,"Marzo",9.585
"9412","NAPO","EL CHACO",15,1504,2025,9585,4,"Abril",9.585
"9413","NAPO","EL CHACO",15,1504,2025,9585,5,"Mayo",9.585
"9414","NAPO","EL CHACO",15,1504,2025,9585,6,"Junio",9.585
"9415","NAPO","EL CHACO",15,1504,2025,9585,7,"Julio",9.585
"9416","NAPO","EL CHACO",15,1504,2025,9585,8,"Agosto",9.585
"9417","NAPO","EL CHACO",15,1504,2025,9585,9,"Septiembre",9.585
"9418","NAPO","EL CHACO",15,1504,2025,9585,10,"Octubre",9.585
"9419","NAPO","EL CHACO",15,1504,2025,9585,11,"Noviembre",9.585
"9420","NAPO","EL CHACO",15,1504,2025,9585,12,"Diciembre",9.585
"9421","NAPO","QUIJOS",15,1507,2021,6594,1,"Enero",6.594
"9422","NAPO","QUIJOS",15,1507,2021,6594,2,"Febrero",6.594
"9423","NAPO","QUIJOS",15,1507,2021,6594,3,"Marzo",6.594
"9424","NAPO","QUIJOS",15,1507,2021,6594,4,"Abril",6.594
"9425","NAPO","QUIJOS",15,1507,2021,6594,5,"Mayo",6.594
"9426","NAPO","QUIJOS",15,1507,2021,6594,6,"Junio",6.594
"9427","NAPO","QUIJOS",15,1507,2021,6594,7,"Julio",6.594
"9428","NAPO","QUIJOS",15,1507,2021,6594,8,"Agosto",6.594
"9429","NAPO","QUIJOS",15,1507,2021,6594,9,"Septiembre",6.594
"9430","NAPO","QUIJOS",15,1507,2021,6594,10,"Octubre",6.594
"9431","NAPO","QUIJOS",15,1507,2021,6594,11,"Noviembre",6.594
"9432","NAPO","QUIJOS",15,1507,2021,6594,12,"Diciembre",6.594
"9433","NAPO","QUIJOS",15,1507,2022,6605,1,"Enero",6.605
"9434","NAPO","QUIJOS",15,1507,2022,6605,2,"Febrero",6.605
"9435","NAPO","QUIJOS",15,1507,2022,6605,3,"Marzo",6.605
"9436","NAPO","QUIJOS",15,1507,2022,6605,4,"Abril",6.605
"9437","NAPO","QUIJOS",15,1507,2022,6605,5,"Mayo",6.605
"9438","NAPO","QUIJOS",15,1507,2022,6605,6,"Junio",6.605
"9439","NAPO","QUIJOS",15,1507,2022,6605,7,"Julio",6.605
"9440","NAPO","QUIJOS",15,1507,2022,6605,8,"Agosto",6.605
"9441","NAPO","QUIJOS",15,1507,2022,6605,9,"Septiembre",6.605
"9442","NAPO","QUIJOS",15,1507,2022,6605,10,"Octubre",6.605
"9443","NAPO","QUIJOS",15,1507,2022,6605,11,"Noviembre",6.605
"9444","NAPO","QUIJOS",15,1507,2022,6605,12,"Diciembre",6.605
"9445","NAPO","QUIJOS",15,1507,2023,6622,1,"Enero",6.622
"9446","NAPO","QUIJOS",15,1507,2023,6622,2,"Febrero",6.622
"9447","NAPO","QUIJOS",15,1507,2023,6622,3,"Marzo",6.622
"9448","NAPO","QUIJOS",15,1507,2023,6622,4,"Abril",6.622
"9449","NAPO","QUIJOS",15,1507,2023,6622,5,"Mayo",6.622
"9450","NAPO","QUIJOS",15,1507,2023,6622,6,"Junio",6.622
"9451","NAPO","QUIJOS",15,1507,2023,6622,7,"Julio",6.622
"9452","NAPO","QUIJOS",15,1507,2023,6622,8,"Agosto",6.622
"9453","NAPO","QUIJOS",15,1507,2023,6622,9,"Septiembre",6.622
"9454","NAPO","QUIJOS",15,1507,2023,6622,10,"Octubre",6.622
"9455","NAPO","QUIJOS",15,1507,2023,6622,11,"Noviembre",6.622
"9456","NAPO","QUIJOS",15,1507,2023,6622,12,"Diciembre",6.622
"9457","NAPO","QUIJOS",15,1507,2024,6645,1,"Enero",6.645
"9458","NAPO","QUIJOS",15,1507,2024,6645,2,"Febrero",6.645
"9459","NAPO","QUIJOS",15,1507,2024,6645,3,"Marzo",6.645
"9460","NAPO","QUIJOS",15,1507,2024,6645,4,"Abril",6.645
"9461","NAPO","QUIJOS",15,1507,2024,6645,5,"Mayo",6.645
"9462","NAPO","QUIJOS",15,1507,2024,6645,6,"Junio",6.645
"9463","NAPO","QUIJOS",15,1507,2024,6645,7,"Julio",6.645
"9464","NAPO","QUIJOS",15,1507,2024,6645,8,"Agosto",6.645
"9465","NAPO","QUIJOS",15,1507,2024,6645,9,"Septiembre",6.645
"9466","NAPO","QUIJOS",15,1507,2024,6645,10,"Octubre",6.645
"9467","NAPO","QUIJOS",15,1507,2024,6645,11,"Noviembre",6.645
"9468","NAPO","QUIJOS",15,1507,2024,6645,12,"Diciembre",6.645
"9469","NAPO","QUIJOS",15,1507,2025,6673,1,"Enero",6.673
"9470","NAPO","QUIJOS",15,1507,2025,6673,2,"Febrero",6.673
"9471","NAPO","QUIJOS",15,1507,2025,6673,3,"Marzo",6.673
"9472","NAPO","QUIJOS",15,1507,2025,6673,4,"Abril",6.673
"9473","NAPO","QUIJOS",15,1507,2025,6673,5,"Mayo",6.673
"9474","NAPO","QUIJOS",15,1507,2025,6673,6,"Junio",6.673
"9475","NAPO","QUIJOS",15,1507,2025,6673,7,"Julio",6.673
"9476","NAPO","QUIJOS",15,1507,2025,6673,8,"Agosto",6.673
"9477","NAPO","QUIJOS",15,1507,2025,6673,9,"Septiembre",6.673
"9478","NAPO","QUIJOS",15,1507,2025,6673,10,"Octubre",6.673
"9479","NAPO","QUIJOS",15,1507,2025,6673,11,"Noviembre",6.673
"9480","NAPO","QUIJOS",15,1507,2025,6673,12,"Diciembre",6.673
"9481","NAPO","CARLOS JULIO AROSEMENA TOLA",15,1509,2021,4636,1,"Enero",4.636
"9482","NAPO","CARLOS JULIO AROSEMENA TOLA",15,1509,2021,4636,2,"Febrero",4.636
"9483","NAPO","CARLOS JULIO AROSEMENA TOLA",15,1509,2021,4636,3,"Marzo",4.636
"9484","NAPO","CARLOS JULIO AROSEMENA TOLA",15,1509,2021,4636,4,"Abril",4.636
"9485","NAPO","CARLOS JULIO AROSEMENA TOLA",15,1509,2021,4636,5,"Mayo",4.636
"9486","NAPO","CARLOS JULIO AROSEMENA TOLA",15,1509,2021,4636,6,"Junio",4.636
"9487","NAPO","CARLOS JULIO AROSEMENA TOLA",15,1509,2021,4636,7,"Julio",4.636
"9488","NAPO","CARLOS JULIO AROSEMENA TOLA",15,1509,2021,4636,8,"Agosto",4.636
"9489","NAPO","CARLOS JULIO AROSEMENA TOLA",15,1509,2021,4636,9,"Septiembre",4.636
"9490","NAPO","CARLOS JULIO AROSEMENA TOLA",15,1509,2021,4636,10,"Octubre",4.636
"9491","NAPO","CARLOS JULIO AROSEMENA TOLA",15,1509,2021,4636,11,"Noviembre",4.636
"9492","NAPO","CARLOS JULIO AROSEMENA TOLA",15,1509,2021,4636,12,"Diciembre",4.636
"9493","NAPO","CARLOS JULIO AROSEMENA TOLA",15,1509,2022,4695,1,"Enero",4.695
"9494","NAPO","CARLOS JULIO AROSEMENA TOLA",15,1509,2022,4695,2,"Febrero",4.695
"9495","NAPO","CARLOS JULIO AROSEMENA TOLA",15,1509,2022,4695,3,"Marzo",4.695
"9496","NAPO","CARLOS JULIO AROSEMENA TOLA",15,1509,2022,4695,4,"Abril",4.695
"9497","NAPO","CARLOS JULIO AROSEMENA TOLA",15,1509,2022,4695,5,"Mayo",4.695
"9498","NAPO","CARLOS JULIO AROSEMENA TOLA",15,1509,2022,4695,6,"Junio",4.695
"9499","NAPO","CARLOS JULIO AROSEMENA TOLA",15,1509,2022,4695,7,"Julio",4.695
"9500","NAPO","CARLOS JULIO AROSEMENA TOLA",15,1509,2022,4695,8,"Agosto",4.695
"9501","NAPO","CARLOS JULIO AROSEMENA TOLA",15,1509,2022,4695,9,"Septiembre",4.695
"9502","NAPO","CARLOS JULIO AROSEMENA TOLA",15,1509,2022,4695,10,"Octubre",4.695
"9503","NAPO","CARLOS JULIO AROSEMENA TOLA",15,1509,2022,4695,11,"Noviembre",4.695
"9504","NAPO","CARLOS JULIO AROSEMENA TOLA",15,1509,2022,4695,12,"Diciembre",4.695
"9505","NAPO","CARLOS JULIO AROSEMENA TOLA",15,1509,2023,4757,1,"Enero",4.757
"9506","NAPO","CARLOS JULIO AROSEMENA TOLA",15,1509,2023,4757,2,"Febrero",4.757
"9507","NAPO","CARLOS JULIO AROSEMENA TOLA",15,1509,2023,4757,3,"Marzo",4.757
"9508","NAPO","CARLOS JULIO AROSEMENA TOLA",15,1509,2023,4757,4,"Abril",4.757
"9509","NAPO","CARLOS JULIO AROSEMENA TOLA",15,1509,2023,4757,5,"Mayo",4.757
"9510","NAPO","CARLOS JULIO AROSEMENA TOLA",15,1509,2023,4757,6,"Junio",4.757
"9511","NAPO","CARLOS JULIO AROSEMENA TOLA",15,1509,2023,4757,7,"Julio",4.757
"9512","NAPO","CARLOS JULIO AROSEMENA TOLA",15,1509,2023,4757,8,"Agosto",4.757
"9513","NAPO","CARLOS JULIO AROSEMENA TOLA",15,1509,2023,4757,9,"Septiembre",4.757
"9514","NAPO","CARLOS JULIO AROSEMENA TOLA",15,1509,2023,4757,10,"Octubre",4.757
"9515","NAPO","CARLOS JULIO AROSEMENA TOLA",15,1509,2023,4757,11,"Noviembre",4.757
"9516","NAPO","CARLOS JULIO AROSEMENA TOLA",15,1509,2023,4757,12,"Diciembre",4.757
"9517","NAPO","CARLOS JULIO AROSEMENA TOLA",15,1509,2024,4820,1,"Enero",4.82
"9518","NAPO","CARLOS JULIO AROSEMENA TOLA",15,1509,2024,4820,2,"Febrero",4.82
"9519","NAPO","CARLOS JULIO AROSEMENA TOLA",15,1509,2024,4820,3,"Marzo",4.82
"9520","NAPO","CARLOS JULIO AROSEMENA TOLA",15,1509,2024,4820,4,"Abril",4.82
"9521","NAPO","CARLOS JULIO AROSEMENA TOLA",15,1509,2024,4820,5,"Mayo",4.82
"9522","NAPO","CARLOS JULIO AROSEMENA TOLA",15,1509,2024,4820,6,"Junio",4.82
"9523","NAPO","CARLOS JULIO AROSEMENA TOLA",15,1509,2024,4820,7,"Julio",4.82
"9524","NAPO","CARLOS JULIO AROSEMENA TOLA",15,1509,2024,4820,8,"Agosto",4.82
"9525","NAPO","CARLOS JULIO AROSEMENA TOLA",15,1509,2024,4820,9,"Septiembre",4.82
"9526","NAPO","CARLOS JULIO AROSEMENA TOLA",15,1509,2024,4820,10,"Octubre",4.82
"9527","NAPO","CARLOS JULIO AROSEMENA TOLA",15,1509,2024,4820,11,"Noviembre",4.82
"9528","NAPO","CARLOS JULIO AROSEMENA TOLA",15,1509,2024,4820,12,"Diciembre",4.82
"9529","NAPO","CARLOS JULIO AROSEMENA TOLA",15,1509,2025,4885,1,"Enero",4.885
"9530","NAPO","CARLOS JULIO AROSEMENA TOLA",15,1509,2025,4885,2,"Febrero",4.885
"9531","NAPO","CARLOS JULIO AROSEMENA TOLA",15,1509,2025,4885,3,"Marzo",4.885
"9532","NAPO","CARLOS JULIO AROSEMENA TOLA",15,1509,2025,4885,4,"Abril",4.885
"9533","NAPO","CARLOS JULIO AROSEMENA TOLA",15,1509,2025,4885,5,"Mayo",4.885
"9534","NAPO","CARLOS JULIO AROSEMENA TOLA",15,1509,2025,4885,6,"Junio",4.885
"9535","NAPO","CARLOS JULIO AROSEMENA TOLA",15,1509,2025,4885,7,"Julio",4.885
"9536","NAPO","CARLOS JULIO AROSEMENA TOLA",15,1509,2025,4885,8,"Agosto",4.885
"9537","NAPO","CARLOS JULIO AROSEMENA TOLA",15,1509,2025,4885,9,"Septiembre",4.885
"9538","NAPO","CARLOS JULIO AROSEMENA TOLA",15,1509,2025,4885,10,"Octubre",4.885
"9539","NAPO","CARLOS JULIO AROSEMENA TOLA",15,1509,2025,4885,11,"Noviembre",4.885
"9540","NAPO","CARLOS JULIO AROSEMENA TOLA",15,1509,2025,4885,12,"Diciembre",4.885
"9541","PASTAZA","PASTAZA",16,1601,2021,83353,1,"Enero",83.353
"9542","PASTAZA","PASTAZA",16,1601,2021,83353,2,"Febrero",83.353
"9543","PASTAZA","PASTAZA",16,1601,2021,83353,3,"Marzo",83.353
"9544","PASTAZA","PASTAZA",16,1601,2021,83353,4,"Abril",83.353
"9545","PASTAZA","PASTAZA",16,1601,2021,83353,5,"Mayo",83.353
"9546","PASTAZA","PASTAZA",16,1601,2021,83353,6,"Junio",83.353
"9547","PASTAZA","PASTAZA",16,1601,2021,83353,7,"Julio",83.353
"9548","PASTAZA","PASTAZA",16,1601,2021,83353,8,"Agosto",83.353
"9549","PASTAZA","PASTAZA",16,1601,2021,83353,9,"Septiembre",83.353
"9550","PASTAZA","PASTAZA",16,1601,2021,83353,10,"Octubre",83.353
"9551","PASTAZA","PASTAZA",16,1601,2021,83353,11,"Noviembre",83.353
"9552","PASTAZA","PASTAZA",16,1601,2021,83353,12,"Diciembre",83.353
"9553","PASTAZA","PASTAZA",16,1601,2022,84976,1,"Enero",84.976
"9554","PASTAZA","PASTAZA",16,1601,2022,84976,2,"Febrero",84.976
"9555","PASTAZA","PASTAZA",16,1601,2022,84976,3,"Marzo",84.976
"9556","PASTAZA","PASTAZA",16,1601,2022,84976,4,"Abril",84.976
"9557","PASTAZA","PASTAZA",16,1601,2022,84976,5,"Mayo",84.976
"9558","PASTAZA","PASTAZA",16,1601,2022,84976,6,"Junio",84.976
"9559","PASTAZA","PASTAZA",16,1601,2022,84976,7,"Julio",84.976
"9560","PASTAZA","PASTAZA",16,1601,2022,84976,8,"Agosto",84.976
"9561","PASTAZA","PASTAZA",16,1601,2022,84976,9,"Septiembre",84.976
"9562","PASTAZA","PASTAZA",16,1601,2022,84976,10,"Octubre",84.976
"9563","PASTAZA","PASTAZA",16,1601,2022,84976,11,"Noviembre",84.976
"9564","PASTAZA","PASTAZA",16,1601,2022,84976,12,"Diciembre",84.976
"9565","PASTAZA","PASTAZA",16,1601,2023,86522,1,"Enero",86.522
"9566","PASTAZA","PASTAZA",16,1601,2023,86522,2,"Febrero",86.522
"9567","PASTAZA","PASTAZA",16,1601,2023,86522,3,"Marzo",86.522
"9568","PASTAZA","PASTAZA",16,1601,2023,86522,4,"Abril",86.522
"9569","PASTAZA","PASTAZA",16,1601,2023,86522,5,"Mayo",86.522
"9570","PASTAZA","PASTAZA",16,1601,2023,86522,6,"Junio",86.522
"9571","PASTAZA","PASTAZA",16,1601,2023,86522,7,"Julio",86.522
"9572","PASTAZA","PASTAZA",16,1601,2023,86522,8,"Agosto",86.522
"9573","PASTAZA","PASTAZA",16,1601,2023,86522,9,"Septiembre",86.522
"9574","PASTAZA","PASTAZA",16,1601,2023,86522,10,"Octubre",86.522
"9575","PASTAZA","PASTAZA",16,1601,2023,86522,11,"Noviembre",86.522
"9576","PASTAZA","PASTAZA",16,1601,2023,86522,12,"Diciembre",86.522
"9577","PASTAZA","PASTAZA",16,1601,2024,87977,1,"Enero",87.977
"9578","PASTAZA","PASTAZA",16,1601,2024,87977,2,"Febrero",87.977
"9579","PASTAZA","PASTAZA",16,1601,2024,87977,3,"Marzo",87.977
"9580","PASTAZA","PASTAZA",16,1601,2024,87977,4,"Abril",87.977
"9581","PASTAZA","PASTAZA",16,1601,2024,87977,5,"Mayo",87.977
"9582","PASTAZA","PASTAZA",16,1601,2024,87977,6,"Junio",87.977
"9583","PASTAZA","PASTAZA",16,1601,2024,87977,7,"Julio",87.977
"9584","PASTAZA","PASTAZA",16,1601,2024,87977,8,"Agosto",87.977
"9585","PASTAZA","PASTAZA",16,1601,2024,87977,9,"Septiembre",87.977
"9586","PASTAZA","PASTAZA",16,1601,2024,87977,10,"Octubre",87.977
"9587","PASTAZA","PASTAZA",16,1601,2024,87977,11,"Noviembre",87.977
"9588","PASTAZA","PASTAZA",16,1601,2024,87977,12,"Diciembre",87.977
"9589","PASTAZA","PASTAZA",16,1601,2025,89381,1,"Enero",89.381
"9590","PASTAZA","PASTAZA",16,1601,2025,89381,2,"Febrero",89.381
"9591","PASTAZA","PASTAZA",16,1601,2025,89381,3,"Marzo",89.381
"9592","PASTAZA","PASTAZA",16,1601,2025,89381,4,"Abril",89.381
"9593","PASTAZA","PASTAZA",16,1601,2025,89381,5,"Mayo",89.381
"9594","PASTAZA","PASTAZA",16,1601,2025,89381,6,"Junio",89.381
"9595","PASTAZA","PASTAZA",16,1601,2025,89381,7,"Julio",89.381
"9596","PASTAZA","PASTAZA",16,1601,2025,89381,8,"Agosto",89.381
"9597","PASTAZA","PASTAZA",16,1601,2025,89381,9,"Septiembre",89.381
"9598","PASTAZA","PASTAZA",16,1601,2025,89381,10,"Octubre",89.381
"9599","PASTAZA","PASTAZA",16,1601,2025,89381,11,"Noviembre",89.381
"9600","PASTAZA","PASTAZA",16,1601,2025,89381,12,"Diciembre",89.381
"9601","PASTAZA","MERA",16,1602,2021,15020,1,"Enero",15.02
"9602","PASTAZA","MERA",16,1602,2021,15020,2,"Febrero",15.02
"9603","PASTAZA","MERA",16,1602,2021,15020,3,"Marzo",15.02
"9604","PASTAZA","MERA",16,1602,2021,15020,4,"Abril",15.02
"9605","PASTAZA","MERA",16,1602,2021,15020,5,"Mayo",15.02
"9606","PASTAZA","MERA",16,1602,2021,15020,6,"Junio",15.02
"9607","PASTAZA","MERA",16,1602,2021,15020,7,"Julio",15.02
"9608","PASTAZA","MERA",16,1602,2021,15020,8,"Agosto",15.02
"9609","PASTAZA","MERA",16,1602,2021,15020,9,"Septiembre",15.02
"9610","PASTAZA","MERA",16,1602,2021,15020,10,"Octubre",15.02
"9611","PASTAZA","MERA",16,1602,2021,15020,11,"Noviembre",15.02
"9612","PASTAZA","MERA",16,1602,2021,15020,12,"Diciembre",15.02
"9613","PASTAZA","MERA",16,1602,2022,15278,1,"Enero",15.278
"9614","PASTAZA","MERA",16,1602,2022,15278,2,"Febrero",15.278
"9615","PASTAZA","MERA",16,1602,2022,15278,3,"Marzo",15.278
"9616","PASTAZA","MERA",16,1602,2022,15278,4,"Abril",15.278
"9617","PASTAZA","MERA",16,1602,2022,15278,5,"Mayo",15.278
"9618","PASTAZA","MERA",16,1602,2022,15278,6,"Junio",15.278
"9619","PASTAZA","MERA",16,1602,2022,15278,7,"Julio",15.278
"9620","PASTAZA","MERA",16,1602,2022,15278,8,"Agosto",15.278
"9621","PASTAZA","MERA",16,1602,2022,15278,9,"Septiembre",15.278
"9622","PASTAZA","MERA",16,1602,2022,15278,10,"Octubre",15.278
"9623","PASTAZA","MERA",16,1602,2022,15278,11,"Noviembre",15.278
"9624","PASTAZA","MERA",16,1602,2022,15278,12,"Diciembre",15.278
"9625","PASTAZA","MERA",16,1602,2023,15520,1,"Enero",15.52
"9626","PASTAZA","MERA",16,1602,2023,15520,2,"Febrero",15.52
"9627","PASTAZA","MERA",16,1602,2023,15520,3,"Marzo",15.52
"9628","PASTAZA","MERA",16,1602,2023,15520,4,"Abril",15.52
"9629","PASTAZA","MERA",16,1602,2023,15520,5,"Mayo",15.52
"9630","PASTAZA","MERA",16,1602,2023,15520,6,"Junio",15.52
"9631","PASTAZA","MERA",16,1602,2023,15520,7,"Julio",15.52
"9632","PASTAZA","MERA",16,1602,2023,15520,8,"Agosto",15.52
"9633","PASTAZA","MERA",16,1602,2023,15520,9,"Septiembre",15.52
"9634","PASTAZA","MERA",16,1602,2023,15520,10,"Octubre",15.52
"9635","PASTAZA","MERA",16,1602,2023,15520,11,"Noviembre",15.52
"9636","PASTAZA","MERA",16,1602,2023,15520,12,"Diciembre",15.52
"9637","PASTAZA","MERA",16,1602,2024,15745,1,"Enero",15.745
"9638","PASTAZA","MERA",16,1602,2024,15745,2,"Febrero",15.745
"9639","PASTAZA","MERA",16,1602,2024,15745,3,"Marzo",15.745
"9640","PASTAZA","MERA",16,1602,2024,15745,4,"Abril",15.745
"9641","PASTAZA","MERA",16,1602,2024,15745,5,"Mayo",15.745
"9642","PASTAZA","MERA",16,1602,2024,15745,6,"Junio",15.745
"9643","PASTAZA","MERA",16,1602,2024,15745,7,"Julio",15.745
"9644","PASTAZA","MERA",16,1602,2024,15745,8,"Agosto",15.745
"9645","PASTAZA","MERA",16,1602,2024,15745,9,"Septiembre",15.745
"9646","PASTAZA","MERA",16,1602,2024,15745,10,"Octubre",15.745
"9647","PASTAZA","MERA",16,1602,2024,15745,11,"Noviembre",15.745
"9648","PASTAZA","MERA",16,1602,2024,15745,12,"Diciembre",15.745
"9649","PASTAZA","MERA",16,1602,2025,15960,1,"Enero",15.96
"9650","PASTAZA","MERA",16,1602,2025,15960,2,"Febrero",15.96
"9651","PASTAZA","MERA",16,1602,2025,15960,3,"Marzo",15.96
"9652","PASTAZA","MERA",16,1602,2025,15960,4,"Abril",15.96
"9653","PASTAZA","MERA",16,1602,2025,15960,5,"Mayo",15.96
"9654","PASTAZA","MERA",16,1602,2025,15960,6,"Junio",15.96
"9655","PASTAZA","MERA",16,1602,2025,15960,7,"Julio",15.96
"9656","PASTAZA","MERA",16,1602,2025,15960,8,"Agosto",15.96
"9657","PASTAZA","MERA",16,1602,2025,15960,9,"Septiembre",15.96
"9658","PASTAZA","MERA",16,1602,2025,15960,10,"Octubre",15.96
"9659","PASTAZA","MERA",16,1602,2025,15960,11,"Noviembre",15.96
"9660","PASTAZA","MERA",16,1602,2025,15960,12,"Diciembre",15.96
"9661","PASTAZA","SANTA CLARA",16,1603,2021,4548,1,"Enero",4.548
"9662","PASTAZA","SANTA CLARA",16,1603,2021,4548,2,"Febrero",4.548
"9663","PASTAZA","SANTA CLARA",16,1603,2021,4548,3,"Marzo",4.548
"9664","PASTAZA","SANTA CLARA",16,1603,2021,4548,4,"Abril",4.548
"9665","PASTAZA","SANTA CLARA",16,1603,2021,4548,5,"Mayo",4.548
"9666","PASTAZA","SANTA CLARA",16,1603,2021,4548,6,"Junio",4.548
"9667","PASTAZA","SANTA CLARA",16,1603,2021,4548,7,"Julio",4.548
"9668","PASTAZA","SANTA CLARA",16,1603,2021,4548,8,"Agosto",4.548
"9669","PASTAZA","SANTA CLARA",16,1603,2021,4548,9,"Septiembre",4.548
"9670","PASTAZA","SANTA CLARA",16,1603,2021,4548,10,"Octubre",4.548
"9671","PASTAZA","SANTA CLARA",16,1603,2021,4548,11,"Noviembre",4.548
"9672","PASTAZA","SANTA CLARA",16,1603,2021,4548,12,"Diciembre",4.548
"9673","PASTAZA","SANTA CLARA",16,1603,2022,4602,1,"Enero",4.602
"9674","PASTAZA","SANTA CLARA",16,1603,2022,4602,2,"Febrero",4.602
"9675","PASTAZA","SANTA CLARA",16,1603,2022,4602,3,"Marzo",4.602
"9676","PASTAZA","SANTA CLARA",16,1603,2022,4602,4,"Abril",4.602
"9677","PASTAZA","SANTA CLARA",16,1603,2022,4602,5,"Mayo",4.602
"9678","PASTAZA","SANTA CLARA",16,1603,2022,4602,6,"Junio",4.602
"9679","PASTAZA","SANTA CLARA",16,1603,2022,4602,7,"Julio",4.602
"9680","PASTAZA","SANTA CLARA",16,1603,2022,4602,8,"Agosto",4.602
"9681","PASTAZA","SANTA CLARA",16,1603,2022,4602,9,"Septiembre",4.602
"9682","PASTAZA","SANTA CLARA",16,1603,2022,4602,10,"Octubre",4.602
"9683","PASTAZA","SANTA CLARA",16,1603,2022,4602,11,"Noviembre",4.602
"9684","PASTAZA","SANTA CLARA",16,1603,2022,4602,12,"Diciembre",4.602
"9685","PASTAZA","SANTA CLARA",16,1603,2023,4653,1,"Enero",4.653
"9686","PASTAZA","SANTA CLARA",16,1603,2023,4653,2,"Febrero",4.653
"9687","PASTAZA","SANTA CLARA",16,1603,2023,4653,3,"Marzo",4.653
"9688","PASTAZA","SANTA CLARA",16,1603,2023,4653,4,"Abril",4.653
"9689","PASTAZA","SANTA CLARA",16,1603,2023,4653,5,"Mayo",4.653
"9690","PASTAZA","SANTA CLARA",16,1603,2023,4653,6,"Junio",4.653
"9691","PASTAZA","SANTA CLARA",16,1603,2023,4653,7,"Julio",4.653
"9692","PASTAZA","SANTA CLARA",16,1603,2023,4653,8,"Agosto",4.653
"9693","PASTAZA","SANTA CLARA",16,1603,2023,4653,9,"Septiembre",4.653
"9694","PASTAZA","SANTA CLARA",16,1603,2023,4653,10,"Octubre",4.653
"9695","PASTAZA","SANTA CLARA",16,1603,2023,4653,11,"Noviembre",4.653
"9696","PASTAZA","SANTA CLARA",16,1603,2023,4653,12,"Diciembre",4.653
"9697","PASTAZA","SANTA CLARA",16,1603,2024,4699,1,"Enero",4.699
"9698","PASTAZA","SANTA CLARA",16,1603,2024,4699,2,"Febrero",4.699
"9699","PASTAZA","SANTA CLARA",16,1603,2024,4699,3,"Marzo",4.699
"9700","PASTAZA","SANTA CLARA",16,1603,2024,4699,4,"Abril",4.699
"9701","PASTAZA","SANTA CLARA",16,1603,2024,4699,5,"Mayo",4.699
"9702","PASTAZA","SANTA CLARA",16,1603,2024,4699,6,"Junio",4.699
"9703","PASTAZA","SANTA CLARA",16,1603,2024,4699,7,"Julio",4.699
"9704","PASTAZA","SANTA CLARA",16,1603,2024,4699,8,"Agosto",4.699
"9705","PASTAZA","SANTA CLARA",16,1603,2024,4699,9,"Septiembre",4.699
"9706","PASTAZA","SANTA CLARA",16,1603,2024,4699,10,"Octubre",4.699
"9707","PASTAZA","SANTA CLARA",16,1603,2024,4699,11,"Noviembre",4.699
"9708","PASTAZA","SANTA CLARA",16,1603,2024,4699,12,"Diciembre",4.699
"9709","PASTAZA","SANTA CLARA",16,1603,2025,4743,1,"Enero",4.743
"9710","PASTAZA","SANTA CLARA",16,1603,2025,4743,2,"Febrero",4.743
"9711","PASTAZA","SANTA CLARA",16,1603,2025,4743,3,"Marzo",4.743
"9712","PASTAZA","SANTA CLARA",16,1603,2025,4743,4,"Abril",4.743
"9713","PASTAZA","SANTA CLARA",16,1603,2025,4743,5,"Mayo",4.743
"9714","PASTAZA","SANTA CLARA",16,1603,2025,4743,6,"Junio",4.743
"9715","PASTAZA","SANTA CLARA",16,1603,2025,4743,7,"Julio",4.743
"9716","PASTAZA","SANTA CLARA",16,1603,2025,4743,8,"Agosto",4.743
"9717","PASTAZA","SANTA CLARA",16,1603,2025,4743,9,"Septiembre",4.743
"9718","PASTAZA","SANTA CLARA",16,1603,2025,4743,10,"Octubre",4.743
"9719","PASTAZA","SANTA CLARA",16,1603,2025,4743,11,"Noviembre",4.743
"9720","PASTAZA","SANTA CLARA",16,1603,2025,4743,12,"Diciembre",4.743
"9721","PASTAZA","ARAJUNO",16,1604,2021,9850,1,"Enero",9.85
"9722","PASTAZA","ARAJUNO",16,1604,2021,9850,2,"Febrero",9.85
"9723","PASTAZA","ARAJUNO",16,1604,2021,9850,3,"Marzo",9.85
"9724","PASTAZA","ARAJUNO",16,1604,2021,9850,4,"Abril",9.85
"9725","PASTAZA","ARAJUNO",16,1604,2021,9850,5,"Mayo",9.85
"9726","PASTAZA","ARAJUNO",16,1604,2021,9850,6,"Junio",9.85
"9727","PASTAZA","ARAJUNO",16,1604,2021,9850,7,"Julio",9.85
"9728","PASTAZA","ARAJUNO",16,1604,2021,9850,8,"Agosto",9.85
"9729","PASTAZA","ARAJUNO",16,1604,2021,9850,9,"Septiembre",9.85
"9730","PASTAZA","ARAJUNO",16,1604,2021,9850,10,"Octubre",9.85
"9731","PASTAZA","ARAJUNO",16,1604,2021,9850,11,"Noviembre",9.85
"9732","PASTAZA","ARAJUNO",16,1604,2021,9850,12,"Diciembre",9.85
"9733","PASTAZA","ARAJUNO",16,1604,2022,10113,1,"Enero",10.113
"9734","PASTAZA","ARAJUNO",16,1604,2022,10113,2,"Febrero",10.113
"9735","PASTAZA","ARAJUNO",16,1604,2022,10113,3,"Marzo",10.113
"9736","PASTAZA","ARAJUNO",16,1604,2022,10113,4,"Abril",10.113
"9737","PASTAZA","ARAJUNO",16,1604,2022,10113,5,"Mayo",10.113
"9738","PASTAZA","ARAJUNO",16,1604,2022,10113,6,"Junio",10.113
"9739","PASTAZA","ARAJUNO",16,1604,2022,10113,7,"Julio",10.113
"9740","PASTAZA","ARAJUNO",16,1604,2022,10113,8,"Agosto",10.113
"9741","PASTAZA","ARAJUNO",16,1604,2022,10113,9,"Septiembre",10.113
"9742","PASTAZA","ARAJUNO",16,1604,2022,10113,10,"Octubre",10.113
"9743","PASTAZA","ARAJUNO",16,1604,2022,10113,11,"Noviembre",10.113
"9744","PASTAZA","ARAJUNO",16,1604,2022,10113,12,"Diciembre",10.113
"9745","PASTAZA","ARAJUNO",16,1604,2023,10367,1,"Enero",10.367
"9746","PASTAZA","ARAJUNO",16,1604,2023,10367,2,"Febrero",10.367
"9747","PASTAZA","ARAJUNO",16,1604,2023,10367,3,"Marzo",10.367
"9748","PASTAZA","ARAJUNO",16,1604,2023,10367,4,"Abril",10.367
"9749","PASTAZA","ARAJUNO",16,1604,2023,10367,5,"Mayo",10.367
"9750","PASTAZA","ARAJUNO",16,1604,2023,10367,6,"Junio",10.367
"9751","PASTAZA","ARAJUNO",16,1604,2023,10367,7,"Julio",10.367
"9752","PASTAZA","ARAJUNO",16,1604,2023,10367,8,"Agosto",10.367
"9753","PASTAZA","ARAJUNO",16,1604,2023,10367,9,"Septiembre",10.367
"9754","PASTAZA","ARAJUNO",16,1604,2023,10367,10,"Octubre",10.367
"9755","PASTAZA","ARAJUNO",16,1604,2023,10367,11,"Noviembre",10.367
"9756","PASTAZA","ARAJUNO",16,1604,2023,10367,12,"Diciembre",10.367
"9757","PASTAZA","ARAJUNO",16,1604,2024,10611,1,"Enero",10.611
"9758","PASTAZA","ARAJUNO",16,1604,2024,10611,2,"Febrero",10.611
"9759","PASTAZA","ARAJUNO",16,1604,2024,10611,3,"Marzo",10.611
"9760","PASTAZA","ARAJUNO",16,1604,2024,10611,4,"Abril",10.611
"9761","PASTAZA","ARAJUNO",16,1604,2024,10611,5,"Mayo",10.611
"9762","PASTAZA","ARAJUNO",16,1604,2024,10611,6,"Junio",10.611
"9763","PASTAZA","ARAJUNO",16,1604,2024,10611,7,"Julio",10.611
"9764","PASTAZA","ARAJUNO",16,1604,2024,10611,8,"Agosto",10.611
"9765","PASTAZA","ARAJUNO",16,1604,2024,10611,9,"Septiembre",10.611
"9766","PASTAZA","ARAJUNO",16,1604,2024,10611,10,"Octubre",10.611
"9767","PASTAZA","ARAJUNO",16,1604,2024,10611,11,"Noviembre",10.611
"9768","PASTAZA","ARAJUNO",16,1604,2024,10611,12,"Diciembre",10.611
"9769","PASTAZA","ARAJUNO",16,1604,2025,10848,1,"Enero",10.848
"9770","PASTAZA","ARAJUNO",16,1604,2025,10848,2,"Febrero",10.848
"9771","PASTAZA","ARAJUNO",16,1604,2025,10848,3,"Marzo",10.848
"9772","PASTAZA","ARAJUNO",16,1604,2025,10848,4,"Abril",10.848
"9773","PASTAZA","ARAJUNO",16,1604,2025,10848,5,"Mayo",10.848
"9774","PASTAZA","ARAJUNO",16,1604,2025,10848,6,"Junio",10.848
"9775","PASTAZA","ARAJUNO",16,1604,2025,10848,7,"Julio",10.848
"9776","PASTAZA","ARAJUNO",16,1604,2025,10848,8,"Agosto",10.848
"9777","PASTAZA","ARAJUNO",16,1604,2025,10848,9,"Septiembre",10.848
"9778","PASTAZA","ARAJUNO",16,1604,2025,10848,10,"Octubre",10.848
"9779","PASTAZA","ARAJUNO",16,1604,2025,10848,11,"Noviembre",10.848
"9780","PASTAZA","ARAJUNO",16,1604,2025,10848,12,"Diciembre",10.848
"9781","PICHINCHA","CAYAMBE",17,1702,2021,110238,1,"Enero",110.238
"9782","PICHINCHA","CAYAMBE",17,1702,2021,110238,2,"Febrero",110.238
"9783","PICHINCHA","CAYAMBE",17,1702,2021,110238,3,"Marzo",110.238
"9784","PICHINCHA","CAYAMBE",17,1702,2021,110238,4,"Abril",110.238
"9785","PICHINCHA","CAYAMBE",17,1702,2021,110238,5,"Mayo",110.238
"9786","PICHINCHA","CAYAMBE",17,1702,2021,110238,6,"Junio",110.238
"9787","PICHINCHA","CAYAMBE",17,1702,2021,110238,7,"Julio",110.238
"9788","PICHINCHA","CAYAMBE",17,1702,2021,110238,8,"Agosto",110.238
"9789","PICHINCHA","CAYAMBE",17,1702,2021,110238,9,"Septiembre",110.238
"9790","PICHINCHA","CAYAMBE",17,1702,2021,110238,10,"Octubre",110.238
"9791","PICHINCHA","CAYAMBE",17,1702,2021,110238,11,"Noviembre",110.238
"9792","PICHINCHA","CAYAMBE",17,1702,2021,110238,12,"Diciembre",110.238
"9793","PICHINCHA","CAYAMBE",17,1702,2022,110830,1,"Enero",110.83
"9794","PICHINCHA","CAYAMBE",17,1702,2022,110830,2,"Febrero",110.83
"9795","PICHINCHA","CAYAMBE",17,1702,2022,110830,3,"Marzo",110.83
"9796","PICHINCHA","CAYAMBE",17,1702,2022,110830,4,"Abril",110.83
"9797","PICHINCHA","CAYAMBE",17,1702,2022,110830,5,"Mayo",110.83
"9798","PICHINCHA","CAYAMBE",17,1702,2022,110830,6,"Junio",110.83
"9799","PICHINCHA","CAYAMBE",17,1702,2022,110830,7,"Julio",110.83
"9800","PICHINCHA","CAYAMBE",17,1702,2022,110830,8,"Agosto",110.83
"9801","PICHINCHA","CAYAMBE",17,1702,2022,110830,9,"Septiembre",110.83
"9802","PICHINCHA","CAYAMBE",17,1702,2022,110830,10,"Octubre",110.83
"9803","PICHINCHA","CAYAMBE",17,1702,2022,110830,11,"Noviembre",110.83
"9804","PICHINCHA","CAYAMBE",17,1702,2022,110830,12,"Diciembre",110.83
"9805","PICHINCHA","CAYAMBE",17,1702,2023,111595,1,"Enero",111.595
"9806","PICHINCHA","CAYAMBE",17,1702,2023,111595,2,"Febrero",111.595
"9807","PICHINCHA","CAYAMBE",17,1702,2023,111595,3,"Marzo",111.595
"9808","PICHINCHA","CAYAMBE",17,1702,2023,111595,4,"Abril",111.595
"9809","PICHINCHA","CAYAMBE",17,1702,2023,111595,5,"Mayo",111.595
"9810","PICHINCHA","CAYAMBE",17,1702,2023,111595,6,"Junio",111.595
"9811","PICHINCHA","CAYAMBE",17,1702,2023,111595,7,"Julio",111.595
"9812","PICHINCHA","CAYAMBE",17,1702,2023,111595,8,"Agosto",111.595
"9813","PICHINCHA","CAYAMBE",17,1702,2023,111595,9,"Septiembre",111.595
"9814","PICHINCHA","CAYAMBE",17,1702,2023,111595,10,"Octubre",111.595
"9815","PICHINCHA","CAYAMBE",17,1702,2023,111595,11,"Noviembre",111.595
"9816","PICHINCHA","CAYAMBE",17,1702,2023,111595,12,"Diciembre",111.595
"9817","PICHINCHA","CAYAMBE",17,1702,2024,112454,1,"Enero",112.454
"9818","PICHINCHA","CAYAMBE",17,1702,2024,112454,2,"Febrero",112.454
"9819","PICHINCHA","CAYAMBE",17,1702,2024,112454,3,"Marzo",112.454
"9820","PICHINCHA","CAYAMBE",17,1702,2024,112454,4,"Abril",112.454
"9821","PICHINCHA","CAYAMBE",17,1702,2024,112454,5,"Mayo",112.454
"9822","PICHINCHA","CAYAMBE",17,1702,2024,112454,6,"Junio",112.454
"9823","PICHINCHA","CAYAMBE",17,1702,2024,112454,7,"Julio",112.454
"9824","PICHINCHA","CAYAMBE",17,1702,2024,112454,8,"Agosto",112.454
"9825","PICHINCHA","CAYAMBE",17,1702,2024,112454,9,"Septiembre",112.454
"9826","PICHINCHA","CAYAMBE",17,1702,2024,112454,10,"Octubre",112.454
"9827","PICHINCHA","CAYAMBE",17,1702,2024,112454,11,"Noviembre",112.454
"9828","PICHINCHA","CAYAMBE",17,1702,2024,112454,12,"Diciembre",112.454
"9829","PICHINCHA","CAYAMBE",17,1702,2025,113328,1,"Enero",113.328
"9830","PICHINCHA","CAYAMBE",17,1702,2025,113328,2,"Febrero",113.328
"9831","PICHINCHA","CAYAMBE",17,1702,2025,113328,3,"Marzo",113.328
"9832","PICHINCHA","CAYAMBE",17,1702,2025,113328,4,"Abril",113.328
"9833","PICHINCHA","CAYAMBE",17,1702,2025,113328,5,"Mayo",113.328
"9834","PICHINCHA","CAYAMBE",17,1702,2025,113328,6,"Junio",113.328
"9835","PICHINCHA","CAYAMBE",17,1702,2025,113328,7,"Julio",113.328
"9836","PICHINCHA","CAYAMBE",17,1702,2025,113328,8,"Agosto",113.328
"9837","PICHINCHA","CAYAMBE",17,1702,2025,113328,9,"Septiembre",113.328
"9838","PICHINCHA","CAYAMBE",17,1702,2025,113328,10,"Octubre",113.328
"9839","PICHINCHA","CAYAMBE",17,1702,2025,113328,11,"Noviembre",113.328
"9840","PICHINCHA","CAYAMBE",17,1702,2025,113328,12,"Diciembre",113.328
"9841","PICHINCHA","MEJIA",17,1703,2021,104488,1,"Enero",104.488
"9842","PICHINCHA","MEJIA",17,1703,2021,104488,2,"Febrero",104.488
"9843","PICHINCHA","MEJIA",17,1703,2021,104488,3,"Marzo",104.488
"9844","PICHINCHA","MEJIA",17,1703,2021,104488,4,"Abril",104.488
"9845","PICHINCHA","MEJIA",17,1703,2021,104488,5,"Mayo",104.488
"9846","PICHINCHA","MEJIA",17,1703,2021,104488,6,"Junio",104.488
"9847","PICHINCHA","MEJIA",17,1703,2021,104488,7,"Julio",104.488
"9848","PICHINCHA","MEJIA",17,1703,2021,104488,8,"Agosto",104.488
"9849","PICHINCHA","MEJIA",17,1703,2021,104488,9,"Septiembre",104.488
"9850","PICHINCHA","MEJIA",17,1703,2021,104488,10,"Octubre",104.488
"9851","PICHINCHA","MEJIA",17,1703,2021,104488,11,"Noviembre",104.488
"9852","PICHINCHA","MEJIA",17,1703,2021,104488,12,"Diciembre",104.488
"9853","PICHINCHA","MEJIA",17,1703,2022,105317,1,"Enero",105.317
"9854","PICHINCHA","MEJIA",17,1703,2022,105317,2,"Febrero",105.317
"9855","PICHINCHA","MEJIA",17,1703,2022,105317,3,"Marzo",105.317
"9856","PICHINCHA","MEJIA",17,1703,2022,105317,4,"Abril",105.317
"9857","PICHINCHA","MEJIA",17,1703,2022,105317,5,"Mayo",105.317
"9858","PICHINCHA","MEJIA",17,1703,2022,105317,6,"Junio",105.317
"9859","PICHINCHA","MEJIA",17,1703,2022,105317,7,"Julio",105.317
"9860","PICHINCHA","MEJIA",17,1703,2022,105317,8,"Agosto",105.317
"9861","PICHINCHA","MEJIA",17,1703,2022,105317,9,"Septiembre",105.317
"9862","PICHINCHA","MEJIA",17,1703,2022,105317,10,"Octubre",105.317
"9863","PICHINCHA","MEJIA",17,1703,2022,105317,11,"Noviembre",105.317
"9864","PICHINCHA","MEJIA",17,1703,2022,105317,12,"Diciembre",105.317
"9865","PICHINCHA","MEJIA",17,1703,2023,106307,1,"Enero",106.307
"9866","PICHINCHA","MEJIA",17,1703,2023,106307,2,"Febrero",106.307
"9867","PICHINCHA","MEJIA",17,1703,2023,106307,3,"Marzo",106.307
"9868","PICHINCHA","MEJIA",17,1703,2023,106307,4,"Abril",106.307
"9869","PICHINCHA","MEJIA",17,1703,2023,106307,5,"Mayo",106.307
"9870","PICHINCHA","MEJIA",17,1703,2023,106307,6,"Junio",106.307
"9871","PICHINCHA","MEJIA",17,1703,2023,106307,7,"Julio",106.307
"9872","PICHINCHA","MEJIA",17,1703,2023,106307,8,"Agosto",106.307
"9873","PICHINCHA","MEJIA",17,1703,2023,106307,9,"Septiembre",106.307
"9874","PICHINCHA","MEJIA",17,1703,2023,106307,10,"Octubre",106.307
"9875","PICHINCHA","MEJIA",17,1703,2023,106307,11,"Noviembre",106.307
"9876","PICHINCHA","MEJIA",17,1703,2023,106307,12,"Diciembre",106.307
"9877","PICHINCHA","MEJIA",17,1703,2024,107385,1,"Enero",107.385
"9878","PICHINCHA","MEJIA",17,1703,2024,107385,2,"Febrero",107.385
"9879","PICHINCHA","MEJIA",17,1703,2024,107385,3,"Marzo",107.385
"9880","PICHINCHA","MEJIA",17,1703,2024,107385,4,"Abril",107.385
"9881","PICHINCHA","MEJIA",17,1703,2024,107385,5,"Mayo",107.385
"9882","PICHINCHA","MEJIA",17,1703,2024,107385,6,"Junio",107.385
"9883","PICHINCHA","MEJIA",17,1703,2024,107385,7,"Julio",107.385
"9884","PICHINCHA","MEJIA",17,1703,2024,107385,8,"Agosto",107.385
"9885","PICHINCHA","MEJIA",17,1703,2024,107385,9,"Septiembre",107.385
"9886","PICHINCHA","MEJIA",17,1703,2024,107385,10,"Octubre",107.385
"9887","PICHINCHA","MEJIA",17,1703,2024,107385,11,"Noviembre",107.385
"9888","PICHINCHA","MEJIA",17,1703,2024,107385,12,"Diciembre",107.385
"9889","PICHINCHA","MEJIA",17,1703,2025,108478,1,"Enero",108.478
"9890","PICHINCHA","MEJIA",17,1703,2025,108478,2,"Febrero",108.478
"9891","PICHINCHA","MEJIA",17,1703,2025,108478,3,"Marzo",108.478
"9892","PICHINCHA","MEJIA",17,1703,2025,108478,4,"Abril",108.478
"9893","PICHINCHA","MEJIA",17,1703,2025,108478,5,"Mayo",108.478
"9894","PICHINCHA","MEJIA",17,1703,2025,108478,6,"Junio",108.478
"9895","PICHINCHA","MEJIA",17,1703,2025,108478,7,"Julio",108.478
"9896","PICHINCHA","MEJIA",17,1703,2025,108478,8,"Agosto",108.478
"9897","PICHINCHA","MEJIA",17,1703,2025,108478,9,"Septiembre",108.478
"9898","PICHINCHA","MEJIA",17,1703,2025,108478,10,"Octubre",108.478
"9899","PICHINCHA","MEJIA",17,1703,2025,108478,11,"Noviembre",108.478
"9900","PICHINCHA","MEJIA",17,1703,2025,108478,12,"Diciembre",108.478
"9901","PICHINCHA","PEDRO MONCAYO",17,1704,2021,42102,1,"Enero",42.102
"9902","PICHINCHA","PEDRO MONCAYO",17,1704,2021,42102,2,"Febrero",42.102
"9903","PICHINCHA","PEDRO MONCAYO",17,1704,2021,42102,3,"Marzo",42.102
"9904","PICHINCHA","PEDRO MONCAYO",17,1704,2021,42102,4,"Abril",42.102
"9905","PICHINCHA","PEDRO MONCAYO",17,1704,2021,42102,5,"Mayo",42.102
"9906","PICHINCHA","PEDRO MONCAYO",17,1704,2021,42102,6,"Junio",42.102
"9907","PICHINCHA","PEDRO MONCAYO",17,1704,2021,42102,7,"Julio",42.102
"9908","PICHINCHA","PEDRO MONCAYO",17,1704,2021,42102,8,"Agosto",42.102
"9909","PICHINCHA","PEDRO MONCAYO",17,1704,2021,42102,9,"Septiembre",42.102
"9910","PICHINCHA","PEDRO MONCAYO",17,1704,2021,42102,10,"Octubre",42.102
"9911","PICHINCHA","PEDRO MONCAYO",17,1704,2021,42102,11,"Noviembre",42.102
"9912","PICHINCHA","PEDRO MONCAYO",17,1704,2021,42102,12,"Diciembre",42.102
"9913","PICHINCHA","PEDRO MONCAYO",17,1704,2022,42425,1,"Enero",42.425
"9914","PICHINCHA","PEDRO MONCAYO",17,1704,2022,42425,2,"Febrero",42.425
"9915","PICHINCHA","PEDRO MONCAYO",17,1704,2022,42425,3,"Marzo",42.425
"9916","PICHINCHA","PEDRO MONCAYO",17,1704,2022,42425,4,"Abril",42.425
"9917","PICHINCHA","PEDRO MONCAYO",17,1704,2022,42425,5,"Mayo",42.425
"9918","PICHINCHA","PEDRO MONCAYO",17,1704,2022,42425,6,"Junio",42.425
"9919","PICHINCHA","PEDRO MONCAYO",17,1704,2022,42425,7,"Julio",42.425
"9920","PICHINCHA","PEDRO MONCAYO",17,1704,2022,42425,8,"Agosto",42.425
"9921","PICHINCHA","PEDRO MONCAYO",17,1704,2022,42425,9,"Septiembre",42.425
"9922","PICHINCHA","PEDRO MONCAYO",17,1704,2022,42425,10,"Octubre",42.425
"9923","PICHINCHA","PEDRO MONCAYO",17,1704,2022,42425,11,"Noviembre",42.425
"9924","PICHINCHA","PEDRO MONCAYO",17,1704,2022,42425,12,"Diciembre",42.425
"9925","PICHINCHA","PEDRO MONCAYO",17,1704,2023,42814,1,"Enero",42.814
"9926","PICHINCHA","PEDRO MONCAYO",17,1704,2023,42814,2,"Febrero",42.814
"9927","PICHINCHA","PEDRO MONCAYO",17,1704,2023,42814,3,"Marzo",42.814
"9928","PICHINCHA","PEDRO MONCAYO",17,1704,2023,42814,4,"Abril",42.814
"9929","PICHINCHA","PEDRO MONCAYO",17,1704,2023,42814,5,"Mayo",42.814
"9930","PICHINCHA","PEDRO MONCAYO",17,1704,2023,42814,6,"Junio",42.814
"9931","PICHINCHA","PEDRO MONCAYO",17,1704,2023,42814,7,"Julio",42.814
"9932","PICHINCHA","PEDRO MONCAYO",17,1704,2023,42814,8,"Agosto",42.814
"9933","PICHINCHA","PEDRO MONCAYO",17,1704,2023,42814,9,"Septiembre",42.814
"9934","PICHINCHA","PEDRO MONCAYO",17,1704,2023,42814,10,"Octubre",42.814
"9935","PICHINCHA","PEDRO MONCAYO",17,1704,2023,42814,11,"Noviembre",42.814
"9936","PICHINCHA","PEDRO MONCAYO",17,1704,2023,42814,12,"Diciembre",42.814
"9937","PICHINCHA","PEDRO MONCAYO",17,1704,2024,43238,1,"Enero",43.238
"9938","PICHINCHA","PEDRO MONCAYO",17,1704,2024,43238,2,"Febrero",43.238
"9939","PICHINCHA","PEDRO MONCAYO",17,1704,2024,43238,3,"Marzo",43.238
"9940","PICHINCHA","PEDRO MONCAYO",17,1704,2024,43238,4,"Abril",43.238
"9941","PICHINCHA","PEDRO MONCAYO",17,1704,2024,43238,5,"Mayo",43.238
"9942","PICHINCHA","PEDRO MONCAYO",17,1704,2024,43238,6,"Junio",43.238
"9943","PICHINCHA","PEDRO MONCAYO",17,1704,2024,43238,7,"Julio",43.238
"9944","PICHINCHA","PEDRO MONCAYO",17,1704,2024,43238,8,"Agosto",43.238
"9945","PICHINCHA","PEDRO MONCAYO",17,1704,2024,43238,9,"Septiembre",43.238
"9946","PICHINCHA","PEDRO MONCAYO",17,1704,2024,43238,10,"Octubre",43.238
"9947","PICHINCHA","PEDRO MONCAYO",17,1704,2024,43238,11,"Noviembre",43.238
"9948","PICHINCHA","PEDRO MONCAYO",17,1704,2024,43238,12,"Diciembre",43.238
"9949","PICHINCHA","PEDRO MONCAYO",17,1704,2025,43669,1,"Enero",43.669
"9950","PICHINCHA","PEDRO MONCAYO",17,1704,2025,43669,2,"Febrero",43.669
"9951","PICHINCHA","PEDRO MONCAYO",17,1704,2025,43669,3,"Marzo",43.669
"9952","PICHINCHA","PEDRO MONCAYO",17,1704,2025,43669,4,"Abril",43.669
"9953","PICHINCHA","PEDRO MONCAYO",17,1704,2025,43669,5,"Mayo",43.669
"9954","PICHINCHA","PEDRO MONCAYO",17,1704,2025,43669,6,"Junio",43.669
"9955","PICHINCHA","PEDRO MONCAYO",17,1704,2025,43669,7,"Julio",43.669
"9956","PICHINCHA","PEDRO MONCAYO",17,1704,2025,43669,8,"Agosto",43.669
"9957","PICHINCHA","PEDRO MONCAYO",17,1704,2025,43669,9,"Septiembre",43.669
"9958","PICHINCHA","PEDRO MONCAYO",17,1704,2025,43669,10,"Octubre",43.669
"9959","PICHINCHA","PEDRO MONCAYO",17,1704,2025,43669,11,"Noviembre",43.669
"9960","PICHINCHA","PEDRO MONCAYO",17,1704,2025,43669,12,"Diciembre",43.669
"9961","PICHINCHA","RUMIÑAHUI",17,1705,2021,110646,1,"Enero",110.646
"9962","PICHINCHA","RUMIÑAHUI",17,1705,2021,110646,2,"Febrero",110.646
"9963","PICHINCHA","RUMIÑAHUI",17,1705,2021,110646,3,"Marzo",110.646
"9964","PICHINCHA","RUMIÑAHUI",17,1705,2021,110646,4,"Abril",110.646
"9965","PICHINCHA","RUMIÑAHUI",17,1705,2021,110646,5,"Mayo",110.646
"9966","PICHINCHA","RUMIÑAHUI",17,1705,2021,110646,6,"Junio",110.646
"9967","PICHINCHA","RUMIÑAHUI",17,1705,2021,110646,7,"Julio",110.646
"9968","PICHINCHA","RUMIÑAHUI",17,1705,2021,110646,8,"Agosto",110.646
"9969","PICHINCHA","RUMIÑAHUI",17,1705,2021,110646,9,"Septiembre",110.646
"9970","PICHINCHA","RUMIÑAHUI",17,1705,2021,110646,10,"Octubre",110.646
"9971","PICHINCHA","RUMIÑAHUI",17,1705,2021,110646,11,"Noviembre",110.646
"9972","PICHINCHA","RUMIÑAHUI",17,1705,2021,110646,12,"Diciembre",110.646
"9973","PICHINCHA","RUMIÑAHUI",17,1705,2022,111420,1,"Enero",111.42
"9974","PICHINCHA","RUMIÑAHUI",17,1705,2022,111420,2,"Febrero",111.42
"9975","PICHINCHA","RUMIÑAHUI",17,1705,2022,111420,3,"Marzo",111.42
"9976","PICHINCHA","RUMIÑAHUI",17,1705,2022,111420,4,"Abril",111.42
"9977","PICHINCHA","RUMIÑAHUI",17,1705,2022,111420,5,"Mayo",111.42
"9978","PICHINCHA","RUMIÑAHUI",17,1705,2022,111420,6,"Junio",111.42
"9979","PICHINCHA","RUMIÑAHUI",17,1705,2022,111420,7,"Julio",111.42
"9980","PICHINCHA","RUMIÑAHUI",17,1705,2022,111420,8,"Agosto",111.42
"9981","PICHINCHA","RUMIÑAHUI",17,1705,2022,111420,9,"Septiembre",111.42
"9982","PICHINCHA","RUMIÑAHUI",17,1705,2022,111420,10,"Octubre",111.42
"9983","PICHINCHA","RUMIÑAHUI",17,1705,2022,111420,11,"Noviembre",111.42
"9984","PICHINCHA","RUMIÑAHUI",17,1705,2022,111420,12,"Diciembre",111.42
"9985","PICHINCHA","RUMIÑAHUI",17,1705,2023,112367,1,"Enero",112.367
"9986","PICHINCHA","RUMIÑAHUI",17,1705,2023,112367,2,"Febrero",112.367
"9987","PICHINCHA","RUMIÑAHUI",17,1705,2023,112367,3,"Marzo",112.367
"9988","PICHINCHA","RUMIÑAHUI",17,1705,2023,112367,4,"Abril",112.367
"9989","PICHINCHA","RUMIÑAHUI",17,1705,2023,112367,5,"Mayo",112.367
"9990","PICHINCHA","RUMIÑAHUI",17,1705,2023,112367,6,"Junio",112.367
"9991","PICHINCHA","RUMIÑAHUI",17,1705,2023,112367,7,"Julio",112.367
"9992","PICHINCHA","RUMIÑAHUI",17,1705,2023,112367,8,"Agosto",112.367
"9993","PICHINCHA","RUMIÑAHUI",17,1705,2023,112367,9,"Septiembre",112.367
"9994","PICHINCHA","RUMIÑAHUI",17,1705,2023,112367,10,"Octubre",112.367
"9995","PICHINCHA","RUMIÑAHUI",17,1705,2023,112367,11,"Noviembre",112.367
"9996","PICHINCHA","RUMIÑAHUI",17,1705,2023,112367,12,"Diciembre",112.367
"9997","PICHINCHA","RUMIÑAHUI",17,1705,2024,113409,1,"Enero",113.409
"9998","PICHINCHA","RUMIÑAHUI",17,1705,2024,113409,2,"Febrero",113.409
"9999","PICHINCHA","RUMIÑAHUI",17,1705,2024,113409,3,"Marzo",113.409
"10000","PICHINCHA","RUMIÑAHUI",17,1705,2024,113409,4,"Abril",113.409
"10001","PICHINCHA","RUMIÑAHUI",17,1705,2024,113409,5,"Mayo",113.409
"10002","PICHINCHA","RUMIÑAHUI",17,1705,2024,113409,6,"Junio",113.409
"10003","PICHINCHA","RUMIÑAHUI",17,1705,2024,113409,7,"Julio",113.409
"10004","PICHINCHA","RUMIÑAHUI",17,1705,2024,113409,8,"Agosto",113.409
"10005","PICHINCHA","RUMIÑAHUI",17,1705,2024,113409,9,"Septiembre",113.409
"10006","PICHINCHA","RUMIÑAHUI",17,1705,2024,113409,10,"Octubre",113.409
"10007","PICHINCHA","RUMIÑAHUI",17,1705,2024,113409,11,"Noviembre",113.409
"10008","PICHINCHA","RUMIÑAHUI",17,1705,2024,113409,12,"Diciembre",113.409
"10009","PICHINCHA","RUMIÑAHUI",17,1705,2025,114467,1,"Enero",114.467
"10010","PICHINCHA","RUMIÑAHUI",17,1705,2025,114467,2,"Febrero",114.467
"10011","PICHINCHA","RUMIÑAHUI",17,1705,2025,114467,3,"Marzo",114.467
"10012","PICHINCHA","RUMIÑAHUI",17,1705,2025,114467,4,"Abril",114.467
"10013","PICHINCHA","RUMIÑAHUI",17,1705,2025,114467,5,"Mayo",114.467
"10014","PICHINCHA","RUMIÑAHUI",17,1705,2025,114467,6,"Junio",114.467
"10015","PICHINCHA","RUMIÑAHUI",17,1705,2025,114467,7,"Julio",114.467
"10016","PICHINCHA","RUMIÑAHUI",17,1705,2025,114467,8,"Agosto",114.467
"10017","PICHINCHA","RUMIÑAHUI",17,1705,2025,114467,9,"Septiembre",114.467
"10018","PICHINCHA","RUMIÑAHUI",17,1705,2025,114467,10,"Octubre",114.467
"10019","PICHINCHA","RUMIÑAHUI",17,1705,2025,114467,11,"Noviembre",114.467
"10020","PICHINCHA","RUMIÑAHUI",17,1705,2025,114467,12,"Diciembre",114.467
"10021","PICHINCHA","SAN MIGUEL DE LOS BANCOS",17,1707,2021,14964,1,"Enero",14.964
"10022","PICHINCHA","SAN MIGUEL DE LOS BANCOS",17,1707,2021,14964,2,"Febrero",14.964
"10023","PICHINCHA","SAN MIGUEL DE LOS BANCOS",17,1707,2021,14964,3,"Marzo",14.964
"10024","PICHINCHA","SAN MIGUEL DE LOS BANCOS",17,1707,2021,14964,4,"Abril",14.964
"10025","PICHINCHA","SAN MIGUEL DE LOS BANCOS",17,1707,2021,14964,5,"Mayo",14.964
"10026","PICHINCHA","SAN MIGUEL DE LOS BANCOS",17,1707,2021,14964,6,"Junio",14.964
"10027","PICHINCHA","SAN MIGUEL DE LOS BANCOS",17,1707,2021,14964,7,"Julio",14.964
"10028","PICHINCHA","SAN MIGUEL DE LOS BANCOS",17,1707,2021,14964,8,"Agosto",14.964
"10029","PICHINCHA","SAN MIGUEL DE LOS BANCOS",17,1707,2021,14964,9,"Septiembre",14.964
"10030","PICHINCHA","SAN MIGUEL DE LOS BANCOS",17,1707,2021,14964,10,"Octubre",14.964
"10031","PICHINCHA","SAN MIGUEL DE LOS BANCOS",17,1707,2021,14964,11,"Noviembre",14.964
"10032","PICHINCHA","SAN MIGUEL DE LOS BANCOS",17,1707,2021,14964,12,"Diciembre",14.964
"10033","PICHINCHA","SAN MIGUEL DE LOS BANCOS",17,1707,2022,14647,1,"Enero",14.647
"10034","PICHINCHA","SAN MIGUEL DE LOS BANCOS",17,1707,2022,14647,2,"Febrero",14.647
"10035","PICHINCHA","SAN MIGUEL DE LOS BANCOS",17,1707,2022,14647,3,"Marzo",14.647
"10036","PICHINCHA","SAN MIGUEL DE LOS BANCOS",17,1707,2022,14647,4,"Abril",14.647
"10037","PICHINCHA","SAN MIGUEL DE LOS BANCOS",17,1707,2022,14647,5,"Mayo",14.647
"10038","PICHINCHA","SAN MIGUEL DE LOS BANCOS",17,1707,2022,14647,6,"Junio",14.647
"10039","PICHINCHA","SAN MIGUEL DE LOS BANCOS",17,1707,2022,14647,7,"Julio",14.647
"10040","PICHINCHA","SAN MIGUEL DE LOS BANCOS",17,1707,2022,14647,8,"Agosto",14.647
"10041","PICHINCHA","SAN MIGUEL DE LOS BANCOS",17,1707,2022,14647,9,"Septiembre",14.647
"10042","PICHINCHA","SAN MIGUEL DE LOS BANCOS",17,1707,2022,14647,10,"Octubre",14.647
"10043","PICHINCHA","SAN MIGUEL DE LOS BANCOS",17,1707,2022,14647,11,"Noviembre",14.647
"10044","PICHINCHA","SAN MIGUEL DE LOS BANCOS",17,1707,2022,14647,12,"Diciembre",14.647
"10045","PICHINCHA","SAN MIGUEL DE LOS BANCOS",17,1707,2023,14411,1,"Enero",14.411
"10046","PICHINCHA","SAN MIGUEL DE LOS BANCOS",17,1707,2023,14411,2,"Febrero",14.411
"10047","PICHINCHA","SAN MIGUEL DE LOS BANCOS",17,1707,2023,14411,3,"Marzo",14.411
"10048","PICHINCHA","SAN MIGUEL DE LOS BANCOS",17,1707,2023,14411,4,"Abril",14.411
"10049","PICHINCHA","SAN MIGUEL DE LOS BANCOS",17,1707,2023,14411,5,"Mayo",14.411
"10050","PICHINCHA","SAN MIGUEL DE LOS BANCOS",17,1707,2023,14411,6,"Junio",14.411
"10051","PICHINCHA","SAN MIGUEL DE LOS BANCOS",17,1707,2023,14411,7,"Julio",14.411
"10052","PICHINCHA","SAN MIGUEL DE LOS BANCOS",17,1707,2023,14411,8,"Agosto",14.411
"10053","PICHINCHA","SAN MIGUEL DE LOS BANCOS",17,1707,2023,14411,9,"Septiembre",14.411
"10054","PICHINCHA","SAN MIGUEL DE LOS BANCOS",17,1707,2023,14411,10,"Octubre",14.411
"10055","PICHINCHA","SAN MIGUEL DE LOS BANCOS",17,1707,2023,14411,11,"Noviembre",14.411
"10056","PICHINCHA","SAN MIGUEL DE LOS BANCOS",17,1707,2023,14411,12,"Diciembre",14.411
"10057","PICHINCHA","SAN MIGUEL DE LOS BANCOS",17,1707,2024,14241,1,"Enero",14.241
"10058","PICHINCHA","SAN MIGUEL DE LOS BANCOS",17,1707,2024,14241,2,"Febrero",14.241
"10059","PICHINCHA","SAN MIGUEL DE LOS BANCOS",17,1707,2024,14241,3,"Marzo",14.241
"10060","PICHINCHA","SAN MIGUEL DE LOS BANCOS",17,1707,2024,14241,4,"Abril",14.241
"10061","PICHINCHA","SAN MIGUEL DE LOS BANCOS",17,1707,2024,14241,5,"Mayo",14.241
"10062","PICHINCHA","SAN MIGUEL DE LOS BANCOS",17,1707,2024,14241,6,"Junio",14.241
"10063","PICHINCHA","SAN MIGUEL DE LOS BANCOS",17,1707,2024,14241,7,"Julio",14.241
"10064","PICHINCHA","SAN MIGUEL DE LOS BANCOS",17,1707,2024,14241,8,"Agosto",14.241
"10065","PICHINCHA","SAN MIGUEL DE LOS BANCOS",17,1707,2024,14241,9,"Septiembre",14.241
"10066","PICHINCHA","SAN MIGUEL DE LOS BANCOS",17,1707,2024,14241,10,"Octubre",14.241
"10067","PICHINCHA","SAN MIGUEL DE LOS BANCOS",17,1707,2024,14241,11,"Noviembre",14.241
"10068","PICHINCHA","SAN MIGUEL DE LOS BANCOS",17,1707,2024,14241,12,"Diciembre",14.241
"10069","PICHINCHA","SAN MIGUEL DE LOS BANCOS",17,1707,2025,14120,1,"Enero",14.12
"10070","PICHINCHA","SAN MIGUEL DE LOS BANCOS",17,1707,2025,14120,2,"Febrero",14.12
"10071","PICHINCHA","SAN MIGUEL DE LOS BANCOS",17,1707,2025,14120,3,"Marzo",14.12
"10072","PICHINCHA","SAN MIGUEL DE LOS BANCOS",17,1707,2025,14120,4,"Abril",14.12
"10073","PICHINCHA","SAN MIGUEL DE LOS BANCOS",17,1707,2025,14120,5,"Mayo",14.12
"10074","PICHINCHA","SAN MIGUEL DE LOS BANCOS",17,1707,2025,14120,6,"Junio",14.12
"10075","PICHINCHA","SAN MIGUEL DE LOS BANCOS",17,1707,2025,14120,7,"Julio",14.12
"10076","PICHINCHA","SAN MIGUEL DE LOS BANCOS",17,1707,2025,14120,8,"Agosto",14.12
"10077","PICHINCHA","SAN MIGUEL DE LOS BANCOS",17,1707,2025,14120,9,"Septiembre",14.12
"10078","PICHINCHA","SAN MIGUEL DE LOS BANCOS",17,1707,2025,14120,10,"Octubre",14.12
"10079","PICHINCHA","SAN MIGUEL DE LOS BANCOS",17,1707,2025,14120,11,"Noviembre",14.12
"10080","PICHINCHA","SAN MIGUEL DE LOS BANCOS",17,1707,2025,14120,12,"Diciembre",14.12
"10081","PICHINCHA","PEDRO VICENTE MALDONADO",17,1708,2021,16276,1,"Enero",16.276
"10082","PICHINCHA","PEDRO VICENTE MALDONADO",17,1708,2021,16276,2,"Febrero",16.276
"10083","PICHINCHA","PEDRO VICENTE MALDONADO",17,1708,2021,16276,3,"Marzo",16.276
"10084","PICHINCHA","PEDRO VICENTE MALDONADO",17,1708,2021,16276,4,"Abril",16.276
"10085","PICHINCHA","PEDRO VICENTE MALDONADO",17,1708,2021,16276,5,"Mayo",16.276
"10086","PICHINCHA","PEDRO VICENTE MALDONADO",17,1708,2021,16276,6,"Junio",16.276
"10087","PICHINCHA","PEDRO VICENTE MALDONADO",17,1708,2021,16276,7,"Julio",16.276
"10088","PICHINCHA","PEDRO VICENTE MALDONADO",17,1708,2021,16276,8,"Agosto",16.276
"10089","PICHINCHA","PEDRO VICENTE MALDONADO",17,1708,2021,16276,9,"Septiembre",16.276
"10090","PICHINCHA","PEDRO VICENTE MALDONADO",17,1708,2021,16276,10,"Octubre",16.276
"10091","PICHINCHA","PEDRO VICENTE MALDONADO",17,1708,2021,16276,11,"Noviembre",16.276
"10092","PICHINCHA","PEDRO VICENTE MALDONADO",17,1708,2021,16276,12,"Diciembre",16.276
"10093","PICHINCHA","PEDRO VICENTE MALDONADO",17,1708,2022,16336,1,"Enero",16.336
"10094","PICHINCHA","PEDRO VICENTE MALDONADO",17,1708,2022,16336,2,"Febrero",16.336
"10095","PICHINCHA","PEDRO VICENTE MALDONADO",17,1708,2022,16336,3,"Marzo",16.336
"10096","PICHINCHA","PEDRO VICENTE MALDONADO",17,1708,2022,16336,4,"Abril",16.336
"10097","PICHINCHA","PEDRO VICENTE MALDONADO",17,1708,2022,16336,5,"Mayo",16.336
"10098","PICHINCHA","PEDRO VICENTE MALDONADO",17,1708,2022,16336,6,"Junio",16.336
"10099","PICHINCHA","PEDRO VICENTE MALDONADO",17,1708,2022,16336,7,"Julio",16.336
"10100","PICHINCHA","PEDRO VICENTE MALDONADO",17,1708,2022,16336,8,"Agosto",16.336
"10101","PICHINCHA","PEDRO VICENTE MALDONADO",17,1708,2022,16336,9,"Septiembre",16.336
"10102","PICHINCHA","PEDRO VICENTE MALDONADO",17,1708,2022,16336,10,"Octubre",16.336
"10103","PICHINCHA","PEDRO VICENTE MALDONADO",17,1708,2022,16336,11,"Noviembre",16.336
"10104","PICHINCHA","PEDRO VICENTE MALDONADO",17,1708,2022,16336,12,"Diciembre",16.336
"10105","PICHINCHA","PEDRO VICENTE MALDONADO",17,1708,2023,16421,1,"Enero",16.421
"10106","PICHINCHA","PEDRO VICENTE MALDONADO",17,1708,2023,16421,2,"Febrero",16.421
"10107","PICHINCHA","PEDRO VICENTE MALDONADO",17,1708,2023,16421,3,"Marzo",16.421
"10108","PICHINCHA","PEDRO VICENTE MALDONADO",17,1708,2023,16421,4,"Abril",16.421
"10109","PICHINCHA","PEDRO VICENTE MALDONADO",17,1708,2023,16421,5,"Mayo",16.421
"10110","PICHINCHA","PEDRO VICENTE MALDONADO",17,1708,2023,16421,6,"Junio",16.421
"10111","PICHINCHA","PEDRO VICENTE MALDONADO",17,1708,2023,16421,7,"Julio",16.421
"10112","PICHINCHA","PEDRO VICENTE MALDONADO",17,1708,2023,16421,8,"Agosto",16.421
"10113","PICHINCHA","PEDRO VICENTE MALDONADO",17,1708,2023,16421,9,"Septiembre",16.421
"10114","PICHINCHA","PEDRO VICENTE MALDONADO",17,1708,2023,16421,10,"Octubre",16.421
"10115","PICHINCHA","PEDRO VICENTE MALDONADO",17,1708,2023,16421,11,"Noviembre",16.421
"10116","PICHINCHA","PEDRO VICENTE MALDONADO",17,1708,2023,16421,12,"Diciembre",16.421
"10117","PICHINCHA","PEDRO VICENTE MALDONADO",17,1708,2024,16520,1,"Enero",16.52
"10118","PICHINCHA","PEDRO VICENTE MALDONADO",17,1708,2024,16520,2,"Febrero",16.52
"10119","PICHINCHA","PEDRO VICENTE MALDONADO",17,1708,2024,16520,3,"Marzo",16.52
"10120","PICHINCHA","PEDRO VICENTE MALDONADO",17,1708,2024,16520,4,"Abril",16.52
"10121","PICHINCHA","PEDRO VICENTE MALDONADO",17,1708,2024,16520,5,"Mayo",16.52
"10122","PICHINCHA","PEDRO VICENTE MALDONADO",17,1708,2024,16520,6,"Junio",16.52
"10123","PICHINCHA","PEDRO VICENTE MALDONADO",17,1708,2024,16520,7,"Julio",16.52
"10124","PICHINCHA","PEDRO VICENTE MALDONADO",17,1708,2024,16520,8,"Agosto",16.52
"10125","PICHINCHA","PEDRO VICENTE MALDONADO",17,1708,2024,16520,9,"Septiembre",16.52
"10126","PICHINCHA","PEDRO VICENTE MALDONADO",17,1708,2024,16520,10,"Octubre",16.52
"10127","PICHINCHA","PEDRO VICENTE MALDONADO",17,1708,2024,16520,11,"Noviembre",16.52
"10128","PICHINCHA","PEDRO VICENTE MALDONADO",17,1708,2024,16520,12,"Diciembre",16.52
"10129","PICHINCHA","PEDRO VICENTE MALDONADO",17,1708,2025,16620,1,"Enero",16.62
"10130","PICHINCHA","PEDRO VICENTE MALDONADO",17,1708,2025,16620,2,"Febrero",16.62
"10131","PICHINCHA","PEDRO VICENTE MALDONADO",17,1708,2025,16620,3,"Marzo",16.62
"10132","PICHINCHA","PEDRO VICENTE MALDONADO",17,1708,2025,16620,4,"Abril",16.62
"10133","PICHINCHA","PEDRO VICENTE MALDONADO",17,1708,2025,16620,5,"Mayo",16.62
"10134","PICHINCHA","PEDRO VICENTE MALDONADO",17,1708,2025,16620,6,"Junio",16.62
"10135","PICHINCHA","PEDRO VICENTE MALDONADO",17,1708,2025,16620,7,"Julio",16.62
"10136","PICHINCHA","PEDRO VICENTE MALDONADO",17,1708,2025,16620,8,"Agosto",16.62
"10137","PICHINCHA","PEDRO VICENTE MALDONADO",17,1708,2025,16620,9,"Septiembre",16.62
"10138","PICHINCHA","PEDRO VICENTE MALDONADO",17,1708,2025,16620,10,"Octubre",16.62
"10139","PICHINCHA","PEDRO VICENTE MALDONADO",17,1708,2025,16620,11,"Noviembre",16.62
"10140","PICHINCHA","PEDRO VICENTE MALDONADO",17,1708,2025,16620,12,"Diciembre",16.62
"10141","PICHINCHA","PUERTO QUITO",17,1709,2021,26084,1,"Enero",26.084
"10142","PICHINCHA","PUERTO QUITO",17,1709,2021,26084,2,"Febrero",26.084
"10143","PICHINCHA","PUERTO QUITO",17,1709,2021,26084,3,"Marzo",26.084
"10144","PICHINCHA","PUERTO QUITO",17,1709,2021,26084,4,"Abril",26.084
"10145","PICHINCHA","PUERTO QUITO",17,1709,2021,26084,5,"Mayo",26.084
"10146","PICHINCHA","PUERTO QUITO",17,1709,2021,26084,6,"Junio",26.084
"10147","PICHINCHA","PUERTO QUITO",17,1709,2021,26084,7,"Julio",26.084
"10148","PICHINCHA","PUERTO QUITO",17,1709,2021,26084,8,"Agosto",26.084
"10149","PICHINCHA","PUERTO QUITO",17,1709,2021,26084,9,"Septiembre",26.084
"10150","PICHINCHA","PUERTO QUITO",17,1709,2021,26084,10,"Octubre",26.084
"10151","PICHINCHA","PUERTO QUITO",17,1709,2021,26084,11,"Noviembre",26.084
"10152","PICHINCHA","PUERTO QUITO",17,1709,2021,26084,12,"Diciembre",26.084
"10153","PICHINCHA","PUERTO QUITO",17,1709,2022,26303,1,"Enero",26.303
"10154","PICHINCHA","PUERTO QUITO",17,1709,2022,26303,2,"Febrero",26.303
"10155","PICHINCHA","PUERTO QUITO",17,1709,2022,26303,3,"Marzo",26.303
"10156","PICHINCHA","PUERTO QUITO",17,1709,2022,26303,4,"Abril",26.303
"10157","PICHINCHA","PUERTO QUITO",17,1709,2022,26303,5,"Mayo",26.303
"10158","PICHINCHA","PUERTO QUITO",17,1709,2022,26303,6,"Junio",26.303
"10159","PICHINCHA","PUERTO QUITO",17,1709,2022,26303,7,"Julio",26.303
"10160","PICHINCHA","PUERTO QUITO",17,1709,2022,26303,8,"Agosto",26.303
"10161","PICHINCHA","PUERTO QUITO",17,1709,2022,26303,9,"Septiembre",26.303
"10162","PICHINCHA","PUERTO QUITO",17,1709,2022,26303,10,"Octubre",26.303
"10163","PICHINCHA","PUERTO QUITO",17,1709,2022,26303,11,"Noviembre",26.303
"10164","PICHINCHA","PUERTO QUITO",17,1709,2022,26303,12,"Diciembre",26.303
"10165","PICHINCHA","PUERTO QUITO",17,1709,2023,26563,1,"Enero",26.563
"10166","PICHINCHA","PUERTO QUITO",17,1709,2023,26563,2,"Febrero",26.563
"10167","PICHINCHA","PUERTO QUITO",17,1709,2023,26563,3,"Marzo",26.563
"10168","PICHINCHA","PUERTO QUITO",17,1709,2023,26563,4,"Abril",26.563
"10169","PICHINCHA","PUERTO QUITO",17,1709,2023,26563,5,"Mayo",26.563
"10170","PICHINCHA","PUERTO QUITO",17,1709,2023,26563,6,"Junio",26.563
"10171","PICHINCHA","PUERTO QUITO",17,1709,2023,26563,7,"Julio",26.563
"10172","PICHINCHA","PUERTO QUITO",17,1709,2023,26563,8,"Agosto",26.563
"10173","PICHINCHA","PUERTO QUITO",17,1709,2023,26563,9,"Septiembre",26.563
"10174","PICHINCHA","PUERTO QUITO",17,1709,2023,26563,10,"Octubre",26.563
"10175","PICHINCHA","PUERTO QUITO",17,1709,2023,26563,11,"Noviembre",26.563
"10176","PICHINCHA","PUERTO QUITO",17,1709,2023,26563,12,"Diciembre",26.563
"10177","PICHINCHA","PUERTO QUITO",17,1709,2024,26844,1,"Enero",26.844
"10178","PICHINCHA","PUERTO QUITO",17,1709,2024,26844,2,"Febrero",26.844
"10179","PICHINCHA","PUERTO QUITO",17,1709,2024,26844,3,"Marzo",26.844
"10180","PICHINCHA","PUERTO QUITO",17,1709,2024,26844,4,"Abril",26.844
"10181","PICHINCHA","PUERTO QUITO",17,1709,2024,26844,5,"Mayo",26.844
"10182","PICHINCHA","PUERTO QUITO",17,1709,2024,26844,6,"Junio",26.844
"10183","PICHINCHA","PUERTO QUITO",17,1709,2024,26844,7,"Julio",26.844
"10184","PICHINCHA","PUERTO QUITO",17,1709,2024,26844,8,"Agosto",26.844
"10185","PICHINCHA","PUERTO QUITO",17,1709,2024,26844,9,"Septiembre",26.844
"10186","PICHINCHA","PUERTO QUITO",17,1709,2024,26844,10,"Octubre",26.844
"10187","PICHINCHA","PUERTO QUITO",17,1709,2024,26844,11,"Noviembre",26.844
"10188","PICHINCHA","PUERTO QUITO",17,1709,2024,26844,12,"Diciembre",26.844
"10189","PICHINCHA","PUERTO QUITO",17,1709,2025,27129,1,"Enero",27.129
"10190","PICHINCHA","PUERTO QUITO",17,1709,2025,27129,2,"Febrero",27.129
"10191","PICHINCHA","PUERTO QUITO",17,1709,2025,27129,3,"Marzo",27.129
"10192","PICHINCHA","PUERTO QUITO",17,1709,2025,27129,4,"Abril",27.129
"10193","PICHINCHA","PUERTO QUITO",17,1709,2025,27129,5,"Mayo",27.129
"10194","PICHINCHA","PUERTO QUITO",17,1709,2025,27129,6,"Junio",27.129
"10195","PICHINCHA","PUERTO QUITO",17,1709,2025,27129,7,"Julio",27.129
"10196","PICHINCHA","PUERTO QUITO",17,1709,2025,27129,8,"Agosto",27.129
"10197","PICHINCHA","PUERTO QUITO",17,1709,2025,27129,9,"Septiembre",27.129
"10198","PICHINCHA","PUERTO QUITO",17,1709,2025,27129,10,"Octubre",27.129
"10199","PICHINCHA","PUERTO QUITO",17,1709,2025,27129,11,"Noviembre",27.129
"10200","PICHINCHA","PUERTO QUITO",17,1709,2025,27129,12,"Diciembre",27.129
"10201","TUNGURAHUA","AMBATO",18,1801,2021,375881,1,"Enero",375.881
"10202","TUNGURAHUA","AMBATO",18,1801,2021,375881,2,"Febrero",375.881
"10203","TUNGURAHUA","AMBATO",18,1801,2021,375881,3,"Marzo",375.881
"10204","TUNGURAHUA","AMBATO",18,1801,2021,375881,4,"Abril",375.881
"10205","TUNGURAHUA","AMBATO",18,1801,2021,375881,5,"Mayo",375.881
"10206","TUNGURAHUA","AMBATO",18,1801,2021,375881,6,"Junio",375.881
"10207","TUNGURAHUA","AMBATO",18,1801,2021,375881,7,"Julio",375.881
"10208","TUNGURAHUA","AMBATO",18,1801,2021,375881,8,"Agosto",375.881
"10209","TUNGURAHUA","AMBATO",18,1801,2021,375881,9,"Septiembre",375.881
"10210","TUNGURAHUA","AMBATO",18,1801,2021,375881,10,"Octubre",375.881
"10211","TUNGURAHUA","AMBATO",18,1801,2021,375881,11,"Noviembre",375.881
"10212","TUNGURAHUA","AMBATO",18,1801,2021,375881,12,"Diciembre",375.881
"10213","TUNGURAHUA","AMBATO",18,1801,2022,377384,1,"Enero",377.384
"10214","TUNGURAHUA","AMBATO",18,1801,2022,377384,2,"Febrero",377.384
"10215","TUNGURAHUA","AMBATO",18,1801,2022,377384,3,"Marzo",377.384
"10216","TUNGURAHUA","AMBATO",18,1801,2022,377384,4,"Abril",377.384
"10217","TUNGURAHUA","AMBATO",18,1801,2022,377384,5,"Mayo",377.384
"10218","TUNGURAHUA","AMBATO",18,1801,2022,377384,6,"Junio",377.384
"10219","TUNGURAHUA","AMBATO",18,1801,2022,377384,7,"Julio",377.384
"10220","TUNGURAHUA","AMBATO",18,1801,2022,377384,8,"Agosto",377.384
"10221","TUNGURAHUA","AMBATO",18,1801,2022,377384,9,"Septiembre",377.384
"10222","TUNGURAHUA","AMBATO",18,1801,2022,377384,10,"Octubre",377.384
"10223","TUNGURAHUA","AMBATO",18,1801,2022,377384,11,"Noviembre",377.384
"10224","TUNGURAHUA","AMBATO",18,1801,2022,377384,12,"Diciembre",377.384
"10225","TUNGURAHUA","AMBATO",18,1801,2023,379234,1,"Enero",379.234
"10226","TUNGURAHUA","AMBATO",18,1801,2023,379234,2,"Febrero",379.234
"10227","TUNGURAHUA","AMBATO",18,1801,2023,379234,3,"Marzo",379.234
"10228","TUNGURAHUA","AMBATO",18,1801,2023,379234,4,"Abril",379.234
"10229","TUNGURAHUA","AMBATO",18,1801,2023,379234,5,"Mayo",379.234
"10230","TUNGURAHUA","AMBATO",18,1801,2023,379234,6,"Junio",379.234
"10231","TUNGURAHUA","AMBATO",18,1801,2023,379234,7,"Julio",379.234
"10232","TUNGURAHUA","AMBATO",18,1801,2023,379234,8,"Agosto",379.234
"10233","TUNGURAHUA","AMBATO",18,1801,2023,379234,9,"Septiembre",379.234
"10234","TUNGURAHUA","AMBATO",18,1801,2023,379234,10,"Octubre",379.234
"10235","TUNGURAHUA","AMBATO",18,1801,2023,379234,11,"Noviembre",379.234
"10236","TUNGURAHUA","AMBATO",18,1801,2023,379234,12,"Diciembre",379.234
"10237","TUNGURAHUA","AMBATO",18,1801,2024,381116,1,"Enero",381.116
"10238","TUNGURAHUA","AMBATO",18,1801,2024,381116,2,"Febrero",381.116
"10239","TUNGURAHUA","AMBATO",18,1801,2024,381116,3,"Marzo",381.116
"10240","TUNGURAHUA","AMBATO",18,1801,2024,381116,4,"Abril",381.116
"10241","TUNGURAHUA","AMBATO",18,1801,2024,381116,5,"Mayo",381.116
"10242","TUNGURAHUA","AMBATO",18,1801,2024,381116,6,"Junio",381.116
"10243","TUNGURAHUA","AMBATO",18,1801,2024,381116,7,"Julio",381.116
"10244","TUNGURAHUA","AMBATO",18,1801,2024,381116,8,"Agosto",381.116
"10245","TUNGURAHUA","AMBATO",18,1801,2024,381116,9,"Septiembre",381.116
"10246","TUNGURAHUA","AMBATO",18,1801,2024,381116,10,"Octubre",381.116
"10247","TUNGURAHUA","AMBATO",18,1801,2024,381116,11,"Noviembre",381.116
"10248","TUNGURAHUA","AMBATO",18,1801,2024,381116,12,"Diciembre",381.116
"10249","TUNGURAHUA","AMBATO",18,1801,2025,383053,1,"Enero",383.053
"10250","TUNGURAHUA","AMBATO",18,1801,2025,383053,2,"Febrero",383.053
"10251","TUNGURAHUA","AMBATO",18,1801,2025,383053,3,"Marzo",383.053
"10252","TUNGURAHUA","AMBATO",18,1801,2025,383053,4,"Abril",383.053
"10253","TUNGURAHUA","AMBATO",18,1801,2025,383053,5,"Mayo",383.053
"10254","TUNGURAHUA","AMBATO",18,1801,2025,383053,6,"Junio",383.053
"10255","TUNGURAHUA","AMBATO",18,1801,2025,383053,7,"Julio",383.053
"10256","TUNGURAHUA","AMBATO",18,1801,2025,383053,8,"Agosto",383.053
"10257","TUNGURAHUA","AMBATO",18,1801,2025,383053,9,"Septiembre",383.053
"10258","TUNGURAHUA","AMBATO",18,1801,2025,383053,10,"Octubre",383.053
"10259","TUNGURAHUA","AMBATO",18,1801,2025,383053,11,"Noviembre",383.053
"10260","TUNGURAHUA","AMBATO",18,1801,2025,383053,12,"Diciembre",383.053
"10261","TUNGURAHUA","BAÑOS DE AGUA SANTA",18,1802,2021,22379,1,"Enero",22.379
"10262","TUNGURAHUA","BAÑOS DE AGUA SANTA",18,1802,2021,22379,2,"Febrero",22.379
"10263","TUNGURAHUA","BAÑOS DE AGUA SANTA",18,1802,2021,22379,3,"Marzo",22.379
"10264","TUNGURAHUA","BAÑOS DE AGUA SANTA",18,1802,2021,22379,4,"Abril",22.379
"10265","TUNGURAHUA","BAÑOS DE AGUA SANTA",18,1802,2021,22379,5,"Mayo",22.379
"10266","TUNGURAHUA","BAÑOS DE AGUA SANTA",18,1802,2021,22379,6,"Junio",22.379
"10267","TUNGURAHUA","BAÑOS DE AGUA SANTA",18,1802,2021,22379,7,"Julio",22.379
"10268","TUNGURAHUA","BAÑOS DE AGUA SANTA",18,1802,2021,22379,8,"Agosto",22.379
"10269","TUNGURAHUA","BAÑOS DE AGUA SANTA",18,1802,2021,22379,9,"Septiembre",22.379
"10270","TUNGURAHUA","BAÑOS DE AGUA SANTA",18,1802,2021,22379,10,"Octubre",22.379
"10271","TUNGURAHUA","BAÑOS DE AGUA SANTA",18,1802,2021,22379,11,"Noviembre",22.379
"10272","TUNGURAHUA","BAÑOS DE AGUA SANTA",18,1802,2021,22379,12,"Diciembre",22.379
"10273","TUNGURAHUA","BAÑOS DE AGUA SANTA",18,1802,2022,22474,1,"Enero",22.474
"10274","TUNGURAHUA","BAÑOS DE AGUA SANTA",18,1802,2022,22474,2,"Febrero",22.474
"10275","TUNGURAHUA","BAÑOS DE AGUA SANTA",18,1802,2022,22474,3,"Marzo",22.474
"10276","TUNGURAHUA","BAÑOS DE AGUA SANTA",18,1802,2022,22474,4,"Abril",22.474
"10277","TUNGURAHUA","BAÑOS DE AGUA SANTA",18,1802,2022,22474,5,"Mayo",22.474
"10278","TUNGURAHUA","BAÑOS DE AGUA SANTA",18,1802,2022,22474,6,"Junio",22.474
"10279","TUNGURAHUA","BAÑOS DE AGUA SANTA",18,1802,2022,22474,7,"Julio",22.474
"10280","TUNGURAHUA","BAÑOS DE AGUA SANTA",18,1802,2022,22474,8,"Agosto",22.474
"10281","TUNGURAHUA","BAÑOS DE AGUA SANTA",18,1802,2022,22474,9,"Septiembre",22.474
"10282","TUNGURAHUA","BAÑOS DE AGUA SANTA",18,1802,2022,22474,10,"Octubre",22.474
"10283","TUNGURAHUA","BAÑOS DE AGUA SANTA",18,1802,2022,22474,11,"Noviembre",22.474
"10284","TUNGURAHUA","BAÑOS DE AGUA SANTA",18,1802,2022,22474,12,"Diciembre",22.474
"10285","TUNGURAHUA","BAÑOS DE AGUA SANTA",18,1802,2023,22587,1,"Enero",22.587
"10286","TUNGURAHUA","BAÑOS DE AGUA SANTA",18,1802,2023,22587,2,"Febrero",22.587
"10287","TUNGURAHUA","BAÑOS DE AGUA SANTA",18,1802,2023,22587,3,"Marzo",22.587
"10288","TUNGURAHUA","BAÑOS DE AGUA SANTA",18,1802,2023,22587,4,"Abril",22.587
"10289","TUNGURAHUA","BAÑOS DE AGUA SANTA",18,1802,2023,22587,5,"Mayo",22.587
"10290","TUNGURAHUA","BAÑOS DE AGUA SANTA",18,1802,2023,22587,6,"Junio",22.587
"10291","TUNGURAHUA","BAÑOS DE AGUA SANTA",18,1802,2023,22587,7,"Julio",22.587
"10292","TUNGURAHUA","BAÑOS DE AGUA SANTA",18,1802,2023,22587,8,"Agosto",22.587
"10293","TUNGURAHUA","BAÑOS DE AGUA SANTA",18,1802,2023,22587,9,"Septiembre",22.587
"10294","TUNGURAHUA","BAÑOS DE AGUA SANTA",18,1802,2023,22587,10,"Octubre",22.587
"10295","TUNGURAHUA","BAÑOS DE AGUA SANTA",18,1802,2023,22587,11,"Noviembre",22.587
"10296","TUNGURAHUA","BAÑOS DE AGUA SANTA",18,1802,2023,22587,12,"Diciembre",22.587
"10297","TUNGURAHUA","BAÑOS DE AGUA SANTA",18,1802,2024,22705,1,"Enero",22.705
"10298","TUNGURAHUA","BAÑOS DE AGUA SANTA",18,1802,2024,22705,2,"Febrero",22.705
"10299","TUNGURAHUA","BAÑOS DE AGUA SANTA",18,1802,2024,22705,3,"Marzo",22.705
"10300","TUNGURAHUA","BAÑOS DE AGUA SANTA",18,1802,2024,22705,4,"Abril",22.705
"10301","TUNGURAHUA","BAÑOS DE AGUA SANTA",18,1802,2024,22705,5,"Mayo",22.705
"10302","TUNGURAHUA","BAÑOS DE AGUA SANTA",18,1802,2024,22705,6,"Junio",22.705
"10303","TUNGURAHUA","BAÑOS DE AGUA SANTA",18,1802,2024,22705,7,"Julio",22.705
"10304","TUNGURAHUA","BAÑOS DE AGUA SANTA",18,1802,2024,22705,8,"Agosto",22.705
"10305","TUNGURAHUA","BAÑOS DE AGUA SANTA",18,1802,2024,22705,9,"Septiembre",22.705
"10306","TUNGURAHUA","BAÑOS DE AGUA SANTA",18,1802,2024,22705,10,"Octubre",22.705
"10307","TUNGURAHUA","BAÑOS DE AGUA SANTA",18,1802,2024,22705,11,"Noviembre",22.705
"10308","TUNGURAHUA","BAÑOS DE AGUA SANTA",18,1802,2024,22705,12,"Diciembre",22.705
"10309","TUNGURAHUA","BAÑOS DE AGUA SANTA",18,1802,2025,22824,1,"Enero",22.824
"10310","TUNGURAHUA","BAÑOS DE AGUA SANTA",18,1802,2025,22824,2,"Febrero",22.824
"10311","TUNGURAHUA","BAÑOS DE AGUA SANTA",18,1802,2025,22824,3,"Marzo",22.824
"10312","TUNGURAHUA","BAÑOS DE AGUA SANTA",18,1802,2025,22824,4,"Abril",22.824
"10313","TUNGURAHUA","BAÑOS DE AGUA SANTA",18,1802,2025,22824,5,"Mayo",22.824
"10314","TUNGURAHUA","BAÑOS DE AGUA SANTA",18,1802,2025,22824,6,"Junio",22.824
"10315","TUNGURAHUA","BAÑOS DE AGUA SANTA",18,1802,2025,22824,7,"Julio",22.824
"10316","TUNGURAHUA","BAÑOS DE AGUA SANTA",18,1802,2025,22824,8,"Agosto",22.824
"10317","TUNGURAHUA","BAÑOS DE AGUA SANTA",18,1802,2025,22824,9,"Septiembre",22.824
"10318","TUNGURAHUA","BAÑOS DE AGUA SANTA",18,1802,2025,22824,10,"Octubre",22.824
"10319","TUNGURAHUA","BAÑOS DE AGUA SANTA",18,1802,2025,22824,11,"Noviembre",22.824
"10320","TUNGURAHUA","BAÑOS DE AGUA SANTA",18,1802,2025,22824,12,"Diciembre",22.824
"10321","TUNGURAHUA","CEVALLOS",18,1803,2021,10484,1,"Enero",10.484
"10322","TUNGURAHUA","CEVALLOS",18,1803,2021,10484,2,"Febrero",10.484
"10323","TUNGURAHUA","CEVALLOS",18,1803,2021,10484,3,"Marzo",10.484
"10324","TUNGURAHUA","CEVALLOS",18,1803,2021,10484,4,"Abril",10.484
"10325","TUNGURAHUA","CEVALLOS",18,1803,2021,10484,5,"Mayo",10.484
"10326","TUNGURAHUA","CEVALLOS",18,1803,2021,10484,6,"Junio",10.484
"10327","TUNGURAHUA","CEVALLOS",18,1803,2021,10484,7,"Julio",10.484
"10328","TUNGURAHUA","CEVALLOS",18,1803,2021,10484,8,"Agosto",10.484
"10329","TUNGURAHUA","CEVALLOS",18,1803,2021,10484,9,"Septiembre",10.484
"10330","TUNGURAHUA","CEVALLOS",18,1803,2021,10484,10,"Octubre",10.484
"10331","TUNGURAHUA","CEVALLOS",18,1803,2021,10484,11,"Noviembre",10.484
"10332","TUNGURAHUA","CEVALLOS",18,1803,2021,10484,12,"Diciembre",10.484
"10333","TUNGURAHUA","CEVALLOS",18,1803,2022,10621,1,"Enero",10.621
"10334","TUNGURAHUA","CEVALLOS",18,1803,2022,10621,2,"Febrero",10.621
"10335","TUNGURAHUA","CEVALLOS",18,1803,2022,10621,3,"Marzo",10.621
"10336","TUNGURAHUA","CEVALLOS",18,1803,2022,10621,4,"Abril",10.621
"10337","TUNGURAHUA","CEVALLOS",18,1803,2022,10621,5,"Mayo",10.621
"10338","TUNGURAHUA","CEVALLOS",18,1803,2022,10621,6,"Junio",10.621
"10339","TUNGURAHUA","CEVALLOS",18,1803,2022,10621,7,"Julio",10.621
"10340","TUNGURAHUA","CEVALLOS",18,1803,2022,10621,8,"Agosto",10.621
"10341","TUNGURAHUA","CEVALLOS",18,1803,2022,10621,9,"Septiembre",10.621
"10342","TUNGURAHUA","CEVALLOS",18,1803,2022,10621,10,"Octubre",10.621
"10343","TUNGURAHUA","CEVALLOS",18,1803,2022,10621,11,"Noviembre",10.621
"10344","TUNGURAHUA","CEVALLOS",18,1803,2022,10621,12,"Diciembre",10.621
"10345","TUNGURAHUA","CEVALLOS",18,1803,2023,10765,1,"Enero",10.765
"10346","TUNGURAHUA","CEVALLOS",18,1803,2023,10765,2,"Febrero",10.765
"10347","TUNGURAHUA","CEVALLOS",18,1803,2023,10765,3,"Marzo",10.765
"10348","TUNGURAHUA","CEVALLOS",18,1803,2023,10765,4,"Abril",10.765
"10349","TUNGURAHUA","CEVALLOS",18,1803,2023,10765,5,"Mayo",10.765
"10350","TUNGURAHUA","CEVALLOS",18,1803,2023,10765,6,"Junio",10.765
"10351","TUNGURAHUA","CEVALLOS",18,1803,2023,10765,7,"Julio",10.765
"10352","TUNGURAHUA","CEVALLOS",18,1803,2023,10765,8,"Agosto",10.765
"10353","TUNGURAHUA","CEVALLOS",18,1803,2023,10765,9,"Septiembre",10.765
"10354","TUNGURAHUA","CEVALLOS",18,1803,2023,10765,10,"Octubre",10.765
"10355","TUNGURAHUA","CEVALLOS",18,1803,2023,10765,11,"Noviembre",10.765
"10356","TUNGURAHUA","CEVALLOS",18,1803,2023,10765,12,"Diciembre",10.765
"10357","TUNGURAHUA","CEVALLOS",18,1803,2024,10906,1,"Enero",10.906
"10358","TUNGURAHUA","CEVALLOS",18,1803,2024,10906,2,"Febrero",10.906
"10359","TUNGURAHUA","CEVALLOS",18,1803,2024,10906,3,"Marzo",10.906
"10360","TUNGURAHUA","CEVALLOS",18,1803,2024,10906,4,"Abril",10.906
"10361","TUNGURAHUA","CEVALLOS",18,1803,2024,10906,5,"Mayo",10.906
"10362","TUNGURAHUA","CEVALLOS",18,1803,2024,10906,6,"Junio",10.906
"10363","TUNGURAHUA","CEVALLOS",18,1803,2024,10906,7,"Julio",10.906
"10364","TUNGURAHUA","CEVALLOS",18,1803,2024,10906,8,"Agosto",10.906
"10365","TUNGURAHUA","CEVALLOS",18,1803,2024,10906,9,"Septiembre",10.906
"10366","TUNGURAHUA","CEVALLOS",18,1803,2024,10906,10,"Octubre",10.906
"10367","TUNGURAHUA","CEVALLOS",18,1803,2024,10906,11,"Noviembre",10.906
"10368","TUNGURAHUA","CEVALLOS",18,1803,2024,10906,12,"Diciembre",10.906
"10369","TUNGURAHUA","CEVALLOS",18,1803,2025,11044,1,"Enero",11.044
"10370","TUNGURAHUA","CEVALLOS",18,1803,2025,11044,2,"Febrero",11.044
"10371","TUNGURAHUA","CEVALLOS",18,1803,2025,11044,3,"Marzo",11.044
"10372","TUNGURAHUA","CEVALLOS",18,1803,2025,11044,4,"Abril",11.044
"10373","TUNGURAHUA","CEVALLOS",18,1803,2025,11044,5,"Mayo",11.044
"10374","TUNGURAHUA","CEVALLOS",18,1803,2025,11044,6,"Junio",11.044
"10375","TUNGURAHUA","CEVALLOS",18,1803,2025,11044,7,"Julio",11.044
"10376","TUNGURAHUA","CEVALLOS",18,1803,2025,11044,8,"Agosto",11.044
"10377","TUNGURAHUA","CEVALLOS",18,1803,2025,11044,9,"Septiembre",11.044
"10378","TUNGURAHUA","CEVALLOS",18,1803,2025,11044,10,"Octubre",11.044
"10379","TUNGURAHUA","CEVALLOS",18,1803,2025,11044,11,"Noviembre",11.044
"10380","TUNGURAHUA","CEVALLOS",18,1803,2025,11044,12,"Diciembre",11.044
"10381","TUNGURAHUA","MOCHA",18,1804,2021,7377,1,"Enero",7.377
"10382","TUNGURAHUA","MOCHA",18,1804,2021,7377,2,"Febrero",7.377
"10383","TUNGURAHUA","MOCHA",18,1804,2021,7377,3,"Marzo",7.377
"10384","TUNGURAHUA","MOCHA",18,1804,2021,7377,4,"Abril",7.377
"10385","TUNGURAHUA","MOCHA",18,1804,2021,7377,5,"Mayo",7.377
"10386","TUNGURAHUA","MOCHA",18,1804,2021,7377,6,"Junio",7.377
"10387","TUNGURAHUA","MOCHA",18,1804,2021,7377,7,"Julio",7.377
"10388","TUNGURAHUA","MOCHA",18,1804,2021,7377,8,"Agosto",7.377
"10389","TUNGURAHUA","MOCHA",18,1804,2021,7377,9,"Septiembre",7.377
"10390","TUNGURAHUA","MOCHA",18,1804,2021,7377,10,"Octubre",7.377
"10391","TUNGURAHUA","MOCHA",18,1804,2021,7377,11,"Noviembre",7.377
"10392","TUNGURAHUA","MOCHA",18,1804,2021,7377,12,"Diciembre",7.377
"10393","TUNGURAHUA","MOCHA",18,1804,2022,7382,1,"Enero",7.382
"10394","TUNGURAHUA","MOCHA",18,1804,2022,7382,2,"Febrero",7.382
"10395","TUNGURAHUA","MOCHA",18,1804,2022,7382,3,"Marzo",7.382
"10396","TUNGURAHUA","MOCHA",18,1804,2022,7382,4,"Abril",7.382
"10397","TUNGURAHUA","MOCHA",18,1804,2022,7382,5,"Mayo",7.382
"10398","TUNGURAHUA","MOCHA",18,1804,2022,7382,6,"Junio",7.382
"10399","TUNGURAHUA","MOCHA",18,1804,2022,7382,7,"Julio",7.382
"10400","TUNGURAHUA","MOCHA",18,1804,2022,7382,8,"Agosto",7.382
"10401","TUNGURAHUA","MOCHA",18,1804,2022,7382,9,"Septiembre",7.382
"10402","TUNGURAHUA","MOCHA",18,1804,2022,7382,10,"Octubre",7.382
"10403","TUNGURAHUA","MOCHA",18,1804,2022,7382,11,"Noviembre",7.382
"10404","TUNGURAHUA","MOCHA",18,1804,2022,7382,12,"Diciembre",7.382
"10405","TUNGURAHUA","MOCHA",18,1804,2023,7393,1,"Enero",7.393
"10406","TUNGURAHUA","MOCHA",18,1804,2023,7393,2,"Febrero",7.393
"10407","TUNGURAHUA","MOCHA",18,1804,2023,7393,3,"Marzo",7.393
"10408","TUNGURAHUA","MOCHA",18,1804,2023,7393,4,"Abril",7.393
"10409","TUNGURAHUA","MOCHA",18,1804,2023,7393,5,"Mayo",7.393
"10410","TUNGURAHUA","MOCHA",18,1804,2023,7393,6,"Junio",7.393
"10411","TUNGURAHUA","MOCHA",18,1804,2023,7393,7,"Julio",7.393
"10412","TUNGURAHUA","MOCHA",18,1804,2023,7393,8,"Agosto",7.393
"10413","TUNGURAHUA","MOCHA",18,1804,2023,7393,9,"Septiembre",7.393
"10414","TUNGURAHUA","MOCHA",18,1804,2023,7393,10,"Octubre",7.393
"10415","TUNGURAHUA","MOCHA",18,1804,2023,7393,11,"Noviembre",7.393
"10416","TUNGURAHUA","MOCHA",18,1804,2023,7393,12,"Diciembre",7.393
"10417","TUNGURAHUA","MOCHA",18,1804,2024,7404,1,"Enero",7.404
"10418","TUNGURAHUA","MOCHA",18,1804,2024,7404,2,"Febrero",7.404
"10419","TUNGURAHUA","MOCHA",18,1804,2024,7404,3,"Marzo",7.404
"10420","TUNGURAHUA","MOCHA",18,1804,2024,7404,4,"Abril",7.404
"10421","TUNGURAHUA","MOCHA",18,1804,2024,7404,5,"Mayo",7.404
"10422","TUNGURAHUA","MOCHA",18,1804,2024,7404,6,"Junio",7.404
"10423","TUNGURAHUA","MOCHA",18,1804,2024,7404,7,"Julio",7.404
"10424","TUNGURAHUA","MOCHA",18,1804,2024,7404,8,"Agosto",7.404
"10425","TUNGURAHUA","MOCHA",18,1804,2024,7404,9,"Septiembre",7.404
"10426","TUNGURAHUA","MOCHA",18,1804,2024,7404,10,"Octubre",7.404
"10427","TUNGURAHUA","MOCHA",18,1804,2024,7404,11,"Noviembre",7.404
"10428","TUNGURAHUA","MOCHA",18,1804,2024,7404,12,"Diciembre",7.404
"10429","TUNGURAHUA","MOCHA",18,1804,2025,7418,1,"Enero",7.418
"10430","TUNGURAHUA","MOCHA",18,1804,2025,7418,2,"Febrero",7.418
"10431","TUNGURAHUA","MOCHA",18,1804,2025,7418,3,"Marzo",7.418
"10432","TUNGURAHUA","MOCHA",18,1804,2025,7418,4,"Abril",7.418
"10433","TUNGURAHUA","MOCHA",18,1804,2025,7418,5,"Mayo",7.418
"10434","TUNGURAHUA","MOCHA",18,1804,2025,7418,6,"Junio",7.418
"10435","TUNGURAHUA","MOCHA",18,1804,2025,7418,7,"Julio",7.418
"10436","TUNGURAHUA","MOCHA",18,1804,2025,7418,8,"Agosto",7.418
"10437","TUNGURAHUA","MOCHA",18,1804,2025,7418,9,"Septiembre",7.418
"10438","TUNGURAHUA","MOCHA",18,1804,2025,7418,10,"Octubre",7.418
"10439","TUNGURAHUA","MOCHA",18,1804,2025,7418,11,"Noviembre",7.418
"10440","TUNGURAHUA","MOCHA",18,1804,2025,7418,12,"Diciembre",7.418
"10441","TUNGURAHUA","PATATE",18,1805,2021,14129,1,"Enero",14.129
"10442","TUNGURAHUA","PATATE",18,1805,2021,14129,2,"Febrero",14.129
"10443","TUNGURAHUA","PATATE",18,1805,2021,14129,3,"Marzo",14.129
"10444","TUNGURAHUA","PATATE",18,1805,2021,14129,4,"Abril",14.129
"10445","TUNGURAHUA","PATATE",18,1805,2021,14129,5,"Mayo",14.129
"10446","TUNGURAHUA","PATATE",18,1805,2021,14129,6,"Junio",14.129
"10447","TUNGURAHUA","PATATE",18,1805,2021,14129,7,"Julio",14.129
"10448","TUNGURAHUA","PATATE",18,1805,2021,14129,8,"Agosto",14.129
"10449","TUNGURAHUA","PATATE",18,1805,2021,14129,9,"Septiembre",14.129
"10450","TUNGURAHUA","PATATE",18,1805,2021,14129,10,"Octubre",14.129
"10451","TUNGURAHUA","PATATE",18,1805,2021,14129,11,"Noviembre",14.129
"10452","TUNGURAHUA","PATATE",18,1805,2021,14129,12,"Diciembre",14.129
"10453","TUNGURAHUA","PATATE",18,1805,2022,14101,1,"Enero",14.101
"10454","TUNGURAHUA","PATATE",18,1805,2022,14101,2,"Febrero",14.101
"10455","TUNGURAHUA","PATATE",18,1805,2022,14101,3,"Marzo",14.101
"10456","TUNGURAHUA","PATATE",18,1805,2022,14101,4,"Abril",14.101
"10457","TUNGURAHUA","PATATE",18,1805,2022,14101,5,"Mayo",14.101
"10458","TUNGURAHUA","PATATE",18,1805,2022,14101,6,"Junio",14.101
"10459","TUNGURAHUA","PATATE",18,1805,2022,14101,7,"Julio",14.101
"10460","TUNGURAHUA","PATATE",18,1805,2022,14101,8,"Agosto",14.101
"10461","TUNGURAHUA","PATATE",18,1805,2022,14101,9,"Septiembre",14.101
"10462","TUNGURAHUA","PATATE",18,1805,2022,14101,10,"Octubre",14.101
"10463","TUNGURAHUA","PATATE",18,1805,2022,14101,11,"Noviembre",14.101
"10464","TUNGURAHUA","PATATE",18,1805,2022,14101,12,"Diciembre",14.101
"10465","TUNGURAHUA","PATATE",18,1805,2023,14088,1,"Enero",14.088
"10466","TUNGURAHUA","PATATE",18,1805,2023,14088,2,"Febrero",14.088
"10467","TUNGURAHUA","PATATE",18,1805,2023,14088,3,"Marzo",14.088
"10468","TUNGURAHUA","PATATE",18,1805,2023,14088,4,"Abril",14.088
"10469","TUNGURAHUA","PATATE",18,1805,2023,14088,5,"Mayo",14.088
"10470","TUNGURAHUA","PATATE",18,1805,2023,14088,6,"Junio",14.088
"10471","TUNGURAHUA","PATATE",18,1805,2023,14088,7,"Julio",14.088
"10472","TUNGURAHUA","PATATE",18,1805,2023,14088,8,"Agosto",14.088
"10473","TUNGURAHUA","PATATE",18,1805,2023,14088,9,"Septiembre",14.088
"10474","TUNGURAHUA","PATATE",18,1805,2023,14088,10,"Octubre",14.088
"10475","TUNGURAHUA","PATATE",18,1805,2023,14088,11,"Noviembre",14.088
"10476","TUNGURAHUA","PATATE",18,1805,2023,14088,12,"Diciembre",14.088
"10477","TUNGURAHUA","PATATE",18,1805,2024,14078,1,"Enero",14.078
"10478","TUNGURAHUA","PATATE",18,1805,2024,14078,2,"Febrero",14.078
"10479","TUNGURAHUA","PATATE",18,1805,2024,14078,3,"Marzo",14.078
"10480","TUNGURAHUA","PATATE",18,1805,2024,14078,4,"Abril",14.078
"10481","TUNGURAHUA","PATATE",18,1805,2024,14078,5,"Mayo",14.078
"10482","TUNGURAHUA","PATATE",18,1805,2024,14078,6,"Junio",14.078
"10483","TUNGURAHUA","PATATE",18,1805,2024,14078,7,"Julio",14.078
"10484","TUNGURAHUA","PATATE",18,1805,2024,14078,8,"Agosto",14.078
"10485","TUNGURAHUA","PATATE",18,1805,2024,14078,9,"Septiembre",14.078
"10486","TUNGURAHUA","PATATE",18,1805,2024,14078,10,"Octubre",14.078
"10487","TUNGURAHUA","PATATE",18,1805,2024,14078,11,"Noviembre",14.078
"10488","TUNGURAHUA","PATATE",18,1805,2024,14078,12,"Diciembre",14.078
"10489","TUNGURAHUA","PATATE",18,1805,2025,14070,1,"Enero",14.07
"10490","TUNGURAHUA","PATATE",18,1805,2025,14070,2,"Febrero",14.07
"10491","TUNGURAHUA","PATATE",18,1805,2025,14070,3,"Marzo",14.07
"10492","TUNGURAHUA","PATATE",18,1805,2025,14070,4,"Abril",14.07
"10493","TUNGURAHUA","PATATE",18,1805,2025,14070,5,"Mayo",14.07
"10494","TUNGURAHUA","PATATE",18,1805,2025,14070,6,"Junio",14.07
"10495","TUNGURAHUA","PATATE",18,1805,2025,14070,7,"Julio",14.07
"10496","TUNGURAHUA","PATATE",18,1805,2025,14070,8,"Agosto",14.07
"10497","TUNGURAHUA","PATATE",18,1805,2025,14070,9,"Septiembre",14.07
"10498","TUNGURAHUA","PATATE",18,1805,2025,14070,10,"Octubre",14.07
"10499","TUNGURAHUA","PATATE",18,1805,2025,14070,11,"Noviembre",14.07
"10500","TUNGURAHUA","PATATE",18,1805,2025,14070,12,"Diciembre",14.07
"10501","TUNGURAHUA","QUERO",18,1806,2021,19617,1,"Enero",19.617
"10502","TUNGURAHUA","QUERO",18,1806,2021,19617,2,"Febrero",19.617
"10503","TUNGURAHUA","QUERO",18,1806,2021,19617,3,"Marzo",19.617
"10504","TUNGURAHUA","QUERO",18,1806,2021,19617,4,"Abril",19.617
"10505","TUNGURAHUA","QUERO",18,1806,2021,19617,5,"Mayo",19.617
"10506","TUNGURAHUA","QUERO",18,1806,2021,19617,6,"Junio",19.617
"10507","TUNGURAHUA","QUERO",18,1806,2021,19617,7,"Julio",19.617
"10508","TUNGURAHUA","QUERO",18,1806,2021,19617,8,"Agosto",19.617
"10509","TUNGURAHUA","QUERO",18,1806,2021,19617,9,"Septiembre",19.617
"10510","TUNGURAHUA","QUERO",18,1806,2021,19617,10,"Octubre",19.617
"10511","TUNGURAHUA","QUERO",18,1806,2021,19617,11,"Noviembre",19.617
"10512","TUNGURAHUA","QUERO",18,1806,2021,19617,12,"Diciembre",19.617
"10513","TUNGURAHUA","QUERO",18,1806,2022,19529,1,"Enero",19.529
"10514","TUNGURAHUA","QUERO",18,1806,2022,19529,2,"Febrero",19.529
"10515","TUNGURAHUA","QUERO",18,1806,2022,19529,3,"Marzo",19.529
"10516","TUNGURAHUA","QUERO",18,1806,2022,19529,4,"Abril",19.529
"10517","TUNGURAHUA","QUERO",18,1806,2022,19529,5,"Mayo",19.529
"10518","TUNGURAHUA","QUERO",18,1806,2022,19529,6,"Junio",19.529
"10519","TUNGURAHUA","QUERO",18,1806,2022,19529,7,"Julio",19.529
"10520","TUNGURAHUA","QUERO",18,1806,2022,19529,8,"Agosto",19.529
"10521","TUNGURAHUA","QUERO",18,1806,2022,19529,9,"Septiembre",19.529
"10522","TUNGURAHUA","QUERO",18,1806,2022,19529,10,"Octubre",19.529
"10523","TUNGURAHUA","QUERO",18,1806,2022,19529,11,"Noviembre",19.529
"10524","TUNGURAHUA","QUERO",18,1806,2022,19529,12,"Diciembre",19.529
"10525","TUNGURAHUA","QUERO",18,1806,2023,19463,1,"Enero",19.463
"10526","TUNGURAHUA","QUERO",18,1806,2023,19463,2,"Febrero",19.463
"10527","TUNGURAHUA","QUERO",18,1806,2023,19463,3,"Marzo",19.463
"10528","TUNGURAHUA","QUERO",18,1806,2023,19463,4,"Abril",19.463
"10529","TUNGURAHUA","QUERO",18,1806,2023,19463,5,"Mayo",19.463
"10530","TUNGURAHUA","QUERO",18,1806,2023,19463,6,"Junio",19.463
"10531","TUNGURAHUA","QUERO",18,1806,2023,19463,7,"Julio",19.463
"10532","TUNGURAHUA","QUERO",18,1806,2023,19463,8,"Agosto",19.463
"10533","TUNGURAHUA","QUERO",18,1806,2023,19463,9,"Septiembre",19.463
"10534","TUNGURAHUA","QUERO",18,1806,2023,19463,10,"Octubre",19.463
"10535","TUNGURAHUA","QUERO",18,1806,2023,19463,11,"Noviembre",19.463
"10536","TUNGURAHUA","QUERO",18,1806,2023,19463,12,"Diciembre",19.463
"10537","TUNGURAHUA","QUERO",18,1806,2024,19404,1,"Enero",19.404
"10538","TUNGURAHUA","QUERO",18,1806,2024,19404,2,"Febrero",19.404
"10539","TUNGURAHUA","QUERO",18,1806,2024,19404,3,"Marzo",19.404
"10540","TUNGURAHUA","QUERO",18,1806,2024,19404,4,"Abril",19.404
"10541","TUNGURAHUA","QUERO",18,1806,2024,19404,5,"Mayo",19.404
"10542","TUNGURAHUA","QUERO",18,1806,2024,19404,6,"Junio",19.404
"10543","TUNGURAHUA","QUERO",18,1806,2024,19404,7,"Julio",19.404
"10544","TUNGURAHUA","QUERO",18,1806,2024,19404,8,"Agosto",19.404
"10545","TUNGURAHUA","QUERO",18,1806,2024,19404,9,"Septiembre",19.404
"10546","TUNGURAHUA","QUERO",18,1806,2024,19404,10,"Octubre",19.404
"10547","TUNGURAHUA","QUERO",18,1806,2024,19404,11,"Noviembre",19.404
"10548","TUNGURAHUA","QUERO",18,1806,2024,19404,12,"Diciembre",19.404
"10549","TUNGURAHUA","QUERO",18,1806,2025,19354,1,"Enero",19.354
"10550","TUNGURAHUA","QUERO",18,1806,2025,19354,2,"Febrero",19.354
"10551","TUNGURAHUA","QUERO",18,1806,2025,19354,3,"Marzo",19.354
"10552","TUNGURAHUA","QUERO",18,1806,2025,19354,4,"Abril",19.354
"10553","TUNGURAHUA","QUERO",18,1806,2025,19354,5,"Mayo",19.354
"10554","TUNGURAHUA","QUERO",18,1806,2025,19354,6,"Junio",19.354
"10555","TUNGURAHUA","QUERO",18,1806,2025,19354,7,"Julio",19.354
"10556","TUNGURAHUA","QUERO",18,1806,2025,19354,8,"Agosto",19.354
"10557","TUNGURAHUA","QUERO",18,1806,2025,19354,9,"Septiembre",19.354
"10558","TUNGURAHUA","QUERO",18,1806,2025,19354,10,"Octubre",19.354
"10559","TUNGURAHUA","QUERO",18,1806,2025,19354,11,"Noviembre",19.354
"10560","TUNGURAHUA","QUERO",18,1806,2025,19354,12,"Diciembre",19.354
"10561","TUNGURAHUA","SAN PEDRO DE PELILEO",18,1807,2021,64619,1,"Enero",64.619
"10562","TUNGURAHUA","SAN PEDRO DE PELILEO",18,1807,2021,64619,2,"Febrero",64.619
"10563","TUNGURAHUA","SAN PEDRO DE PELILEO",18,1807,2021,64619,3,"Marzo",64.619
"10564","TUNGURAHUA","SAN PEDRO DE PELILEO",18,1807,2021,64619,4,"Abril",64.619
"10565","TUNGURAHUA","SAN PEDRO DE PELILEO",18,1807,2021,64619,5,"Mayo",64.619
"10566","TUNGURAHUA","SAN PEDRO DE PELILEO",18,1807,2021,64619,6,"Junio",64.619
"10567","TUNGURAHUA","SAN PEDRO DE PELILEO",18,1807,2021,64619,7,"Julio",64.619
"10568","TUNGURAHUA","SAN PEDRO DE PELILEO",18,1807,2021,64619,8,"Agosto",64.619
"10569","TUNGURAHUA","SAN PEDRO DE PELILEO",18,1807,2021,64619,9,"Septiembre",64.619
"10570","TUNGURAHUA","SAN PEDRO DE PELILEO",18,1807,2021,64619,10,"Octubre",64.619
"10571","TUNGURAHUA","SAN PEDRO DE PELILEO",18,1807,2021,64619,11,"Noviembre",64.619
"10572","TUNGURAHUA","SAN PEDRO DE PELILEO",18,1807,2021,64619,12,"Diciembre",64.619
"10573","TUNGURAHUA","SAN PEDRO DE PELILEO",18,1807,2022,64946,1,"Enero",64.946
"10574","TUNGURAHUA","SAN PEDRO DE PELILEO",18,1807,2022,64946,2,"Febrero",64.946
"10575","TUNGURAHUA","SAN PEDRO DE PELILEO",18,1807,2022,64946,3,"Marzo",64.946
"10576","TUNGURAHUA","SAN PEDRO DE PELILEO",18,1807,2022,64946,4,"Abril",64.946
"10577","TUNGURAHUA","SAN PEDRO DE PELILEO",18,1807,2022,64946,5,"Mayo",64.946
"10578","TUNGURAHUA","SAN PEDRO DE PELILEO",18,1807,2022,64946,6,"Junio",64.946
"10579","TUNGURAHUA","SAN PEDRO DE PELILEO",18,1807,2022,64946,7,"Julio",64.946
"10580","TUNGURAHUA","SAN PEDRO DE PELILEO",18,1807,2022,64946,8,"Agosto",64.946
"10581","TUNGURAHUA","SAN PEDRO DE PELILEO",18,1807,2022,64946,9,"Septiembre",64.946
"10582","TUNGURAHUA","SAN PEDRO DE PELILEO",18,1807,2022,64946,10,"Octubre",64.946
"10583","TUNGURAHUA","SAN PEDRO DE PELILEO",18,1807,2022,64946,11,"Noviembre",64.946
"10584","TUNGURAHUA","SAN PEDRO DE PELILEO",18,1807,2022,64946,12,"Diciembre",64.946
"10585","TUNGURAHUA","SAN PEDRO DE PELILEO",18,1807,2023,65333,1,"Enero",65.333
"10586","TUNGURAHUA","SAN PEDRO DE PELILEO",18,1807,2023,65333,2,"Febrero",65.333
"10587","TUNGURAHUA","SAN PEDRO DE PELILEO",18,1807,2023,65333,3,"Marzo",65.333
"10588","TUNGURAHUA","SAN PEDRO DE PELILEO",18,1807,2023,65333,4,"Abril",65.333
"10589","TUNGURAHUA","SAN PEDRO DE PELILEO",18,1807,2023,65333,5,"Mayo",65.333
"10590","TUNGURAHUA","SAN PEDRO DE PELILEO",18,1807,2023,65333,6,"Junio",65.333
"10591","TUNGURAHUA","SAN PEDRO DE PELILEO",18,1807,2023,65333,7,"Julio",65.333
"10592","TUNGURAHUA","SAN PEDRO DE PELILEO",18,1807,2023,65333,8,"Agosto",65.333
"10593","TUNGURAHUA","SAN PEDRO DE PELILEO",18,1807,2023,65333,9,"Septiembre",65.333
"10594","TUNGURAHUA","SAN PEDRO DE PELILEO",18,1807,2023,65333,10,"Octubre",65.333
"10595","TUNGURAHUA","SAN PEDRO DE PELILEO",18,1807,2023,65333,11,"Noviembre",65.333
"10596","TUNGURAHUA","SAN PEDRO DE PELILEO",18,1807,2023,65333,12,"Diciembre",65.333
"10597","TUNGURAHUA","SAN PEDRO DE PELILEO",18,1807,2024,65726,1,"Enero",65.726
"10598","TUNGURAHUA","SAN PEDRO DE PELILEO",18,1807,2024,65726,2,"Febrero",65.726
"10599","TUNGURAHUA","SAN PEDRO DE PELILEO",18,1807,2024,65726,3,"Marzo",65.726
"10600","TUNGURAHUA","SAN PEDRO DE PELILEO",18,1807,2024,65726,4,"Abril",65.726
"10601","TUNGURAHUA","SAN PEDRO DE PELILEO",18,1807,2024,65726,5,"Mayo",65.726
"10602","TUNGURAHUA","SAN PEDRO DE PELILEO",18,1807,2024,65726,6,"Junio",65.726
"10603","TUNGURAHUA","SAN PEDRO DE PELILEO",18,1807,2024,65726,7,"Julio",65.726
"10604","TUNGURAHUA","SAN PEDRO DE PELILEO",18,1807,2024,65726,8,"Agosto",65.726
"10605","TUNGURAHUA","SAN PEDRO DE PELILEO",18,1807,2024,65726,9,"Septiembre",65.726
"10606","TUNGURAHUA","SAN PEDRO DE PELILEO",18,1807,2024,65726,10,"Octubre",65.726
"10607","TUNGURAHUA","SAN PEDRO DE PELILEO",18,1807,2024,65726,11,"Noviembre",65.726
"10608","TUNGURAHUA","SAN PEDRO DE PELILEO",18,1807,2024,65726,12,"Diciembre",65.726
"10609","TUNGURAHUA","SAN PEDRO DE PELILEO",18,1807,2025,66129,1,"Enero",66.129
"10610","TUNGURAHUA","SAN PEDRO DE PELILEO",18,1807,2025,66129,2,"Febrero",66.129
"10611","TUNGURAHUA","SAN PEDRO DE PELILEO",18,1807,2025,66129,3,"Marzo",66.129
"10612","TUNGURAHUA","SAN PEDRO DE PELILEO",18,1807,2025,66129,4,"Abril",66.129
"10613","TUNGURAHUA","SAN PEDRO DE PELILEO",18,1807,2025,66129,5,"Mayo",66.129
"10614","TUNGURAHUA","SAN PEDRO DE PELILEO",18,1807,2025,66129,6,"Junio",66.129
"10615","TUNGURAHUA","SAN PEDRO DE PELILEO",18,1807,2025,66129,7,"Julio",66.129
"10616","TUNGURAHUA","SAN PEDRO DE PELILEO",18,1807,2025,66129,8,"Agosto",66.129
"10617","TUNGURAHUA","SAN PEDRO DE PELILEO",18,1807,2025,66129,9,"Septiembre",66.129
"10618","TUNGURAHUA","SAN PEDRO DE PELILEO",18,1807,2025,66129,10,"Octubre",66.129
"10619","TUNGURAHUA","SAN PEDRO DE PELILEO",18,1807,2025,66129,11,"Noviembre",66.129
"10620","TUNGURAHUA","SAN PEDRO DE PELILEO",18,1807,2025,66129,12,"Diciembre",66.129
"10621","TUNGURAHUA","SANTIAGO DE PILLARO",18,1808,2021,43286,1,"Enero",43.286
"10622","TUNGURAHUA","SANTIAGO DE PILLARO",18,1808,2021,43286,2,"Febrero",43.286
"10623","TUNGURAHUA","SANTIAGO DE PILLARO",18,1808,2021,43286,3,"Marzo",43.286
"10624","TUNGURAHUA","SANTIAGO DE PILLARO",18,1808,2021,43286,4,"Abril",43.286
"10625","TUNGURAHUA","SANTIAGO DE PILLARO",18,1808,2021,43286,5,"Mayo",43.286
"10626","TUNGURAHUA","SANTIAGO DE PILLARO",18,1808,2021,43286,6,"Junio",43.286
"10627","TUNGURAHUA","SANTIAGO DE PILLARO",18,1808,2021,43286,7,"Julio",43.286
"10628","TUNGURAHUA","SANTIAGO DE PILLARO",18,1808,2021,43286,8,"Agosto",43.286
"10629","TUNGURAHUA","SANTIAGO DE PILLARO",18,1808,2021,43286,9,"Septiembre",43.286
"10630","TUNGURAHUA","SANTIAGO DE PILLARO",18,1808,2021,43286,10,"Octubre",43.286
"10631","TUNGURAHUA","SANTIAGO DE PILLARO",18,1808,2021,43286,11,"Noviembre",43.286
"10632","TUNGURAHUA","SANTIAGO DE PILLARO",18,1808,2021,43286,12,"Diciembre",43.286
"10633","TUNGURAHUA","SANTIAGO DE PILLARO",18,1808,2022,43343,1,"Enero",43.343
"10634","TUNGURAHUA","SANTIAGO DE PILLARO",18,1808,2022,43343,2,"Febrero",43.343
"10635","TUNGURAHUA","SANTIAGO DE PILLARO",18,1808,2022,43343,3,"Marzo",43.343
"10636","TUNGURAHUA","SANTIAGO DE PILLARO",18,1808,2022,43343,4,"Abril",43.343
"10637","TUNGURAHUA","SANTIAGO DE PILLARO",18,1808,2022,43343,5,"Mayo",43.343
"10638","TUNGURAHUA","SANTIAGO DE PILLARO",18,1808,2022,43343,6,"Junio",43.343
"10639","TUNGURAHUA","SANTIAGO DE PILLARO",18,1808,2022,43343,7,"Julio",43.343
"10640","TUNGURAHUA","SANTIAGO DE PILLARO",18,1808,2022,43343,8,"Agosto",43.343
"10641","TUNGURAHUA","SANTIAGO DE PILLARO",18,1808,2022,43343,9,"Septiembre",43.343
"10642","TUNGURAHUA","SANTIAGO DE PILLARO",18,1808,2022,43343,10,"Octubre",43.343
"10643","TUNGURAHUA","SANTIAGO DE PILLARO",18,1808,2022,43343,11,"Noviembre",43.343
"10644","TUNGURAHUA","SANTIAGO DE PILLARO",18,1808,2022,43343,12,"Diciembre",43.343
"10645","TUNGURAHUA","SANTIAGO DE PILLARO",18,1808,2023,43441,1,"Enero",43.441
"10646","TUNGURAHUA","SANTIAGO DE PILLARO",18,1808,2023,43441,2,"Febrero",43.441
"10647","TUNGURAHUA","SANTIAGO DE PILLARO",18,1808,2023,43441,3,"Marzo",43.441
"10648","TUNGURAHUA","SANTIAGO DE PILLARO",18,1808,2023,43441,4,"Abril",43.441
"10649","TUNGURAHUA","SANTIAGO DE PILLARO",18,1808,2023,43441,5,"Mayo",43.441
"10650","TUNGURAHUA","SANTIAGO DE PILLARO",18,1808,2023,43441,6,"Junio",43.441
"10651","TUNGURAHUA","SANTIAGO DE PILLARO",18,1808,2023,43441,7,"Julio",43.441
"10652","TUNGURAHUA","SANTIAGO DE PILLARO",18,1808,2023,43441,8,"Agosto",43.441
"10653","TUNGURAHUA","SANTIAGO DE PILLARO",18,1808,2023,43441,9,"Septiembre",43.441
"10654","TUNGURAHUA","SANTIAGO DE PILLARO",18,1808,2023,43441,10,"Octubre",43.441
"10655","TUNGURAHUA","SANTIAGO DE PILLARO",18,1808,2023,43441,11,"Noviembre",43.441
"10656","TUNGURAHUA","SANTIAGO DE PILLARO",18,1808,2023,43441,12,"Diciembre",43.441
"10657","TUNGURAHUA","SANTIAGO DE PILLARO",18,1808,2024,43541,1,"Enero",43.541
"10658","TUNGURAHUA","SANTIAGO DE PILLARO",18,1808,2024,43541,2,"Febrero",43.541
"10659","TUNGURAHUA","SANTIAGO DE PILLARO",18,1808,2024,43541,3,"Marzo",43.541
"10660","TUNGURAHUA","SANTIAGO DE PILLARO",18,1808,2024,43541,4,"Abril",43.541
"10661","TUNGURAHUA","SANTIAGO DE PILLARO",18,1808,2024,43541,5,"Mayo",43.541
"10662","TUNGURAHUA","SANTIAGO DE PILLARO",18,1808,2024,43541,6,"Junio",43.541
"10663","TUNGURAHUA","SANTIAGO DE PILLARO",18,1808,2024,43541,7,"Julio",43.541
"10664","TUNGURAHUA","SANTIAGO DE PILLARO",18,1808,2024,43541,8,"Agosto",43.541
"10665","TUNGURAHUA","SANTIAGO DE PILLARO",18,1808,2024,43541,9,"Septiembre",43.541
"10666","TUNGURAHUA","SANTIAGO DE PILLARO",18,1808,2024,43541,10,"Octubre",43.541
"10667","TUNGURAHUA","SANTIAGO DE PILLARO",18,1808,2024,43541,11,"Noviembre",43.541
"10668","TUNGURAHUA","SANTIAGO DE PILLARO",18,1808,2024,43541,12,"Diciembre",43.541
"10669","TUNGURAHUA","SANTIAGO DE PILLARO",18,1808,2025,43647,1,"Enero",43.647
"10670","TUNGURAHUA","SANTIAGO DE PILLARO",18,1808,2025,43647,2,"Febrero",43.647
"10671","TUNGURAHUA","SANTIAGO DE PILLARO",18,1808,2025,43647,3,"Marzo",43.647
"10672","TUNGURAHUA","SANTIAGO DE PILLARO",18,1808,2025,43647,4,"Abril",43.647
"10673","TUNGURAHUA","SANTIAGO DE PILLARO",18,1808,2025,43647,5,"Mayo",43.647
"10674","TUNGURAHUA","SANTIAGO DE PILLARO",18,1808,2025,43647,6,"Junio",43.647
"10675","TUNGURAHUA","SANTIAGO DE PILLARO",18,1808,2025,43647,7,"Julio",43.647
"10676","TUNGURAHUA","SANTIAGO DE PILLARO",18,1808,2025,43647,8,"Agosto",43.647
"10677","TUNGURAHUA","SANTIAGO DE PILLARO",18,1808,2025,43647,9,"Septiembre",43.647
"10678","TUNGURAHUA","SANTIAGO DE PILLARO",18,1808,2025,43647,10,"Octubre",43.647
"10679","TUNGURAHUA","SANTIAGO DE PILLARO",18,1808,2025,43647,11,"Noviembre",43.647
"10680","TUNGURAHUA","SANTIAGO DE PILLARO",18,1808,2025,43647,12,"Diciembre",43.647
"10681","TUNGURAHUA","TISALEO",18,1809,2021,13921,1,"Enero",13.921
"10682","TUNGURAHUA","TISALEO",18,1809,2021,13921,2,"Febrero",13.921
"10683","TUNGURAHUA","TISALEO",18,1809,2021,13921,3,"Marzo",13.921
"10684","TUNGURAHUA","TISALEO",18,1809,2021,13921,4,"Abril",13.921
"10685","TUNGURAHUA","TISALEO",18,1809,2021,13921,5,"Mayo",13.921
"10686","TUNGURAHUA","TISALEO",18,1809,2021,13921,6,"Junio",13.921
"10687","TUNGURAHUA","TISALEO",18,1809,2021,13921,7,"Julio",13.921
"10688","TUNGURAHUA","TISALEO",18,1809,2021,13921,8,"Agosto",13.921
"10689","TUNGURAHUA","TISALEO",18,1809,2021,13921,9,"Septiembre",13.921
"10690","TUNGURAHUA","TISALEO",18,1809,2021,13921,10,"Octubre",13.921
"10691","TUNGURAHUA","TISALEO",18,1809,2021,13921,11,"Noviembre",13.921
"10692","TUNGURAHUA","TISALEO",18,1809,2021,13921,12,"Diciembre",13.921
"10693","TUNGURAHUA","TISALEO",18,1809,2022,14006,1,"Enero",14.006
"10694","TUNGURAHUA","TISALEO",18,1809,2022,14006,2,"Febrero",14.006
"10695","TUNGURAHUA","TISALEO",18,1809,2022,14006,3,"Marzo",14.006
"10696","TUNGURAHUA","TISALEO",18,1809,2022,14006,4,"Abril",14.006
"10697","TUNGURAHUA","TISALEO",18,1809,2022,14006,5,"Mayo",14.006
"10698","TUNGURAHUA","TISALEO",18,1809,2022,14006,6,"Junio",14.006
"10699","TUNGURAHUA","TISALEO",18,1809,2022,14006,7,"Julio",14.006
"10700","TUNGURAHUA","TISALEO",18,1809,2022,14006,8,"Agosto",14.006
"10701","TUNGURAHUA","TISALEO",18,1809,2022,14006,9,"Septiembre",14.006
"10702","TUNGURAHUA","TISALEO",18,1809,2022,14006,10,"Octubre",14.006
"10703","TUNGURAHUA","TISALEO",18,1809,2022,14006,11,"Noviembre",14.006
"10704","TUNGURAHUA","TISALEO",18,1809,2022,14006,12,"Diciembre",14.006
"10705","TUNGURAHUA","TISALEO",18,1809,2023,14103,1,"Enero",14.103
"10706","TUNGURAHUA","TISALEO",18,1809,2023,14103,2,"Febrero",14.103
"10707","TUNGURAHUA","TISALEO",18,1809,2023,14103,3,"Marzo",14.103
"10708","TUNGURAHUA","TISALEO",18,1809,2023,14103,4,"Abril",14.103
"10709","TUNGURAHUA","TISALEO",18,1809,2023,14103,5,"Mayo",14.103
"10710","TUNGURAHUA","TISALEO",18,1809,2023,14103,6,"Junio",14.103
"10711","TUNGURAHUA","TISALEO",18,1809,2023,14103,7,"Julio",14.103
"10712","TUNGURAHUA","TISALEO",18,1809,2023,14103,8,"Agosto",14.103
"10713","TUNGURAHUA","TISALEO",18,1809,2023,14103,9,"Septiembre",14.103
"10714","TUNGURAHUA","TISALEO",18,1809,2023,14103,10,"Octubre",14.103
"10715","TUNGURAHUA","TISALEO",18,1809,2023,14103,11,"Noviembre",14.103
"10716","TUNGURAHUA","TISALEO",18,1809,2023,14103,12,"Diciembre",14.103
"10717","TUNGURAHUA","TISALEO",18,1809,2024,14202,1,"Enero",14.202
"10718","TUNGURAHUA","TISALEO",18,1809,2024,14202,2,"Febrero",14.202
"10719","TUNGURAHUA","TISALEO",18,1809,2024,14202,3,"Marzo",14.202
"10720","TUNGURAHUA","TISALEO",18,1809,2024,14202,4,"Abril",14.202
"10721","TUNGURAHUA","TISALEO",18,1809,2024,14202,5,"Mayo",14.202
"10722","TUNGURAHUA","TISALEO",18,1809,2024,14202,6,"Junio",14.202
"10723","TUNGURAHUA","TISALEO",18,1809,2024,14202,7,"Julio",14.202
"10724","TUNGURAHUA","TISALEO",18,1809,2024,14202,8,"Agosto",14.202
"10725","TUNGURAHUA","TISALEO",18,1809,2024,14202,9,"Septiembre",14.202
"10726","TUNGURAHUA","TISALEO",18,1809,2024,14202,10,"Octubre",14.202
"10727","TUNGURAHUA","TISALEO",18,1809,2024,14202,11,"Noviembre",14.202
"10728","TUNGURAHUA","TISALEO",18,1809,2024,14202,12,"Diciembre",14.202
"10729","TUNGURAHUA","TISALEO",18,1809,2025,14303,1,"Enero",14.303
"10730","TUNGURAHUA","TISALEO",18,1809,2025,14303,2,"Febrero",14.303
"10731","TUNGURAHUA","TISALEO",18,1809,2025,14303,3,"Marzo",14.303
"10732","TUNGURAHUA","TISALEO",18,1809,2025,14303,4,"Abril",14.303
"10733","TUNGURAHUA","TISALEO",18,1809,2025,14303,5,"Mayo",14.303
"10734","TUNGURAHUA","TISALEO",18,1809,2025,14303,6,"Junio",14.303
"10735","TUNGURAHUA","TISALEO",18,1809,2025,14303,7,"Julio",14.303
"10736","TUNGURAHUA","TISALEO",18,1809,2025,14303,8,"Agosto",14.303
"10737","TUNGURAHUA","TISALEO",18,1809,2025,14303,9,"Septiembre",14.303
"10738","TUNGURAHUA","TISALEO",18,1809,2025,14303,10,"Octubre",14.303
"10739","TUNGURAHUA","TISALEO",18,1809,2025,14303,11,"Noviembre",14.303
"10740","TUNGURAHUA","TISALEO",18,1809,2025,14303,12,"Diciembre",14.303
"10741","GALAPAGOS","SAN CRISTOBAL",20,2001,2021,8640,1,"Enero",8.64
"10742","GALAPAGOS","SAN CRISTOBAL",20,2001,2021,8640,2,"Febrero",8.64
"10743","GALAPAGOS","SAN CRISTOBAL",20,2001,2021,8640,3,"Marzo",8.64
"10744","GALAPAGOS","SAN CRISTOBAL",20,2001,2021,8640,4,"Abril",8.64
"10745","GALAPAGOS","SAN CRISTOBAL",20,2001,2021,8640,5,"Mayo",8.64
"10746","GALAPAGOS","SAN CRISTOBAL",20,2001,2021,8640,6,"Junio",8.64
"10747","GALAPAGOS","SAN CRISTOBAL",20,2001,2021,8640,7,"Julio",8.64
"10748","GALAPAGOS","SAN CRISTOBAL",20,2001,2021,8640,8,"Agosto",8.64
"10749","GALAPAGOS","SAN CRISTOBAL",20,2001,2021,8640,9,"Septiembre",8.64
"10750","GALAPAGOS","SAN CRISTOBAL",20,2001,2021,8640,10,"Octubre",8.64
"10751","GALAPAGOS","SAN CRISTOBAL",20,2001,2021,8640,11,"Noviembre",8.64
"10752","GALAPAGOS","SAN CRISTOBAL",20,2001,2021,8640,12,"Diciembre",8.64
"10753","GALAPAGOS","SAN CRISTOBAL",20,2001,2022,8711,1,"Enero",8.711
"10754","GALAPAGOS","SAN CRISTOBAL",20,2001,2022,8711,2,"Febrero",8.711
"10755","GALAPAGOS","SAN CRISTOBAL",20,2001,2022,8711,3,"Marzo",8.711
"10756","GALAPAGOS","SAN CRISTOBAL",20,2001,2022,8711,4,"Abril",8.711
"10757","GALAPAGOS","SAN CRISTOBAL",20,2001,2022,8711,5,"Mayo",8.711
"10758","GALAPAGOS","SAN CRISTOBAL",20,2001,2022,8711,6,"Junio",8.711
"10759","GALAPAGOS","SAN CRISTOBAL",20,2001,2022,8711,7,"Julio",8.711
"10760","GALAPAGOS","SAN CRISTOBAL",20,2001,2022,8711,8,"Agosto",8.711
"10761","GALAPAGOS","SAN CRISTOBAL",20,2001,2022,8711,9,"Septiembre",8.711
"10762","GALAPAGOS","SAN CRISTOBAL",20,2001,2022,8711,10,"Octubre",8.711
"10763","GALAPAGOS","SAN CRISTOBAL",20,2001,2022,8711,11,"Noviembre",8.711
"10764","GALAPAGOS","SAN CRISTOBAL",20,2001,2022,8711,12,"Diciembre",8.711
"10765","GALAPAGOS","SAN CRISTOBAL",20,2001,2023,8791,1,"Enero",8.791
"10766","GALAPAGOS","SAN CRISTOBAL",20,2001,2023,8791,2,"Febrero",8.791
"10767","GALAPAGOS","SAN CRISTOBAL",20,2001,2023,8791,3,"Marzo",8.791
"10768","GALAPAGOS","SAN CRISTOBAL",20,2001,2023,8791,4,"Abril",8.791
"10769","GALAPAGOS","SAN CRISTOBAL",20,2001,2023,8791,5,"Mayo",8.791
"10770","GALAPAGOS","SAN CRISTOBAL",20,2001,2023,8791,6,"Junio",8.791
"10771","GALAPAGOS","SAN CRISTOBAL",20,2001,2023,8791,7,"Julio",8.791
"10772","GALAPAGOS","SAN CRISTOBAL",20,2001,2023,8791,8,"Agosto",8.791
"10773","GALAPAGOS","SAN CRISTOBAL",20,2001,2023,8791,9,"Septiembre",8.791
"10774","GALAPAGOS","SAN CRISTOBAL",20,2001,2023,8791,10,"Octubre",8.791
"10775","GALAPAGOS","SAN CRISTOBAL",20,2001,2023,8791,11,"Noviembre",8.791
"10776","GALAPAGOS","SAN CRISTOBAL",20,2001,2023,8791,12,"Diciembre",8.791
"10777","GALAPAGOS","SAN CRISTOBAL",20,2001,2024,8850,1,"Enero",8.85
"10778","GALAPAGOS","SAN CRISTOBAL",20,2001,2024,8850,2,"Febrero",8.85
"10779","GALAPAGOS","SAN CRISTOBAL",20,2001,2024,8850,3,"Marzo",8.85
"10780","GALAPAGOS","SAN CRISTOBAL",20,2001,2024,8850,4,"Abril",8.85
"10781","GALAPAGOS","SAN CRISTOBAL",20,2001,2024,8850,5,"Mayo",8.85
"10782","GALAPAGOS","SAN CRISTOBAL",20,2001,2024,8850,6,"Junio",8.85
"10783","GALAPAGOS","SAN CRISTOBAL",20,2001,2024,8850,7,"Julio",8.85
"10784","GALAPAGOS","SAN CRISTOBAL",20,2001,2024,8850,8,"Agosto",8.85
"10785","GALAPAGOS","SAN CRISTOBAL",20,2001,2024,8850,9,"Septiembre",8.85
"10786","GALAPAGOS","SAN CRISTOBAL",20,2001,2024,8850,10,"Octubre",8.85
"10787","GALAPAGOS","SAN CRISTOBAL",20,2001,2024,8850,11,"Noviembre",8.85
"10788","GALAPAGOS","SAN CRISTOBAL",20,2001,2024,8850,12,"Diciembre",8.85
"10789","GALAPAGOS","SAN CRISTOBAL",20,2001,2025,8883,1,"Enero",8.883
"10790","GALAPAGOS","SAN CRISTOBAL",20,2001,2025,8883,2,"Febrero",8.883
"10791","GALAPAGOS","SAN CRISTOBAL",20,2001,2025,8883,3,"Marzo",8.883
"10792","GALAPAGOS","SAN CRISTOBAL",20,2001,2025,8883,4,"Abril",8.883
"10793","GALAPAGOS","SAN CRISTOBAL",20,2001,2025,8883,5,"Mayo",8.883
"10794","GALAPAGOS","SAN CRISTOBAL",20,2001,2025,8883,6,"Junio",8.883
"10795","GALAPAGOS","SAN CRISTOBAL",20,2001,2025,8883,7,"Julio",8.883
"10796","GALAPAGOS","SAN CRISTOBAL",20,2001,2025,8883,8,"Agosto",8.883
"10797","GALAPAGOS","SAN CRISTOBAL",20,2001,2025,8883,9,"Septiembre",8.883
"10798","GALAPAGOS","SAN CRISTOBAL",20,2001,2025,8883,10,"Octubre",8.883
"10799","GALAPAGOS","SAN CRISTOBAL",20,2001,2025,8883,11,"Noviembre",8.883
"10800","GALAPAGOS","SAN CRISTOBAL",20,2001,2025,8883,12,"Diciembre",8.883
"10801","GALAPAGOS","ISABELA",20,2002,2021,3014,1,"Enero",3.014
"10802","GALAPAGOS","ISABELA",20,2002,2021,3014,2,"Febrero",3.014
"10803","GALAPAGOS","ISABELA",20,2002,2021,3014,3,"Marzo",3.014
"10804","GALAPAGOS","ISABELA",20,2002,2021,3014,4,"Abril",3.014
"10805","GALAPAGOS","ISABELA",20,2002,2021,3014,5,"Mayo",3.014
"10806","GALAPAGOS","ISABELA",20,2002,2021,3014,6,"Junio",3.014
"10807","GALAPAGOS","ISABELA",20,2002,2021,3014,7,"Julio",3.014
"10808","GALAPAGOS","ISABELA",20,2002,2021,3014,8,"Agosto",3.014
"10809","GALAPAGOS","ISABELA",20,2002,2021,3014,9,"Septiembre",3.014
"10810","GALAPAGOS","ISABELA",20,2002,2021,3014,10,"Octubre",3.014
"10811","GALAPAGOS","ISABELA",20,2002,2021,3014,11,"Noviembre",3.014
"10812","GALAPAGOS","ISABELA",20,2002,2021,3014,12,"Diciembre",3.014
"10813","GALAPAGOS","ISABELA",20,2002,2022,3079,1,"Enero",3.079
"10814","GALAPAGOS","ISABELA",20,2002,2022,3079,2,"Febrero",3.079
"10815","GALAPAGOS","ISABELA",20,2002,2022,3079,3,"Marzo",3.079
"10816","GALAPAGOS","ISABELA",20,2002,2022,3079,4,"Abril",3.079
"10817","GALAPAGOS","ISABELA",20,2002,2022,3079,5,"Mayo",3.079
"10818","GALAPAGOS","ISABELA",20,2002,2022,3079,6,"Junio",3.079
"10819","GALAPAGOS","ISABELA",20,2002,2022,3079,7,"Julio",3.079
"10820","GALAPAGOS","ISABELA",20,2002,2022,3079,8,"Agosto",3.079
"10821","GALAPAGOS","ISABELA",20,2002,2022,3079,9,"Septiembre",3.079
"10822","GALAPAGOS","ISABELA",20,2002,2022,3079,10,"Octubre",3.079
"10823","GALAPAGOS","ISABELA",20,2002,2022,3079,11,"Noviembre",3.079
"10824","GALAPAGOS","ISABELA",20,2002,2022,3079,12,"Diciembre",3.079
"10825","GALAPAGOS","ISABELA",20,2002,2023,3146,1,"Enero",3.146
"10826","GALAPAGOS","ISABELA",20,2002,2023,3146,2,"Febrero",3.146
"10827","GALAPAGOS","ISABELA",20,2002,2023,3146,3,"Marzo",3.146
"10828","GALAPAGOS","ISABELA",20,2002,2023,3146,4,"Abril",3.146
"10829","GALAPAGOS","ISABELA",20,2002,2023,3146,5,"Mayo",3.146
"10830","GALAPAGOS","ISABELA",20,2002,2023,3146,6,"Junio",3.146
"10831","GALAPAGOS","ISABELA",20,2002,2023,3146,7,"Julio",3.146
"10832","GALAPAGOS","ISABELA",20,2002,2023,3146,8,"Agosto",3.146
"10833","GALAPAGOS","ISABELA",20,2002,2023,3146,9,"Septiembre",3.146
"10834","GALAPAGOS","ISABELA",20,2002,2023,3146,10,"Octubre",3.146
"10835","GALAPAGOS","ISABELA",20,2002,2023,3146,11,"Noviembre",3.146
"10836","GALAPAGOS","ISABELA",20,2002,2023,3146,12,"Diciembre",3.146
"10837","GALAPAGOS","ISABELA",20,2002,2024,3205,1,"Enero",3.205
"10838","GALAPAGOS","ISABELA",20,2002,2024,3205,2,"Febrero",3.205
"10839","GALAPAGOS","ISABELA",20,2002,2024,3205,3,"Marzo",3.205
"10840","GALAPAGOS","ISABELA",20,2002,2024,3205,4,"Abril",3.205
"10841","GALAPAGOS","ISABELA",20,2002,2024,3205,5,"Mayo",3.205
"10842","GALAPAGOS","ISABELA",20,2002,2024,3205,6,"Junio",3.205
"10843","GALAPAGOS","ISABELA",20,2002,2024,3205,7,"Julio",3.205
"10844","GALAPAGOS","ISABELA",20,2002,2024,3205,8,"Agosto",3.205
"10845","GALAPAGOS","ISABELA",20,2002,2024,3205,9,"Septiembre",3.205
"10846","GALAPAGOS","ISABELA",20,2002,2024,3205,10,"Octubre",3.205
"10847","GALAPAGOS","ISABELA",20,2002,2024,3205,11,"Noviembre",3.205
"10848","GALAPAGOS","ISABELA",20,2002,2024,3205,12,"Diciembre",3.205
"10849","GALAPAGOS","ISABELA",20,2002,2025,3253,1,"Enero",3.253
"10850","GALAPAGOS","ISABELA",20,2002,2025,3253,2,"Febrero",3.253
"10851","GALAPAGOS","ISABELA",20,2002,2025,3253,3,"Marzo",3.253
"10852","GALAPAGOS","ISABELA",20,2002,2025,3253,4,"Abril",3.253
"10853","GALAPAGOS","ISABELA",20,2002,2025,3253,5,"Mayo",3.253
"10854","GALAPAGOS","ISABELA",20,2002,2025,3253,6,"Junio",3.253
"10855","GALAPAGOS","ISABELA",20,2002,2025,3253,7,"Julio",3.253
"10856","GALAPAGOS","ISABELA",20,2002,2025,3253,8,"Agosto",3.253
"10857","GALAPAGOS","ISABELA",20,2002,2025,3253,9,"Septiembre",3.253
"10858","GALAPAGOS","ISABELA",20,2002,2025,3253,10,"Octubre",3.253
"10859","GALAPAGOS","ISABELA",20,2002,2025,3253,11,"Noviembre",3.253
"10860","GALAPAGOS","ISABELA",20,2002,2025,3253,12,"Diciembre",3.253
"10861","GALAPAGOS","SANTA CRUZ",20,2003,2021,17494,1,"Enero",17.494
"10862","GALAPAGOS","SANTA CRUZ",20,2003,2021,17494,2,"Febrero",17.494
"10863","GALAPAGOS","SANTA CRUZ",20,2003,2021,17494,3,"Marzo",17.494
"10864","GALAPAGOS","SANTA CRUZ",20,2003,2021,17494,4,"Abril",17.494
"10865","GALAPAGOS","SANTA CRUZ",20,2003,2021,17494,5,"Mayo",17.494
"10866","GALAPAGOS","SANTA CRUZ",20,2003,2021,17494,6,"Junio",17.494
"10867","GALAPAGOS","SANTA CRUZ",20,2003,2021,17494,7,"Julio",17.494
"10868","GALAPAGOS","SANTA CRUZ",20,2003,2021,17494,8,"Agosto",17.494
"10869","GALAPAGOS","SANTA CRUZ",20,2003,2021,17494,9,"Septiembre",17.494
"10870","GALAPAGOS","SANTA CRUZ",20,2003,2021,17494,10,"Octubre",17.494
"10871","GALAPAGOS","SANTA CRUZ",20,2003,2021,17494,11,"Noviembre",17.494
"10872","GALAPAGOS","SANTA CRUZ",20,2003,2021,17494,12,"Diciembre",17.494
"10873","GALAPAGOS","SANTA CRUZ",20,2003,2022,17673,1,"Enero",17.673
"10874","GALAPAGOS","SANTA CRUZ",20,2003,2022,17673,2,"Febrero",17.673
"10875","GALAPAGOS","SANTA CRUZ",20,2003,2022,17673,3,"Marzo",17.673
"10876","GALAPAGOS","SANTA CRUZ",20,2003,2022,17673,4,"Abril",17.673
"10877","GALAPAGOS","SANTA CRUZ",20,2003,2022,17673,5,"Mayo",17.673
"10878","GALAPAGOS","SANTA CRUZ",20,2003,2022,17673,6,"Junio",17.673
"10879","GALAPAGOS","SANTA CRUZ",20,2003,2022,17673,7,"Julio",17.673
"10880","GALAPAGOS","SANTA CRUZ",20,2003,2022,17673,8,"Agosto",17.673
"10881","GALAPAGOS","SANTA CRUZ",20,2003,2022,17673,9,"Septiembre",17.673
"10882","GALAPAGOS","SANTA CRUZ",20,2003,2022,17673,10,"Octubre",17.673
"10883","GALAPAGOS","SANTA CRUZ",20,2003,2022,17673,11,"Noviembre",17.673
"10884","GALAPAGOS","SANTA CRUZ",20,2003,2022,17673,12,"Diciembre",17.673
"10885","GALAPAGOS","SANTA CRUZ",20,2003,2023,17871,1,"Enero",17.871
"10886","GALAPAGOS","SANTA CRUZ",20,2003,2023,17871,2,"Febrero",17.871
"10887","GALAPAGOS","SANTA CRUZ",20,2003,2023,17871,3,"Marzo",17.871
"10888","GALAPAGOS","SANTA CRUZ",20,2003,2023,17871,4,"Abril",17.871
"10889","GALAPAGOS","SANTA CRUZ",20,2003,2023,17871,5,"Mayo",17.871
"10890","GALAPAGOS","SANTA CRUZ",20,2003,2023,17871,6,"Junio",17.871
"10891","GALAPAGOS","SANTA CRUZ",20,2003,2023,17871,7,"Julio",17.871
"10892","GALAPAGOS","SANTA CRUZ",20,2003,2023,17871,8,"Agosto",17.871
"10893","GALAPAGOS","SANTA CRUZ",20,2003,2023,17871,9,"Septiembre",17.871
"10894","GALAPAGOS","SANTA CRUZ",20,2003,2023,17871,10,"Octubre",17.871
"10895","GALAPAGOS","SANTA CRUZ",20,2003,2023,17871,11,"Noviembre",17.871
"10896","GALAPAGOS","SANTA CRUZ",20,2003,2023,17871,12,"Diciembre",17.871
"10897","GALAPAGOS","SANTA CRUZ",20,2003,2024,18027,1,"Enero",18.027
"10898","GALAPAGOS","SANTA CRUZ",20,2003,2024,18027,2,"Febrero",18.027
"10899","GALAPAGOS","SANTA CRUZ",20,2003,2024,18027,3,"Marzo",18.027
"10900","GALAPAGOS","SANTA CRUZ",20,2003,2024,18027,4,"Abril",18.027
"10901","GALAPAGOS","SANTA CRUZ",20,2003,2024,18027,5,"Mayo",18.027
"10902","GALAPAGOS","SANTA CRUZ",20,2003,2024,18027,6,"Junio",18.027
"10903","GALAPAGOS","SANTA CRUZ",20,2003,2024,18027,7,"Julio",18.027
"10904","GALAPAGOS","SANTA CRUZ",20,2003,2024,18027,8,"Agosto",18.027
"10905","GALAPAGOS","SANTA CRUZ",20,2003,2024,18027,9,"Septiembre",18.027
"10906","GALAPAGOS","SANTA CRUZ",20,2003,2024,18027,10,"Octubre",18.027
"10907","GALAPAGOS","SANTA CRUZ",20,2003,2024,18027,11,"Noviembre",18.027
"10908","GALAPAGOS","SANTA CRUZ",20,2003,2024,18027,12,"Diciembre",18.027
"10909","GALAPAGOS","SANTA CRUZ",20,2003,2025,18129,1,"Enero",18.129
"10910","GALAPAGOS","SANTA CRUZ",20,2003,2025,18129,2,"Febrero",18.129
"10911","GALAPAGOS","SANTA CRUZ",20,2003,2025,18129,3,"Marzo",18.129
"10912","GALAPAGOS","SANTA CRUZ",20,2003,2025,18129,4,"Abril",18.129
"10913","GALAPAGOS","SANTA CRUZ",20,2003,2025,18129,5,"Mayo",18.129
"10914","GALAPAGOS","SANTA CRUZ",20,2003,2025,18129,6,"Junio",18.129
"10915","GALAPAGOS","SANTA CRUZ",20,2003,2025,18129,7,"Julio",18.129
"10916","GALAPAGOS","SANTA CRUZ",20,2003,2025,18129,8,"Agosto",18.129
"10917","GALAPAGOS","SANTA CRUZ",20,2003,2025,18129,9,"Septiembre",18.129
"10918","GALAPAGOS","SANTA CRUZ",20,2003,2025,18129,10,"Octubre",18.129
"10919","GALAPAGOS","SANTA CRUZ",20,2003,2025,18129,11,"Noviembre",18.129
"10920","GALAPAGOS","SANTA CRUZ",20,2003,2025,18129,12,"Diciembre",18.129
"10921","SUCUMBIOS","LAGO AGRIO",21,2101,2021,110082,1,"Enero",110.082
"10922","SUCUMBIOS","LAGO AGRIO",21,2101,2021,110082,2,"Febrero",110.082
"10923","SUCUMBIOS","LAGO AGRIO",21,2101,2021,110082,3,"Marzo",110.082
"10924","SUCUMBIOS","LAGO AGRIO",21,2101,2021,110082,4,"Abril",110.082
"10925","SUCUMBIOS","LAGO AGRIO",21,2101,2021,110082,5,"Mayo",110.082
"10926","SUCUMBIOS","LAGO AGRIO",21,2101,2021,110082,6,"Junio",110.082
"10927","SUCUMBIOS","LAGO AGRIO",21,2101,2021,110082,7,"Julio",110.082
"10928","SUCUMBIOS","LAGO AGRIO",21,2101,2021,110082,8,"Agosto",110.082
"10929","SUCUMBIOS","LAGO AGRIO",21,2101,2021,110082,9,"Septiembre",110.082
"10930","SUCUMBIOS","LAGO AGRIO",21,2101,2021,110082,10,"Octubre",110.082
"10931","SUCUMBIOS","LAGO AGRIO",21,2101,2021,110082,11,"Noviembre",110.082
"10932","SUCUMBIOS","LAGO AGRIO",21,2101,2021,110082,12,"Diciembre",110.082
"10933","SUCUMBIOS","LAGO AGRIO",21,2101,2022,109746,1,"Enero",109.746
"10934","SUCUMBIOS","LAGO AGRIO",21,2101,2022,109746,2,"Febrero",109.746
"10935","SUCUMBIOS","LAGO AGRIO",21,2101,2022,109746,3,"Marzo",109.746
"10936","SUCUMBIOS","LAGO AGRIO",21,2101,2022,109746,4,"Abril",109.746
"10937","SUCUMBIOS","LAGO AGRIO",21,2101,2022,109746,5,"Mayo",109.746
"10938","SUCUMBIOS","LAGO AGRIO",21,2101,2022,109746,6,"Junio",109.746
"10939","SUCUMBIOS","LAGO AGRIO",21,2101,2022,109746,7,"Julio",109.746
"10940","SUCUMBIOS","LAGO AGRIO",21,2101,2022,109746,8,"Agosto",109.746
"10941","SUCUMBIOS","LAGO AGRIO",21,2101,2022,109746,9,"Septiembre",109.746
"10942","SUCUMBIOS","LAGO AGRIO",21,2101,2022,109746,10,"Octubre",109.746
"10943","SUCUMBIOS","LAGO AGRIO",21,2101,2022,109746,11,"Noviembre",109.746
"10944","SUCUMBIOS","LAGO AGRIO",21,2101,2022,109746,12,"Diciembre",109.746
"10945","SUCUMBIOS","LAGO AGRIO",21,2101,2023,109211,1,"Enero",109.211
"10946","SUCUMBIOS","LAGO AGRIO",21,2101,2023,109211,2,"Febrero",109.211
"10947","SUCUMBIOS","LAGO AGRIO",21,2101,2023,109211,3,"Marzo",109.211
"10948","SUCUMBIOS","LAGO AGRIO",21,2101,2023,109211,4,"Abril",109.211
"10949","SUCUMBIOS","LAGO AGRIO",21,2101,2023,109211,5,"Mayo",109.211
"10950","SUCUMBIOS","LAGO AGRIO",21,2101,2023,109211,6,"Junio",109.211
"10951","SUCUMBIOS","LAGO AGRIO",21,2101,2023,109211,7,"Julio",109.211
"10952","SUCUMBIOS","LAGO AGRIO",21,2101,2023,109211,8,"Agosto",109.211
"10953","SUCUMBIOS","LAGO AGRIO",21,2101,2023,109211,9,"Septiembre",109.211
"10954","SUCUMBIOS","LAGO AGRIO",21,2101,2023,109211,10,"Octubre",109.211
"10955","SUCUMBIOS","LAGO AGRIO",21,2101,2023,109211,11,"Noviembre",109.211
"10956","SUCUMBIOS","LAGO AGRIO",21,2101,2023,109211,12,"Diciembre",109.211
"10957","SUCUMBIOS","LAGO AGRIO",21,2101,2024,108536,1,"Enero",108.536
"10958","SUCUMBIOS","LAGO AGRIO",21,2101,2024,108536,2,"Febrero",108.536
"10959","SUCUMBIOS","LAGO AGRIO",21,2101,2024,108536,3,"Marzo",108.536
"10960","SUCUMBIOS","LAGO AGRIO",21,2101,2024,108536,4,"Abril",108.536
"10961","SUCUMBIOS","LAGO AGRIO",21,2101,2024,108536,5,"Mayo",108.536
"10962","SUCUMBIOS","LAGO AGRIO",21,2101,2024,108536,6,"Junio",108.536
"10963","SUCUMBIOS","LAGO AGRIO",21,2101,2024,108536,7,"Julio",108.536
"10964","SUCUMBIOS","LAGO AGRIO",21,2101,2024,108536,8,"Agosto",108.536
"10965","SUCUMBIOS","LAGO AGRIO",21,2101,2024,108536,9,"Septiembre",108.536
"10966","SUCUMBIOS","LAGO AGRIO",21,2101,2024,108536,10,"Octubre",108.536
"10967","SUCUMBIOS","LAGO AGRIO",21,2101,2024,108536,11,"Noviembre",108.536
"10968","SUCUMBIOS","LAGO AGRIO",21,2101,2024,108536,12,"Diciembre",108.536
"10969","SUCUMBIOS","LAGO AGRIO",21,2101,2025,107841,1,"Enero",107.841
"10970","SUCUMBIOS","LAGO AGRIO",21,2101,2025,107841,2,"Febrero",107.841
"10971","SUCUMBIOS","LAGO AGRIO",21,2101,2025,107841,3,"Marzo",107.841
"10972","SUCUMBIOS","LAGO AGRIO",21,2101,2025,107841,4,"Abril",107.841
"10973","SUCUMBIOS","LAGO AGRIO",21,2101,2025,107841,5,"Mayo",107.841
"10974","SUCUMBIOS","LAGO AGRIO",21,2101,2025,107841,6,"Junio",107.841
"10975","SUCUMBIOS","LAGO AGRIO",21,2101,2025,107841,7,"Julio",107.841
"10976","SUCUMBIOS","LAGO AGRIO",21,2101,2025,107841,8,"Agosto",107.841
"10977","SUCUMBIOS","LAGO AGRIO",21,2101,2025,107841,9,"Septiembre",107.841
"10978","SUCUMBIOS","LAGO AGRIO",21,2101,2025,107841,10,"Octubre",107.841
"10979","SUCUMBIOS","LAGO AGRIO",21,2101,2025,107841,11,"Noviembre",107.841
"10980","SUCUMBIOS","LAGO AGRIO",21,2101,2025,107841,12,"Diciembre",107.841
"10981","SUCUMBIOS","GONZALO PIZARRO",21,2102,2021,10692,1,"Enero",10.692
"10982","SUCUMBIOS","GONZALO PIZARRO",21,2102,2021,10692,2,"Febrero",10.692
"10983","SUCUMBIOS","GONZALO PIZARRO",21,2102,2021,10692,3,"Marzo",10.692
"10984","SUCUMBIOS","GONZALO PIZARRO",21,2102,2021,10692,4,"Abril",10.692
"10985","SUCUMBIOS","GONZALO PIZARRO",21,2102,2021,10692,5,"Mayo",10.692
"10986","SUCUMBIOS","GONZALO PIZARRO",21,2102,2021,10692,6,"Junio",10.692
"10987","SUCUMBIOS","GONZALO PIZARRO",21,2102,2021,10692,7,"Julio",10.692
"10988","SUCUMBIOS","GONZALO PIZARRO",21,2102,2021,10692,8,"Agosto",10.692
"10989","SUCUMBIOS","GONZALO PIZARRO",21,2102,2021,10692,9,"Septiembre",10.692
"10990","SUCUMBIOS","GONZALO PIZARRO",21,2102,2021,10692,10,"Octubre",10.692
"10991","SUCUMBIOS","GONZALO PIZARRO",21,2102,2021,10692,11,"Noviembre",10.692
"10992","SUCUMBIOS","GONZALO PIZARRO",21,2102,2021,10692,12,"Diciembre",10.692
"10993","SUCUMBIOS","GONZALO PIZARRO",21,2102,2022,10695,1,"Enero",10.695
"10994","SUCUMBIOS","GONZALO PIZARRO",21,2102,2022,10695,2,"Febrero",10.695
"10995","SUCUMBIOS","GONZALO PIZARRO",21,2102,2022,10695,3,"Marzo",10.695
"10996","SUCUMBIOS","GONZALO PIZARRO",21,2102,2022,10695,4,"Abril",10.695
"10997","SUCUMBIOS","GONZALO PIZARRO",21,2102,2022,10695,5,"Mayo",10.695
"10998","SUCUMBIOS","GONZALO PIZARRO",21,2102,2022,10695,6,"Junio",10.695
"10999","SUCUMBIOS","GONZALO PIZARRO",21,2102,2022,10695,7,"Julio",10.695
"11000","SUCUMBIOS","GONZALO PIZARRO",21,2102,2022,10695,8,"Agosto",10.695
"11001","SUCUMBIOS","GONZALO PIZARRO",21,2102,2022,10695,9,"Septiembre",10.695
"11002","SUCUMBIOS","GONZALO PIZARRO",21,2102,2022,10695,10,"Octubre",10.695
"11003","SUCUMBIOS","GONZALO PIZARRO",21,2102,2022,10695,11,"Noviembre",10.695
"11004","SUCUMBIOS","GONZALO PIZARRO",21,2102,2022,10695,12,"Diciembre",10.695
"11005","SUCUMBIOS","GONZALO PIZARRO",21,2102,2023,10677,1,"Enero",10.677
"11006","SUCUMBIOS","GONZALO PIZARRO",21,2102,2023,10677,2,"Febrero",10.677
"11007","SUCUMBIOS","GONZALO PIZARRO",21,2102,2023,10677,3,"Marzo",10.677
"11008","SUCUMBIOS","GONZALO PIZARRO",21,2102,2023,10677,4,"Abril",10.677
"11009","SUCUMBIOS","GONZALO PIZARRO",21,2102,2023,10677,5,"Mayo",10.677
"11010","SUCUMBIOS","GONZALO PIZARRO",21,2102,2023,10677,6,"Junio",10.677
"11011","SUCUMBIOS","GONZALO PIZARRO",21,2102,2023,10677,7,"Julio",10.677
"11012","SUCUMBIOS","GONZALO PIZARRO",21,2102,2023,10677,8,"Agosto",10.677
"11013","SUCUMBIOS","GONZALO PIZARRO",21,2102,2023,10677,9,"Septiembre",10.677
"11014","SUCUMBIOS","GONZALO PIZARRO",21,2102,2023,10677,10,"Octubre",10.677
"11015","SUCUMBIOS","GONZALO PIZARRO",21,2102,2023,10677,11,"Noviembre",10.677
"11016","SUCUMBIOS","GONZALO PIZARRO",21,2102,2023,10677,12,"Diciembre",10.677
"11017","SUCUMBIOS","GONZALO PIZARRO",21,2102,2024,10645,1,"Enero",10.645
"11018","SUCUMBIOS","GONZALO PIZARRO",21,2102,2024,10645,2,"Febrero",10.645
"11019","SUCUMBIOS","GONZALO PIZARRO",21,2102,2024,10645,3,"Marzo",10.645
"11020","SUCUMBIOS","GONZALO PIZARRO",21,2102,2024,10645,4,"Abril",10.645
"11021","SUCUMBIOS","GONZALO PIZARRO",21,2102,2024,10645,5,"Mayo",10.645
"11022","SUCUMBIOS","GONZALO PIZARRO",21,2102,2024,10645,6,"Junio",10.645
"11023","SUCUMBIOS","GONZALO PIZARRO",21,2102,2024,10645,7,"Julio",10.645
"11024","SUCUMBIOS","GONZALO PIZARRO",21,2102,2024,10645,8,"Agosto",10.645
"11025","SUCUMBIOS","GONZALO PIZARRO",21,2102,2024,10645,9,"Septiembre",10.645
"11026","SUCUMBIOS","GONZALO PIZARRO",21,2102,2024,10645,10,"Octubre",10.645
"11027","SUCUMBIOS","GONZALO PIZARRO",21,2102,2024,10645,11,"Noviembre",10.645
"11028","SUCUMBIOS","GONZALO PIZARRO",21,2102,2024,10645,12,"Diciembre",10.645
"11029","SUCUMBIOS","GONZALO PIZARRO",21,2102,2025,10610,1,"Enero",10.61
"11030","SUCUMBIOS","GONZALO PIZARRO",21,2102,2025,10610,2,"Febrero",10.61
"11031","SUCUMBIOS","GONZALO PIZARRO",21,2102,2025,10610,3,"Marzo",10.61
"11032","SUCUMBIOS","GONZALO PIZARRO",21,2102,2025,10610,4,"Abril",10.61
"11033","SUCUMBIOS","GONZALO PIZARRO",21,2102,2025,10610,5,"Mayo",10.61
"11034","SUCUMBIOS","GONZALO PIZARRO",21,2102,2025,10610,6,"Junio",10.61
"11035","SUCUMBIOS","GONZALO PIZARRO",21,2102,2025,10610,7,"Julio",10.61
"11036","SUCUMBIOS","GONZALO PIZARRO",21,2102,2025,10610,8,"Agosto",10.61
"11037","SUCUMBIOS","GONZALO PIZARRO",21,2102,2025,10610,9,"Septiembre",10.61
"11038","SUCUMBIOS","GONZALO PIZARRO",21,2102,2025,10610,10,"Octubre",10.61
"11039","SUCUMBIOS","GONZALO PIZARRO",21,2102,2025,10610,11,"Noviembre",10.61
"11040","SUCUMBIOS","GONZALO PIZARRO",21,2102,2025,10610,12,"Diciembre",10.61
"11041","SUCUMBIOS","PUTUMAYO",21,2103,2021,9459,1,"Enero",9.459
"11042","SUCUMBIOS","PUTUMAYO",21,2103,2021,9459,2,"Febrero",9.459
"11043","SUCUMBIOS","PUTUMAYO",21,2103,2021,9459,3,"Marzo",9.459
"11044","SUCUMBIOS","PUTUMAYO",21,2103,2021,9459,4,"Abril",9.459
"11045","SUCUMBIOS","PUTUMAYO",21,2103,2021,9459,5,"Mayo",9.459
"11046","SUCUMBIOS","PUTUMAYO",21,2103,2021,9459,6,"Junio",9.459
"11047","SUCUMBIOS","PUTUMAYO",21,2103,2021,9459,7,"Julio",9.459
"11048","SUCUMBIOS","PUTUMAYO",21,2103,2021,9459,8,"Agosto",9.459
"11049","SUCUMBIOS","PUTUMAYO",21,2103,2021,9459,9,"Septiembre",9.459
"11050","SUCUMBIOS","PUTUMAYO",21,2103,2021,9459,10,"Octubre",9.459
"11051","SUCUMBIOS","PUTUMAYO",21,2103,2021,9459,11,"Noviembre",9.459
"11052","SUCUMBIOS","PUTUMAYO",21,2103,2021,9459,12,"Diciembre",9.459
"11053","SUCUMBIOS","PUTUMAYO",21,2103,2022,9309,1,"Enero",9.309
"11054","SUCUMBIOS","PUTUMAYO",21,2103,2022,9309,2,"Febrero",9.309
"11055","SUCUMBIOS","PUTUMAYO",21,2103,2022,9309,3,"Marzo",9.309
"11056","SUCUMBIOS","PUTUMAYO",21,2103,2022,9309,4,"Abril",9.309
"11057","SUCUMBIOS","PUTUMAYO",21,2103,2022,9309,5,"Mayo",9.309
"11058","SUCUMBIOS","PUTUMAYO",21,2103,2022,9309,6,"Junio",9.309
"11059","SUCUMBIOS","PUTUMAYO",21,2103,2022,9309,7,"Julio",9.309
"11060","SUCUMBIOS","PUTUMAYO",21,2103,2022,9309,8,"Agosto",9.309
"11061","SUCUMBIOS","PUTUMAYO",21,2103,2022,9309,9,"Septiembre",9.309
"11062","SUCUMBIOS","PUTUMAYO",21,2103,2022,9309,10,"Octubre",9.309
"11063","SUCUMBIOS","PUTUMAYO",21,2103,2022,9309,11,"Noviembre",9.309
"11064","SUCUMBIOS","PUTUMAYO",21,2103,2022,9309,12,"Diciembre",9.309
"11065","SUCUMBIOS","PUTUMAYO",21,2103,2023,9164,1,"Enero",9.164
"11066","SUCUMBIOS","PUTUMAYO",21,2103,2023,9164,2,"Febrero",9.164
"11067","SUCUMBIOS","PUTUMAYO",21,2103,2023,9164,3,"Marzo",9.164
"11068","SUCUMBIOS","PUTUMAYO",21,2103,2023,9164,4,"Abril",9.164
"11069","SUCUMBIOS","PUTUMAYO",21,2103,2023,9164,5,"Mayo",9.164
"11070","SUCUMBIOS","PUTUMAYO",21,2103,2023,9164,6,"Junio",9.164
"11071","SUCUMBIOS","PUTUMAYO",21,2103,2023,9164,7,"Julio",9.164
"11072","SUCUMBIOS","PUTUMAYO",21,2103,2023,9164,8,"Agosto",9.164
"11073","SUCUMBIOS","PUTUMAYO",21,2103,2023,9164,9,"Septiembre",9.164
"11074","SUCUMBIOS","PUTUMAYO",21,2103,2023,9164,10,"Octubre",9.164
"11075","SUCUMBIOS","PUTUMAYO",21,2103,2023,9164,11,"Noviembre",9.164
"11076","SUCUMBIOS","PUTUMAYO",21,2103,2023,9164,12,"Diciembre",9.164
"11077","SUCUMBIOS","PUTUMAYO",21,2103,2024,9026,1,"Enero",9.026
"11078","SUCUMBIOS","PUTUMAYO",21,2103,2024,9026,2,"Febrero",9.026
"11079","SUCUMBIOS","PUTUMAYO",21,2103,2024,9026,3,"Marzo",9.026
"11080","SUCUMBIOS","PUTUMAYO",21,2103,2024,9026,4,"Abril",9.026
"11081","SUCUMBIOS","PUTUMAYO",21,2103,2024,9026,5,"Mayo",9.026
"11082","SUCUMBIOS","PUTUMAYO",21,2103,2024,9026,6,"Junio",9.026
"11083","SUCUMBIOS","PUTUMAYO",21,2103,2024,9026,7,"Julio",9.026
"11084","SUCUMBIOS","PUTUMAYO",21,2103,2024,9026,8,"Agosto",9.026
"11085","SUCUMBIOS","PUTUMAYO",21,2103,2024,9026,9,"Septiembre",9.026
"11086","SUCUMBIOS","PUTUMAYO",21,2103,2024,9026,10,"Octubre",9.026
"11087","SUCUMBIOS","PUTUMAYO",21,2103,2024,9026,11,"Noviembre",9.026
"11088","SUCUMBIOS","PUTUMAYO",21,2103,2024,9026,12,"Diciembre",9.026
"11089","SUCUMBIOS","PUTUMAYO",21,2103,2025,8901,1,"Enero",8.901
"11090","SUCUMBIOS","PUTUMAYO",21,2103,2025,8901,2,"Febrero",8.901
"11091","SUCUMBIOS","PUTUMAYO",21,2103,2025,8901,3,"Marzo",8.901
"11092","SUCUMBIOS","PUTUMAYO",21,2103,2025,8901,4,"Abril",8.901
"11093","SUCUMBIOS","PUTUMAYO",21,2103,2025,8901,5,"Mayo",8.901
"11094","SUCUMBIOS","PUTUMAYO",21,2103,2025,8901,6,"Junio",8.901
"11095","SUCUMBIOS","PUTUMAYO",21,2103,2025,8901,7,"Julio",8.901
"11096","SUCUMBIOS","PUTUMAYO",21,2103,2025,8901,8,"Agosto",8.901
"11097","SUCUMBIOS","PUTUMAYO",21,2103,2025,8901,9,"Septiembre",8.901
"11098","SUCUMBIOS","PUTUMAYO",21,2103,2025,8901,10,"Octubre",8.901
"11099","SUCUMBIOS","PUTUMAYO",21,2103,2025,8901,11,"Noviembre",8.901
"11100","SUCUMBIOS","PUTUMAYO",21,2103,2025,8901,12,"Diciembre",8.901
"11101","SUCUMBIOS","SHUSHUFINDI",21,2104,2021,53081,1,"Enero",53.081
"11102","SUCUMBIOS","SHUSHUFINDI",21,2104,2021,53081,2,"Febrero",53.081
"11103","SUCUMBIOS","SHUSHUFINDI",21,2104,2021,53081,3,"Marzo",53.081
"11104","SUCUMBIOS","SHUSHUFINDI",21,2104,2021,53081,4,"Abril",53.081
"11105","SUCUMBIOS","SHUSHUFINDI",21,2104,2021,53081,5,"Mayo",53.081
"11106","SUCUMBIOS","SHUSHUFINDI",21,2104,2021,53081,6,"Junio",53.081
"11107","SUCUMBIOS","SHUSHUFINDI",21,2104,2021,53081,7,"Julio",53.081
"11108","SUCUMBIOS","SHUSHUFINDI",21,2104,2021,53081,8,"Agosto",53.081
"11109","SUCUMBIOS","SHUSHUFINDI",21,2104,2021,53081,9,"Septiembre",53.081
"11110","SUCUMBIOS","SHUSHUFINDI",21,2104,2021,53081,10,"Octubre",53.081
"11111","SUCUMBIOS","SHUSHUFINDI",21,2104,2021,53081,11,"Noviembre",53.081
"11112","SUCUMBIOS","SHUSHUFINDI",21,2104,2021,53081,12,"Diciembre",53.081
"11113","SUCUMBIOS","SHUSHUFINDI",21,2104,2022,53113,1,"Enero",53.113
"11114","SUCUMBIOS","SHUSHUFINDI",21,2104,2022,53113,2,"Febrero",53.113
"11115","SUCUMBIOS","SHUSHUFINDI",21,2104,2022,53113,3,"Marzo",53.113
"11116","SUCUMBIOS","SHUSHUFINDI",21,2104,2022,53113,4,"Abril",53.113
"11117","SUCUMBIOS","SHUSHUFINDI",21,2104,2022,53113,5,"Mayo",53.113
"11118","SUCUMBIOS","SHUSHUFINDI",21,2104,2022,53113,6,"Junio",53.113
"11119","SUCUMBIOS","SHUSHUFINDI",21,2104,2022,53113,7,"Julio",53.113
"11120","SUCUMBIOS","SHUSHUFINDI",21,2104,2022,53113,8,"Agosto",53.113
"11121","SUCUMBIOS","SHUSHUFINDI",21,2104,2022,53113,9,"Septiembre",53.113
"11122","SUCUMBIOS","SHUSHUFINDI",21,2104,2022,53113,10,"Octubre",53.113
"11123","SUCUMBIOS","SHUSHUFINDI",21,2104,2022,53113,11,"Noviembre",53.113
"11124","SUCUMBIOS","SHUSHUFINDI",21,2104,2022,53113,12,"Diciembre",53.113
"11125","SUCUMBIOS","SHUSHUFINDI",21,2104,2023,53044,1,"Enero",53.044
"11126","SUCUMBIOS","SHUSHUFINDI",21,2104,2023,53044,2,"Febrero",53.044
"11127","SUCUMBIOS","SHUSHUFINDI",21,2104,2023,53044,3,"Marzo",53.044
"11128","SUCUMBIOS","SHUSHUFINDI",21,2104,2023,53044,4,"Abril",53.044
"11129","SUCUMBIOS","SHUSHUFINDI",21,2104,2023,53044,5,"Mayo",53.044
"11130","SUCUMBIOS","SHUSHUFINDI",21,2104,2023,53044,6,"Junio",53.044
"11131","SUCUMBIOS","SHUSHUFINDI",21,2104,2023,53044,7,"Julio",53.044
"11132","SUCUMBIOS","SHUSHUFINDI",21,2104,2023,53044,8,"Agosto",53.044
"11133","SUCUMBIOS","SHUSHUFINDI",21,2104,2023,53044,9,"Septiembre",53.044
"11134","SUCUMBIOS","SHUSHUFINDI",21,2104,2023,53044,10,"Octubre",53.044
"11135","SUCUMBIOS","SHUSHUFINDI",21,2104,2023,53044,11,"Noviembre",53.044
"11136","SUCUMBIOS","SHUSHUFINDI",21,2104,2023,53044,12,"Diciembre",53.044
"11137","SUCUMBIOS","SHUSHUFINDI",21,2104,2024,52902,1,"Enero",52.902
"11138","SUCUMBIOS","SHUSHUFINDI",21,2104,2024,52902,2,"Febrero",52.902
"11139","SUCUMBIOS","SHUSHUFINDI",21,2104,2024,52902,3,"Marzo",52.902
"11140","SUCUMBIOS","SHUSHUFINDI",21,2104,2024,52902,4,"Abril",52.902
"11141","SUCUMBIOS","SHUSHUFINDI",21,2104,2024,52902,5,"Mayo",52.902
"11142","SUCUMBIOS","SHUSHUFINDI",21,2104,2024,52902,6,"Junio",52.902
"11143","SUCUMBIOS","SHUSHUFINDI",21,2104,2024,52902,7,"Julio",52.902
"11144","SUCUMBIOS","SHUSHUFINDI",21,2104,2024,52902,8,"Agosto",52.902
"11145","SUCUMBIOS","SHUSHUFINDI",21,2104,2024,52902,9,"Septiembre",52.902
"11146","SUCUMBIOS","SHUSHUFINDI",21,2104,2024,52902,10,"Octubre",52.902
"11147","SUCUMBIOS","SHUSHUFINDI",21,2104,2024,52902,11,"Noviembre",52.902
"11148","SUCUMBIOS","SHUSHUFINDI",21,2104,2024,52902,12,"Diciembre",52.902
"11149","SUCUMBIOS","SHUSHUFINDI",21,2104,2025,52747,1,"Enero",52.747
"11150","SUCUMBIOS","SHUSHUFINDI",21,2104,2025,52747,2,"Febrero",52.747
"11151","SUCUMBIOS","SHUSHUFINDI",21,2104,2025,52747,3,"Marzo",52.747
"11152","SUCUMBIOS","SHUSHUFINDI",21,2104,2025,52747,4,"Abril",52.747
"11153","SUCUMBIOS","SHUSHUFINDI",21,2104,2025,52747,5,"Mayo",52.747
"11154","SUCUMBIOS","SHUSHUFINDI",21,2104,2025,52747,6,"Junio",52.747
"11155","SUCUMBIOS","SHUSHUFINDI",21,2104,2025,52747,7,"Julio",52.747
"11156","SUCUMBIOS","SHUSHUFINDI",21,2104,2025,52747,8,"Agosto",52.747
"11157","SUCUMBIOS","SHUSHUFINDI",21,2104,2025,52747,9,"Septiembre",52.747
"11158","SUCUMBIOS","SHUSHUFINDI",21,2104,2025,52747,10,"Octubre",52.747
"11159","SUCUMBIOS","SHUSHUFINDI",21,2104,2025,52747,11,"Noviembre",52.747
"11160","SUCUMBIOS","SHUSHUFINDI",21,2104,2025,52747,12,"Diciembre",52.747
"11161","SUCUMBIOS","SUCUMBIOS",21,2105,2021,3297,1,"Enero",3.297
"11162","SUCUMBIOS","SUCUMBIOS",21,2105,2021,3297,2,"Febrero",3.297
"11163","SUCUMBIOS","SUCUMBIOS",21,2105,2021,3297,3,"Marzo",3.297
"11164","SUCUMBIOS","SUCUMBIOS",21,2105,2021,3297,4,"Abril",3.297
"11165","SUCUMBIOS","SUCUMBIOS",21,2105,2021,3297,5,"Mayo",3.297
"11166","SUCUMBIOS","SUCUMBIOS",21,2105,2021,3297,6,"Junio",3.297
"11167","SUCUMBIOS","SUCUMBIOS",21,2105,2021,3297,7,"Julio",3.297
"11168","SUCUMBIOS","SUCUMBIOS",21,2105,2021,3297,8,"Agosto",3.297
"11169","SUCUMBIOS","SUCUMBIOS",21,2105,2021,3297,9,"Septiembre",3.297
"11170","SUCUMBIOS","SUCUMBIOS",21,2105,2021,3297,10,"Octubre",3.297
"11171","SUCUMBIOS","SUCUMBIOS",21,2105,2021,3297,11,"Noviembre",3.297
"11172","SUCUMBIOS","SUCUMBIOS",21,2105,2021,3297,12,"Diciembre",3.297
"11173","SUCUMBIOS","SUCUMBIOS",21,2105,2022,3249,1,"Enero",3.249
"11174","SUCUMBIOS","SUCUMBIOS",21,2105,2022,3249,2,"Febrero",3.249
"11175","SUCUMBIOS","SUCUMBIOS",21,2105,2022,3249,3,"Marzo",3.249
"11176","SUCUMBIOS","SUCUMBIOS",21,2105,2022,3249,4,"Abril",3.249
"11177","SUCUMBIOS","SUCUMBIOS",21,2105,2022,3249,5,"Mayo",3.249
"11178","SUCUMBIOS","SUCUMBIOS",21,2105,2022,3249,6,"Junio",3.249
"11179","SUCUMBIOS","SUCUMBIOS",21,2105,2022,3249,7,"Julio",3.249
"11180","SUCUMBIOS","SUCUMBIOS",21,2105,2022,3249,8,"Agosto",3.249
"11181","SUCUMBIOS","SUCUMBIOS",21,2105,2022,3249,9,"Septiembre",3.249
"11182","SUCUMBIOS","SUCUMBIOS",21,2105,2022,3249,10,"Octubre",3.249
"11183","SUCUMBIOS","SUCUMBIOS",21,2105,2022,3249,11,"Noviembre",3.249
"11184","SUCUMBIOS","SUCUMBIOS",21,2105,2022,3249,12,"Diciembre",3.249
"11185","SUCUMBIOS","SUCUMBIOS",21,2105,2023,3200,1,"Enero",3.2
"11186","SUCUMBIOS","SUCUMBIOS",21,2105,2023,3200,2,"Febrero",3.2
"11187","SUCUMBIOS","SUCUMBIOS",21,2105,2023,3200,3,"Marzo",3.2
"11188","SUCUMBIOS","SUCUMBIOS",21,2105,2023,3200,4,"Abril",3.2
"11189","SUCUMBIOS","SUCUMBIOS",21,2105,2023,3200,5,"Mayo",3.2
"11190","SUCUMBIOS","SUCUMBIOS",21,2105,2023,3200,6,"Junio",3.2
"11191","SUCUMBIOS","SUCUMBIOS",21,2105,2023,3200,7,"Julio",3.2
"11192","SUCUMBIOS","SUCUMBIOS",21,2105,2023,3200,8,"Agosto",3.2
"11193","SUCUMBIOS","SUCUMBIOS",21,2105,2023,3200,9,"Septiembre",3.2
"11194","SUCUMBIOS","SUCUMBIOS",21,2105,2023,3200,10,"Octubre",3.2
"11195","SUCUMBIOS","SUCUMBIOS",21,2105,2023,3200,11,"Noviembre",3.2
"11196","SUCUMBIOS","SUCUMBIOS",21,2105,2023,3200,12,"Diciembre",3.2
"11197","SUCUMBIOS","SUCUMBIOS",21,2105,2024,3154,1,"Enero",3.154
"11198","SUCUMBIOS","SUCUMBIOS",21,2105,2024,3154,2,"Febrero",3.154
"11199","SUCUMBIOS","SUCUMBIOS",21,2105,2024,3154,3,"Marzo",3.154
"11200","SUCUMBIOS","SUCUMBIOS",21,2105,2024,3154,4,"Abril",3.154
"11201","SUCUMBIOS","SUCUMBIOS",21,2105,2024,3154,5,"Mayo",3.154
"11202","SUCUMBIOS","SUCUMBIOS",21,2105,2024,3154,6,"Junio",3.154
"11203","SUCUMBIOS","SUCUMBIOS",21,2105,2024,3154,7,"Julio",3.154
"11204","SUCUMBIOS","SUCUMBIOS",21,2105,2024,3154,8,"Agosto",3.154
"11205","SUCUMBIOS","SUCUMBIOS",21,2105,2024,3154,9,"Septiembre",3.154
"11206","SUCUMBIOS","SUCUMBIOS",21,2105,2024,3154,10,"Octubre",3.154
"11207","SUCUMBIOS","SUCUMBIOS",21,2105,2024,3154,11,"Noviembre",3.154
"11208","SUCUMBIOS","SUCUMBIOS",21,2105,2024,3154,12,"Diciembre",3.154
"11209","SUCUMBIOS","SUCUMBIOS",21,2105,2025,3111,1,"Enero",3.111
"11210","SUCUMBIOS","SUCUMBIOS",21,2105,2025,3111,2,"Febrero",3.111
"11211","SUCUMBIOS","SUCUMBIOS",21,2105,2025,3111,3,"Marzo",3.111
"11212","SUCUMBIOS","SUCUMBIOS",21,2105,2025,3111,4,"Abril",3.111
"11213","SUCUMBIOS","SUCUMBIOS",21,2105,2025,3111,5,"Mayo",3.111
"11214","SUCUMBIOS","SUCUMBIOS",21,2105,2025,3111,6,"Junio",3.111
"11215","SUCUMBIOS","SUCUMBIOS",21,2105,2025,3111,7,"Julio",3.111
"11216","SUCUMBIOS","SUCUMBIOS",21,2105,2025,3111,8,"Agosto",3.111
"11217","SUCUMBIOS","SUCUMBIOS",21,2105,2025,3111,9,"Septiembre",3.111
"11218","SUCUMBIOS","SUCUMBIOS",21,2105,2025,3111,10,"Octubre",3.111
"11219","SUCUMBIOS","SUCUMBIOS",21,2105,2025,3111,11,"Noviembre",3.111
"11220","SUCUMBIOS","SUCUMBIOS",21,2105,2025,3111,12,"Diciembre",3.111
"11221","SUCUMBIOS","CASCALES",21,2106,2021,12138,1,"Enero",12.138
"11222","SUCUMBIOS","CASCALES",21,2106,2021,12138,2,"Febrero",12.138
"11223","SUCUMBIOS","CASCALES",21,2106,2021,12138,3,"Marzo",12.138
"11224","SUCUMBIOS","CASCALES",21,2106,2021,12138,4,"Abril",12.138
"11225","SUCUMBIOS","CASCALES",21,2106,2021,12138,5,"Mayo",12.138
"11226","SUCUMBIOS","CASCALES",21,2106,2021,12138,6,"Junio",12.138
"11227","SUCUMBIOS","CASCALES",21,2106,2021,12138,7,"Julio",12.138
"11228","SUCUMBIOS","CASCALES",21,2106,2021,12138,8,"Agosto",12.138
"11229","SUCUMBIOS","CASCALES",21,2106,2021,12138,9,"Septiembre",12.138
"11230","SUCUMBIOS","CASCALES",21,2106,2021,12138,10,"Octubre",12.138
"11231","SUCUMBIOS","CASCALES",21,2106,2021,12138,11,"Noviembre",12.138
"11232","SUCUMBIOS","CASCALES",21,2106,2021,12138,12,"Diciembre",12.138
"11233","SUCUMBIOS","CASCALES",21,2106,2022,12070,1,"Enero",12.07
"11234","SUCUMBIOS","CASCALES",21,2106,2022,12070,2,"Febrero",12.07
"11235","SUCUMBIOS","CASCALES",21,2106,2022,12070,3,"Marzo",12.07
"11236","SUCUMBIOS","CASCALES",21,2106,2022,12070,4,"Abril",12.07
"11237","SUCUMBIOS","CASCALES",21,2106,2022,12070,5,"Mayo",12.07
"11238","SUCUMBIOS","CASCALES",21,2106,2022,12070,6,"Junio",12.07
"11239","SUCUMBIOS","CASCALES",21,2106,2022,12070,7,"Julio",12.07
"11240","SUCUMBIOS","CASCALES",21,2106,2022,12070,8,"Agosto",12.07
"11241","SUCUMBIOS","CASCALES",21,2106,2022,12070,9,"Septiembre",12.07
"11242","SUCUMBIOS","CASCALES",21,2106,2022,12070,10,"Octubre",12.07
"11243","SUCUMBIOS","CASCALES",21,2106,2022,12070,11,"Noviembre",12.07
"11244","SUCUMBIOS","CASCALES",21,2106,2022,12070,12,"Diciembre",12.07
"11245","SUCUMBIOS","CASCALES",21,2106,2023,11986,1,"Enero",11.986
"11246","SUCUMBIOS","CASCALES",21,2106,2023,11986,2,"Febrero",11.986
"11247","SUCUMBIOS","CASCALES",21,2106,2023,11986,3,"Marzo",11.986
"11248","SUCUMBIOS","CASCALES",21,2106,2023,11986,4,"Abril",11.986
"11249","SUCUMBIOS","CASCALES",21,2106,2023,11986,5,"Mayo",11.986
"11250","SUCUMBIOS","CASCALES",21,2106,2023,11986,6,"Junio",11.986
"11251","SUCUMBIOS","CASCALES",21,2106,2023,11986,7,"Julio",11.986
"11252","SUCUMBIOS","CASCALES",21,2106,2023,11986,8,"Agosto",11.986
"11253","SUCUMBIOS","CASCALES",21,2106,2023,11986,9,"Septiembre",11.986
"11254","SUCUMBIOS","CASCALES",21,2106,2023,11986,10,"Octubre",11.986
"11255","SUCUMBIOS","CASCALES",21,2106,2023,11986,11,"Noviembre",11.986
"11256","SUCUMBIOS","CASCALES",21,2106,2023,11986,12,"Diciembre",11.986
"11257","SUCUMBIOS","CASCALES",21,2106,2024,11889,1,"Enero",11.889
"11258","SUCUMBIOS","CASCALES",21,2106,2024,11889,2,"Febrero",11.889
"11259","SUCUMBIOS","CASCALES",21,2106,2024,11889,3,"Marzo",11.889
"11260","SUCUMBIOS","CASCALES",21,2106,2024,11889,4,"Abril",11.889
"11261","SUCUMBIOS","CASCALES",21,2106,2024,11889,5,"Mayo",11.889
"11262","SUCUMBIOS","CASCALES",21,2106,2024,11889,6,"Junio",11.889
"11263","SUCUMBIOS","CASCALES",21,2106,2024,11889,7,"Julio",11.889
"11264","SUCUMBIOS","CASCALES",21,2106,2024,11889,8,"Agosto",11.889
"11265","SUCUMBIOS","CASCALES",21,2106,2024,11889,9,"Septiembre",11.889
"11266","SUCUMBIOS","CASCALES",21,2106,2024,11889,10,"Octubre",11.889
"11267","SUCUMBIOS","CASCALES",21,2106,2024,11889,11,"Noviembre",11.889
"11268","SUCUMBIOS","CASCALES",21,2106,2024,11889,12,"Diciembre",11.889
"11269","SUCUMBIOS","CASCALES",21,2106,2025,11796,1,"Enero",11.796
"11270","SUCUMBIOS","CASCALES",21,2106,2025,11796,2,"Febrero",11.796
"11271","SUCUMBIOS","CASCALES",21,2106,2025,11796,3,"Marzo",11.796
"11272","SUCUMBIOS","CASCALES",21,2106,2025,11796,4,"Abril",11.796
"11273","SUCUMBIOS","CASCALES",21,2106,2025,11796,5,"Mayo",11.796
"11274","SUCUMBIOS","CASCALES",21,2106,2025,11796,6,"Junio",11.796
"11275","SUCUMBIOS","CASCALES",21,2106,2025,11796,7,"Julio",11.796
"11276","SUCUMBIOS","CASCALES",21,2106,2025,11796,8,"Agosto",11.796
"11277","SUCUMBIOS","CASCALES",21,2106,2025,11796,9,"Septiembre",11.796
"11278","SUCUMBIOS","CASCALES",21,2106,2025,11796,10,"Octubre",11.796
"11279","SUCUMBIOS","CASCALES",21,2106,2025,11796,11,"Noviembre",11.796
"11280","SUCUMBIOS","CASCALES",21,2106,2025,11796,12,"Diciembre",11.796
"11281","SUCUMBIOS","CUYABENO",21,2107,2021,8979,1,"Enero",8.979
"11282","SUCUMBIOS","CUYABENO",21,2107,2021,8979,2,"Febrero",8.979
"11283","SUCUMBIOS","CUYABENO",21,2107,2021,8979,3,"Marzo",8.979
"11284","SUCUMBIOS","CUYABENO",21,2107,2021,8979,4,"Abril",8.979
"11285","SUCUMBIOS","CUYABENO",21,2107,2021,8979,5,"Mayo",8.979
"11286","SUCUMBIOS","CUYABENO",21,2107,2021,8979,6,"Junio",8.979
"11287","SUCUMBIOS","CUYABENO",21,2107,2021,8979,7,"Julio",8.979
"11288","SUCUMBIOS","CUYABENO",21,2107,2021,8979,8,"Agosto",8.979
"11289","SUCUMBIOS","CUYABENO",21,2107,2021,8979,9,"Septiembre",8.979
"11290","SUCUMBIOS","CUYABENO",21,2107,2021,8979,10,"Octubre",8.979
"11291","SUCUMBIOS","CUYABENO",21,2107,2021,8979,11,"Noviembre",8.979
"11292","SUCUMBIOS","CUYABENO",21,2107,2021,8979,12,"Diciembre",8.979
"11293","SUCUMBIOS","CUYABENO",21,2107,2022,9039,1,"Enero",9.039
"11294","SUCUMBIOS","CUYABENO",21,2107,2022,9039,2,"Febrero",9.039
"11295","SUCUMBIOS","CUYABENO",21,2107,2022,9039,3,"Marzo",9.039
"11296","SUCUMBIOS","CUYABENO",21,2107,2022,9039,4,"Abril",9.039
"11297","SUCUMBIOS","CUYABENO",21,2107,2022,9039,5,"Mayo",9.039
"11298","SUCUMBIOS","CUYABENO",21,2107,2022,9039,6,"Junio",9.039
"11299","SUCUMBIOS","CUYABENO",21,2107,2022,9039,7,"Julio",9.039
"11300","SUCUMBIOS","CUYABENO",21,2107,2022,9039,8,"Agosto",9.039
"11301","SUCUMBIOS","CUYABENO",21,2107,2022,9039,9,"Septiembre",9.039
"11302","SUCUMBIOS","CUYABENO",21,2107,2022,9039,10,"Octubre",9.039
"11303","SUCUMBIOS","CUYABENO",21,2107,2022,9039,11,"Noviembre",9.039
"11304","SUCUMBIOS","CUYABENO",21,2107,2022,9039,12,"Diciembre",9.039
"11305","SUCUMBIOS","CUYABENO",21,2107,2023,9078,1,"Enero",9.078
"11306","SUCUMBIOS","CUYABENO",21,2107,2023,9078,2,"Febrero",9.078
"11307","SUCUMBIOS","CUYABENO",21,2107,2023,9078,3,"Marzo",9.078
"11308","SUCUMBIOS","CUYABENO",21,2107,2023,9078,4,"Abril",9.078
"11309","SUCUMBIOS","CUYABENO",21,2107,2023,9078,5,"Mayo",9.078
"11310","SUCUMBIOS","CUYABENO",21,2107,2023,9078,6,"Junio",9.078
"11311","SUCUMBIOS","CUYABENO",21,2107,2023,9078,7,"Julio",9.078
"11312","SUCUMBIOS","CUYABENO",21,2107,2023,9078,8,"Agosto",9.078
"11313","SUCUMBIOS","CUYABENO",21,2107,2023,9078,9,"Septiembre",9.078
"11314","SUCUMBIOS","CUYABENO",21,2107,2023,9078,10,"Octubre",9.078
"11315","SUCUMBIOS","CUYABENO",21,2107,2023,9078,11,"Noviembre",9.078
"11316","SUCUMBIOS","CUYABENO",21,2107,2023,9078,12,"Diciembre",9.078
"11317","SUCUMBIOS","CUYABENO",21,2107,2024,9101,1,"Enero",9.101
"11318","SUCUMBIOS","CUYABENO",21,2107,2024,9101,2,"Febrero",9.101
"11319","SUCUMBIOS","CUYABENO",21,2107,2024,9101,3,"Marzo",9.101
"11320","SUCUMBIOS","CUYABENO",21,2107,2024,9101,4,"Abril",9.101
"11321","SUCUMBIOS","CUYABENO",21,2107,2024,9101,5,"Mayo",9.101
"11322","SUCUMBIOS","CUYABENO",21,2107,2024,9101,6,"Junio",9.101
"11323","SUCUMBIOS","CUYABENO",21,2107,2024,9101,7,"Julio",9.101
"11324","SUCUMBIOS","CUYABENO",21,2107,2024,9101,8,"Agosto",9.101
"11325","SUCUMBIOS","CUYABENO",21,2107,2024,9101,9,"Septiembre",9.101
"11326","SUCUMBIOS","CUYABENO",21,2107,2024,9101,10,"Octubre",9.101
"11327","SUCUMBIOS","CUYABENO",21,2107,2024,9101,11,"Noviembre",9.101
"11328","SUCUMBIOS","CUYABENO",21,2107,2024,9101,12,"Diciembre",9.101
"11329","SUCUMBIOS","CUYABENO",21,2107,2025,9115,1,"Enero",9.115
"11330","SUCUMBIOS","CUYABENO",21,2107,2025,9115,2,"Febrero",9.115
"11331","SUCUMBIOS","CUYABENO",21,2107,2025,9115,3,"Marzo",9.115
"11332","SUCUMBIOS","CUYABENO",21,2107,2025,9115,4,"Abril",9.115
"11333","SUCUMBIOS","CUYABENO",21,2107,2025,9115,5,"Mayo",9.115
"11334","SUCUMBIOS","CUYABENO",21,2107,2025,9115,6,"Junio",9.115
"11335","SUCUMBIOS","CUYABENO",21,2107,2025,9115,7,"Julio",9.115
"11336","SUCUMBIOS","CUYABENO",21,2107,2025,9115,8,"Agosto",9.115
"11337","SUCUMBIOS","CUYABENO",21,2107,2025,9115,9,"Septiembre",9.115
"11338","SUCUMBIOS","CUYABENO",21,2107,2025,9115,10,"Octubre",9.115
"11339","SUCUMBIOS","CUYABENO",21,2107,2025,9115,11,"Noviembre",9.115
"11340","SUCUMBIOS","CUYABENO",21,2107,2025,9115,12,"Diciembre",9.115
"11341","ORELLANA","AGUARICO",22,2202,2021,6955,1,"Enero",6.955
"11342","ORELLANA","AGUARICO",22,2202,2021,6955,2,"Febrero",6.955
"11343","ORELLANA","AGUARICO",22,2202,2021,6955,3,"Marzo",6.955
"11344","ORELLANA","AGUARICO",22,2202,2021,6955,4,"Abril",6.955
"11345","ORELLANA","AGUARICO",22,2202,2021,6955,5,"Mayo",6.955
"11346","ORELLANA","AGUARICO",22,2202,2021,6955,6,"Junio",6.955
"11347","ORELLANA","AGUARICO",22,2202,2021,6955,7,"Julio",6.955
"11348","ORELLANA","AGUARICO",22,2202,2021,6955,8,"Agosto",6.955
"11349","ORELLANA","AGUARICO",22,2202,2021,6955,9,"Septiembre",6.955
"11350","ORELLANA","AGUARICO",22,2202,2021,6955,10,"Octubre",6.955
"11351","ORELLANA","AGUARICO",22,2202,2021,6955,11,"Noviembre",6.955
"11352","ORELLANA","AGUARICO",22,2202,2021,6955,12,"Diciembre",6.955
"11353","ORELLANA","AGUARICO",22,2202,2022,7114,1,"Enero",7.114
"11354","ORELLANA","AGUARICO",22,2202,2022,7114,2,"Febrero",7.114
"11355","ORELLANA","AGUARICO",22,2202,2022,7114,3,"Marzo",7.114
"11356","ORELLANA","AGUARICO",22,2202,2022,7114,4,"Abril",7.114
"11357","ORELLANA","AGUARICO",22,2202,2022,7114,5,"Mayo",7.114
"11358","ORELLANA","AGUARICO",22,2202,2022,7114,6,"Junio",7.114
"11359","ORELLANA","AGUARICO",22,2202,2022,7114,7,"Julio",7.114
"11360","ORELLANA","AGUARICO",22,2202,2022,7114,8,"Agosto",7.114
"11361","ORELLANA","AGUARICO",22,2202,2022,7114,9,"Septiembre",7.114
"11362","ORELLANA","AGUARICO",22,2202,2022,7114,10,"Octubre",7.114
"11363","ORELLANA","AGUARICO",22,2202,2022,7114,11,"Noviembre",7.114
"11364","ORELLANA","AGUARICO",22,2202,2022,7114,12,"Diciembre",7.114
"11365","ORELLANA","AGUARICO",22,2202,2023,7271,1,"Enero",7.271
"11366","ORELLANA","AGUARICO",22,2202,2023,7271,2,"Febrero",7.271
"11367","ORELLANA","AGUARICO",22,2202,2023,7271,3,"Marzo",7.271
"11368","ORELLANA","AGUARICO",22,2202,2023,7271,4,"Abril",7.271
"11369","ORELLANA","AGUARICO",22,2202,2023,7271,5,"Mayo",7.271
"11370","ORELLANA","AGUARICO",22,2202,2023,7271,6,"Junio",7.271
"11371","ORELLANA","AGUARICO",22,2202,2023,7271,7,"Julio",7.271
"11372","ORELLANA","AGUARICO",22,2202,2023,7271,8,"Agosto",7.271
"11373","ORELLANA","AGUARICO",22,2202,2023,7271,9,"Septiembre",7.271
"11374","ORELLANA","AGUARICO",22,2202,2023,7271,10,"Octubre",7.271
"11375","ORELLANA","AGUARICO",22,2202,2023,7271,11,"Noviembre",7.271
"11376","ORELLANA","AGUARICO",22,2202,2023,7271,12,"Diciembre",7.271
"11377","ORELLANA","AGUARICO",22,2202,2024,7423,1,"Enero",7.423
"11378","ORELLANA","AGUARICO",22,2202,2024,7423,2,"Febrero",7.423
"11379","ORELLANA","AGUARICO",22,2202,2024,7423,3,"Marzo",7.423
"11380","ORELLANA","AGUARICO",22,2202,2024,7423,4,"Abril",7.423
"11381","ORELLANA","AGUARICO",22,2202,2024,7423,5,"Mayo",7.423
"11382","ORELLANA","AGUARICO",22,2202,2024,7423,6,"Junio",7.423
"11383","ORELLANA","AGUARICO",22,2202,2024,7423,7,"Julio",7.423
"11384","ORELLANA","AGUARICO",22,2202,2024,7423,8,"Agosto",7.423
"11385","ORELLANA","AGUARICO",22,2202,2024,7423,9,"Septiembre",7.423
"11386","ORELLANA","AGUARICO",22,2202,2024,7423,10,"Octubre",7.423
"11387","ORELLANA","AGUARICO",22,2202,2024,7423,11,"Noviembre",7.423
"11388","ORELLANA","AGUARICO",22,2202,2024,7423,12,"Diciembre",7.423
"11389","ORELLANA","AGUARICO",22,2202,2025,7574,1,"Enero",7.574
"11390","ORELLANA","AGUARICO",22,2202,2025,7574,2,"Febrero",7.574
"11391","ORELLANA","AGUARICO",22,2202,2025,7574,3,"Marzo",7.574
"11392","ORELLANA","AGUARICO",22,2202,2025,7574,4,"Abril",7.574
"11393","ORELLANA","AGUARICO",22,2202,2025,7574,5,"Mayo",7.574
"11394","ORELLANA","AGUARICO",22,2202,2025,7574,6,"Junio",7.574
"11395","ORELLANA","AGUARICO",22,2202,2025,7574,7,"Julio",7.574
"11396","ORELLANA","AGUARICO",22,2202,2025,7574,8,"Agosto",7.574
"11397","ORELLANA","AGUARICO",22,2202,2025,7574,9,"Septiembre",7.574
"11398","ORELLANA","AGUARICO",22,2202,2025,7574,10,"Octubre",7.574
"11399","ORELLANA","AGUARICO",22,2202,2025,7574,11,"Noviembre",7.574
"11400","ORELLANA","AGUARICO",22,2202,2025,7574,12,"Diciembre",7.574
"11401","ORELLANA","LA JOYA DE LOS SACHAS",22,2203,2021,51784,1,"Enero",51.784
"11402","ORELLANA","LA JOYA DE LOS SACHAS",22,2203,2021,51784,2,"Febrero",51.784
"11403","ORELLANA","LA JOYA DE LOS SACHAS",22,2203,2021,51784,3,"Marzo",51.784
"11404","ORELLANA","LA JOYA DE LOS SACHAS",22,2203,2021,51784,4,"Abril",51.784
"11405","ORELLANA","LA JOYA DE LOS SACHAS",22,2203,2021,51784,5,"Mayo",51.784
"11406","ORELLANA","LA JOYA DE LOS SACHAS",22,2203,2021,51784,6,"Junio",51.784
"11407","ORELLANA","LA JOYA DE LOS SACHAS",22,2203,2021,51784,7,"Julio",51.784
"11408","ORELLANA","LA JOYA DE LOS SACHAS",22,2203,2021,51784,8,"Agosto",51.784
"11409","ORELLANA","LA JOYA DE LOS SACHAS",22,2203,2021,51784,9,"Septiembre",51.784
"11410","ORELLANA","LA JOYA DE LOS SACHAS",22,2203,2021,51784,10,"Octubre",51.784
"11411","ORELLANA","LA JOYA DE LOS SACHAS",22,2203,2021,51784,11,"Noviembre",51.784
"11412","ORELLANA","LA JOYA DE LOS SACHAS",22,2203,2021,51784,12,"Diciembre",51.784
"11413","ORELLANA","LA JOYA DE LOS SACHAS",22,2203,2022,52970,1,"Enero",52.97
"11414","ORELLANA","LA JOYA DE LOS SACHAS",22,2203,2022,52970,2,"Febrero",52.97
"11415","ORELLANA","LA JOYA DE LOS SACHAS",22,2203,2022,52970,3,"Marzo",52.97
"11416","ORELLANA","LA JOYA DE LOS SACHAS",22,2203,2022,52970,4,"Abril",52.97
"11417","ORELLANA","LA JOYA DE LOS SACHAS",22,2203,2022,52970,5,"Mayo",52.97
"11418","ORELLANA","LA JOYA DE LOS SACHAS",22,2203,2022,52970,6,"Junio",52.97
"11419","ORELLANA","LA JOYA DE LOS SACHAS",22,2203,2022,52970,7,"Julio",52.97
"11420","ORELLANA","LA JOYA DE LOS SACHAS",22,2203,2022,52970,8,"Agosto",52.97
"11421","ORELLANA","LA JOYA DE LOS SACHAS",22,2203,2022,52970,9,"Septiembre",52.97
"11422","ORELLANA","LA JOYA DE LOS SACHAS",22,2203,2022,52970,10,"Octubre",52.97
"11423","ORELLANA","LA JOYA DE LOS SACHAS",22,2203,2022,52970,11,"Noviembre",52.97
"11424","ORELLANA","LA JOYA DE LOS SACHAS",22,2203,2022,52970,12,"Diciembre",52.97
"11425","ORELLANA","LA JOYA DE LOS SACHAS",22,2203,2023,54137,1,"Enero",54.137
"11426","ORELLANA","LA JOYA DE LOS SACHAS",22,2203,2023,54137,2,"Febrero",54.137
"11427","ORELLANA","LA JOYA DE LOS SACHAS",22,2203,2023,54137,3,"Marzo",54.137
"11428","ORELLANA","LA JOYA DE LOS SACHAS",22,2203,2023,54137,4,"Abril",54.137
"11429","ORELLANA","LA JOYA DE LOS SACHAS",22,2203,2023,54137,5,"Mayo",54.137
"11430","ORELLANA","LA JOYA DE LOS SACHAS",22,2203,2023,54137,6,"Junio",54.137
"11431","ORELLANA","LA JOYA DE LOS SACHAS",22,2203,2023,54137,7,"Julio",54.137
"11432","ORELLANA","LA JOYA DE LOS SACHAS",22,2203,2023,54137,8,"Agosto",54.137
"11433","ORELLANA","LA JOYA DE LOS SACHAS",22,2203,2023,54137,9,"Septiembre",54.137
"11434","ORELLANA","LA JOYA DE LOS SACHAS",22,2203,2023,54137,10,"Octubre",54.137
"11435","ORELLANA","LA JOYA DE LOS SACHAS",22,2203,2023,54137,11,"Noviembre",54.137
"11436","ORELLANA","LA JOYA DE LOS SACHAS",22,2203,2023,54137,12,"Diciembre",54.137
"11437","ORELLANA","LA JOYA DE LOS SACHAS",22,2203,2024,55268,1,"Enero",55.268
"11438","ORELLANA","LA JOYA DE LOS SACHAS",22,2203,2024,55268,2,"Febrero",55.268
"11439","ORELLANA","LA JOYA DE LOS SACHAS",22,2203,2024,55268,3,"Marzo",55.268
"11440","ORELLANA","LA JOYA DE LOS SACHAS",22,2203,2024,55268,4,"Abril",55.268
"11441","ORELLANA","LA JOYA DE LOS SACHAS",22,2203,2024,55268,5,"Mayo",55.268
"11442","ORELLANA","LA JOYA DE LOS SACHAS",22,2203,2024,55268,6,"Junio",55.268
"11443","ORELLANA","LA JOYA DE LOS SACHAS",22,2203,2024,55268,7,"Julio",55.268
"11444","ORELLANA","LA JOYA DE LOS SACHAS",22,2203,2024,55268,8,"Agosto",55.268
"11445","ORELLANA","LA JOYA DE LOS SACHAS",22,2203,2024,55268,9,"Septiembre",55.268
"11446","ORELLANA","LA JOYA DE LOS SACHAS",22,2203,2024,55268,10,"Octubre",55.268
"11447","ORELLANA","LA JOYA DE LOS SACHAS",22,2203,2024,55268,11,"Noviembre",55.268
"11448","ORELLANA","LA JOYA DE LOS SACHAS",22,2203,2024,55268,12,"Diciembre",55.268
"11449","ORELLANA","LA JOYA DE LOS SACHAS",22,2203,2025,56383,1,"Enero",56.383
"11450","ORELLANA","LA JOYA DE LOS SACHAS",22,2203,2025,56383,2,"Febrero",56.383
"11451","ORELLANA","LA JOYA DE LOS SACHAS",22,2203,2025,56383,3,"Marzo",56.383
"11452","ORELLANA","LA JOYA DE LOS SACHAS",22,2203,2025,56383,4,"Abril",56.383
"11453","ORELLANA","LA JOYA DE LOS SACHAS",22,2203,2025,56383,5,"Mayo",56.383
"11454","ORELLANA","LA JOYA DE LOS SACHAS",22,2203,2025,56383,6,"Junio",56.383
"11455","ORELLANA","LA JOYA DE LOS SACHAS",22,2203,2025,56383,7,"Julio",56.383
"11456","ORELLANA","LA JOYA DE LOS SACHAS",22,2203,2025,56383,8,"Agosto",56.383
"11457","ORELLANA","LA JOYA DE LOS SACHAS",22,2203,2025,56383,9,"Septiembre",56.383
"11458","ORELLANA","LA JOYA DE LOS SACHAS",22,2203,2025,56383,10,"Octubre",56.383
"11459","ORELLANA","LA JOYA DE LOS SACHAS",22,2203,2025,56383,11,"Noviembre",56.383
"11460","ORELLANA","LA JOYA DE LOS SACHAS",22,2203,2025,56383,12,"Diciembre",56.383
"11461","ORELLANA","LORETO",22,2204,2021,28463,1,"Enero",28.463
"11462","ORELLANA","LORETO",22,2204,2021,28463,2,"Febrero",28.463
"11463","ORELLANA","LORETO",22,2204,2021,28463,3,"Marzo",28.463
"11464","ORELLANA","LORETO",22,2204,2021,28463,4,"Abril",28.463
"11465","ORELLANA","LORETO",22,2204,2021,28463,5,"Mayo",28.463
"11466","ORELLANA","LORETO",22,2204,2021,28463,6,"Junio",28.463
"11467","ORELLANA","LORETO",22,2204,2021,28463,7,"Julio",28.463
"11468","ORELLANA","LORETO",22,2204,2021,28463,8,"Agosto",28.463
"11469","ORELLANA","LORETO",22,2204,2021,28463,9,"Septiembre",28.463
"11470","ORELLANA","LORETO",22,2204,2021,28463,10,"Octubre",28.463
"11471","ORELLANA","LORETO",22,2204,2021,28463,11,"Noviembre",28.463
"11472","ORELLANA","LORETO",22,2204,2021,28463,12,"Diciembre",28.463
"11473","ORELLANA","LORETO",22,2204,2022,28978,1,"Enero",28.978
"11474","ORELLANA","LORETO",22,2204,2022,28978,2,"Febrero",28.978
"11475","ORELLANA","LORETO",22,2204,2022,28978,3,"Marzo",28.978
"11476","ORELLANA","LORETO",22,2204,2022,28978,4,"Abril",28.978
"11477","ORELLANA","LORETO",22,2204,2022,28978,5,"Mayo",28.978
"11478","ORELLANA","LORETO",22,2204,2022,28978,6,"Junio",28.978
"11479","ORELLANA","LORETO",22,2204,2022,28978,7,"Julio",28.978
"11480","ORELLANA","LORETO",22,2204,2022,28978,8,"Agosto",28.978
"11481","ORELLANA","LORETO",22,2204,2022,28978,9,"Septiembre",28.978
"11482","ORELLANA","LORETO",22,2204,2022,28978,10,"Octubre",28.978
"11483","ORELLANA","LORETO",22,2204,2022,28978,11,"Noviembre",28.978
"11484","ORELLANA","LORETO",22,2204,2022,28978,12,"Diciembre",28.978
"11485","ORELLANA","LORETO",22,2204,2023,29477,1,"Enero",29.477
"11486","ORELLANA","LORETO",22,2204,2023,29477,2,"Febrero",29.477
"11487","ORELLANA","LORETO",22,2204,2023,29477,3,"Marzo",29.477
"11488","ORELLANA","LORETO",22,2204,2023,29477,4,"Abril",29.477
"11489","ORELLANA","LORETO",22,2204,2023,29477,5,"Mayo",29.477
"11490","ORELLANA","LORETO",22,2204,2023,29477,6,"Junio",29.477
"11491","ORELLANA","LORETO",22,2204,2023,29477,7,"Julio",29.477
"11492","ORELLANA","LORETO",22,2204,2023,29477,8,"Agosto",29.477
"11493","ORELLANA","LORETO",22,2204,2023,29477,9,"Septiembre",29.477
"11494","ORELLANA","LORETO",22,2204,2023,29477,10,"Octubre",29.477
"11495","ORELLANA","LORETO",22,2204,2023,29477,11,"Noviembre",29.477
"11496","ORELLANA","LORETO",22,2204,2023,29477,12,"Diciembre",29.477
"11497","ORELLANA","LORETO",22,2204,2024,29955,1,"Enero",29.955
"11498","ORELLANA","LORETO",22,2204,2024,29955,2,"Febrero",29.955
"11499","ORELLANA","LORETO",22,2204,2024,29955,3,"Marzo",29.955
"11500","ORELLANA","LORETO",22,2204,2024,29955,4,"Abril",29.955
"11501","ORELLANA","LORETO",22,2204,2024,29955,5,"Mayo",29.955
"11502","ORELLANA","LORETO",22,2204,2024,29955,6,"Junio",29.955
"11503","ORELLANA","LORETO",22,2204,2024,29955,7,"Julio",29.955
"11504","ORELLANA","LORETO",22,2204,2024,29955,8,"Agosto",29.955
"11505","ORELLANA","LORETO",22,2204,2024,29955,9,"Septiembre",29.955
"11506","ORELLANA","LORETO",22,2204,2024,29955,10,"Octubre",29.955
"11507","ORELLANA","LORETO",22,2204,2024,29955,11,"Noviembre",29.955
"11508","ORELLANA","LORETO",22,2204,2024,29955,12,"Diciembre",29.955
"11509","ORELLANA","LORETO",22,2204,2025,30420,1,"Enero",30.42
"11510","ORELLANA","LORETO",22,2204,2025,30420,2,"Febrero",30.42
"11511","ORELLANA","LORETO",22,2204,2025,30420,3,"Marzo",30.42
"11512","ORELLANA","LORETO",22,2204,2025,30420,4,"Abril",30.42
"11513","ORELLANA","LORETO",22,2204,2025,30420,5,"Mayo",30.42
"11514","ORELLANA","LORETO",22,2204,2025,30420,6,"Junio",30.42
"11515","ORELLANA","LORETO",22,2204,2025,30420,7,"Julio",30.42
"11516","ORELLANA","LORETO",22,2204,2025,30420,8,"Agosto",30.42
"11517","ORELLANA","LORETO",22,2204,2025,30420,9,"Septiembre",30.42
"11518","ORELLANA","LORETO",22,2204,2025,30420,10,"Octubre",30.42
"11519","ORELLANA","LORETO",22,2204,2025,30420,11,"Noviembre",30.42
"11520","ORELLANA","LORETO",22,2204,2025,30420,12,"Diciembre",30.42
"11521","SANTA ELENA","SANTA ELENA",24,2401,2021,191115,1,"Enero",191.115
"11522","SANTA ELENA","SANTA ELENA",24,2401,2021,191115,2,"Febrero",191.115
"11523","SANTA ELENA","SANTA ELENA",24,2401,2021,191115,3,"Marzo",191.115
"11524","SANTA ELENA","SANTA ELENA",24,2401,2021,191115,4,"Abril",191.115
"11525","SANTA ELENA","SANTA ELENA",24,2401,2021,191115,5,"Mayo",191.115
"11526","SANTA ELENA","SANTA ELENA",24,2401,2021,191115,6,"Junio",191.115
"11527","SANTA ELENA","SANTA ELENA",24,2401,2021,191115,7,"Julio",191.115
"11528","SANTA ELENA","SANTA ELENA",24,2401,2021,191115,8,"Agosto",191.115
"11529","SANTA ELENA","SANTA ELENA",24,2401,2021,191115,9,"Septiembre",191.115
"11530","SANTA ELENA","SANTA ELENA",24,2401,2021,191115,10,"Octubre",191.115
"11531","SANTA ELENA","SANTA ELENA",24,2401,2021,191115,11,"Noviembre",191.115
"11532","SANTA ELENA","SANTA ELENA",24,2401,2021,191115,12,"Diciembre",191.115
"11533","SANTA ELENA","SANTA ELENA",24,2401,2022,192798,1,"Enero",192.798
"11534","SANTA ELENA","SANTA ELENA",24,2401,2022,192798,2,"Febrero",192.798
"11535","SANTA ELENA","SANTA ELENA",24,2401,2022,192798,3,"Marzo",192.798
"11536","SANTA ELENA","SANTA ELENA",24,2401,2022,192798,4,"Abril",192.798
"11537","SANTA ELENA","SANTA ELENA",24,2401,2022,192798,5,"Mayo",192.798
"11538","SANTA ELENA","SANTA ELENA",24,2401,2022,192798,6,"Junio",192.798
"11539","SANTA ELENA","SANTA ELENA",24,2401,2022,192798,7,"Julio",192.798
"11540","SANTA ELENA","SANTA ELENA",24,2401,2022,192798,8,"Agosto",192.798
"11541","SANTA ELENA","SANTA ELENA",24,2401,2022,192798,9,"Septiembre",192.798
"11542","SANTA ELENA","SANTA ELENA",24,2401,2022,192798,10,"Octubre",192.798
"11543","SANTA ELENA","SANTA ELENA",24,2401,2022,192798,11,"Noviembre",192.798
"11544","SANTA ELENA","SANTA ELENA",24,2401,2022,192798,12,"Diciembre",192.798
"11545","SANTA ELENA","SANTA ELENA",24,2401,2023,194079,1,"Enero",194.079
"11546","SANTA ELENA","SANTA ELENA",24,2401,2023,194079,2,"Febrero",194.079
"11547","SANTA ELENA","SANTA ELENA",24,2401,2023,194079,3,"Marzo",194.079
"11548","SANTA ELENA","SANTA ELENA",24,2401,2023,194079,4,"Abril",194.079
"11549","SANTA ELENA","SANTA ELENA",24,2401,2023,194079,5,"Mayo",194.079
"11550","SANTA ELENA","SANTA ELENA",24,2401,2023,194079,6,"Junio",194.079
"11551","SANTA ELENA","SANTA ELENA",24,2401,2023,194079,7,"Julio",194.079
"11552","SANTA ELENA","SANTA ELENA",24,2401,2023,194079,8,"Agosto",194.079
"11553","SANTA ELENA","SANTA ELENA",24,2401,2023,194079,9,"Septiembre",194.079
"11554","SANTA ELENA","SANTA ELENA",24,2401,2023,194079,10,"Octubre",194.079
"11555","SANTA ELENA","SANTA ELENA",24,2401,2023,194079,11,"Noviembre",194.079
"11556","SANTA ELENA","SANTA ELENA",24,2401,2023,194079,12,"Diciembre",194.079
"11557","SANTA ELENA","SANTA ELENA",24,2401,2024,195847,1,"Enero",195.847
"11558","SANTA ELENA","SANTA ELENA",24,2401,2024,195847,2,"Febrero",195.847
"11559","SANTA ELENA","SANTA ELENA",24,2401,2024,195847,3,"Marzo",195.847
"11560","SANTA ELENA","SANTA ELENA",24,2401,2024,195847,4,"Abril",195.847
"11561","SANTA ELENA","SANTA ELENA",24,2401,2024,195847,5,"Mayo",195.847
"11562","SANTA ELENA","SANTA ELENA",24,2401,2024,195847,6,"Junio",195.847
"11563","SANTA ELENA","SANTA ELENA",24,2401,2024,195847,7,"Julio",195.847
"11564","SANTA ELENA","SANTA ELENA",24,2401,2024,195847,8,"Agosto",195.847
"11565","SANTA ELENA","SANTA ELENA",24,2401,2024,195847,9,"Septiembre",195.847
"11566","SANTA ELENA","SANTA ELENA",24,2401,2024,195847,10,"Octubre",195.847
"11567","SANTA ELENA","SANTA ELENA",24,2401,2024,195847,11,"Noviembre",195.847
"11568","SANTA ELENA","SANTA ELENA",24,2401,2024,195847,12,"Diciembre",195.847
"11569","SANTA ELENA","SANTA ELENA",24,2401,2025,198016,1,"Enero",198.016
"11570","SANTA ELENA","SANTA ELENA",24,2401,2025,198016,2,"Febrero",198.016
"11571","SANTA ELENA","SANTA ELENA",24,2401,2025,198016,3,"Marzo",198.016
"11572","SANTA ELENA","SANTA ELENA",24,2401,2025,198016,4,"Abril",198.016
"11573","SANTA ELENA","SANTA ELENA",24,2401,2025,198016,5,"Mayo",198.016
"11574","SANTA ELENA","SANTA ELENA",24,2401,2025,198016,6,"Junio",198.016
"11575","SANTA ELENA","SANTA ELENA",24,2401,2025,198016,7,"Julio",198.016
"11576","SANTA ELENA","SANTA ELENA",24,2401,2025,198016,8,"Agosto",198.016
"11577","SANTA ELENA","SANTA ELENA",24,2401,2025,198016,9,"Septiembre",198.016
"11578","SANTA ELENA","SANTA ELENA",24,2401,2025,198016,10,"Octubre",198.016
"11579","SANTA ELENA","SANTA ELENA",24,2401,2025,198016,11,"Noviembre",198.016
"11580","SANTA ELENA","SANTA ELENA",24,2401,2025,198016,12,"Diciembre",198.016
"11581","SANTA ELENA","LA LIBERTAD",24,2402,2021,117544,1,"Enero",117.544
"11582","SANTA ELENA","LA LIBERTAD",24,2402,2021,117544,2,"Febrero",117.544
"11583","SANTA ELENA","LA LIBERTAD",24,2402,2021,117544,3,"Marzo",117.544
"11584","SANTA ELENA","LA LIBERTAD",24,2402,2021,117544,4,"Abril",117.544
"11585","SANTA ELENA","LA LIBERTAD",24,2402,2021,117544,5,"Mayo",117.544
"11586","SANTA ELENA","LA LIBERTAD",24,2402,2021,117544,6,"Junio",117.544
"11587","SANTA ELENA","LA LIBERTAD",24,2402,2021,117544,7,"Julio",117.544
"11588","SANTA ELENA","LA LIBERTAD",24,2402,2021,117544,8,"Agosto",117.544
"11589","SANTA ELENA","LA LIBERTAD",24,2402,2021,117544,9,"Septiembre",117.544
"11590","SANTA ELENA","LA LIBERTAD",24,2402,2021,117544,10,"Octubre",117.544
"11591","SANTA ELENA","LA LIBERTAD",24,2402,2021,117544,11,"Noviembre",117.544
"11592","SANTA ELENA","LA LIBERTAD",24,2402,2021,117544,12,"Diciembre",117.544
"11593","SANTA ELENA","LA LIBERTAD",24,2402,2022,117819,1,"Enero",117.819
"11594","SANTA ELENA","LA LIBERTAD",24,2402,2022,117819,2,"Febrero",117.819
"11595","SANTA ELENA","LA LIBERTAD",24,2402,2022,117819,3,"Marzo",117.819
"11596","SANTA ELENA","LA LIBERTAD",24,2402,2022,117819,4,"Abril",117.819
"11597","SANTA ELENA","LA LIBERTAD",24,2402,2022,117819,5,"Mayo",117.819
"11598","SANTA ELENA","LA LIBERTAD",24,2402,2022,117819,6,"Junio",117.819
"11599","SANTA ELENA","LA LIBERTAD",24,2402,2022,117819,7,"Julio",117.819
"11600","SANTA ELENA","LA LIBERTAD",24,2402,2022,117819,8,"Agosto",117.819
"11601","SANTA ELENA","LA LIBERTAD",24,2402,2022,117819,9,"Septiembre",117.819
"11602","SANTA ELENA","LA LIBERTAD",24,2402,2022,117819,10,"Octubre",117.819
"11603","SANTA ELENA","LA LIBERTAD",24,2402,2022,117819,11,"Noviembre",117.819
"11604","SANTA ELENA","LA LIBERTAD",24,2402,2022,117819,12,"Diciembre",117.819
"11605","SANTA ELENA","LA LIBERTAD",24,2402,2023,117850,1,"Enero",117.85
"11606","SANTA ELENA","LA LIBERTAD",24,2402,2023,117850,2,"Febrero",117.85
"11607","SANTA ELENA","LA LIBERTAD",24,2402,2023,117850,3,"Marzo",117.85
"11608","SANTA ELENA","LA LIBERTAD",24,2402,2023,117850,4,"Abril",117.85
"11609","SANTA ELENA","LA LIBERTAD",24,2402,2023,117850,5,"Mayo",117.85
"11610","SANTA ELENA","LA LIBERTAD",24,2402,2023,117850,6,"Junio",117.85
"11611","SANTA ELENA","LA LIBERTAD",24,2402,2023,117850,7,"Julio",117.85
"11612","SANTA ELENA","LA LIBERTAD",24,2402,2023,117850,8,"Agosto",117.85
"11613","SANTA ELENA","LA LIBERTAD",24,2402,2023,117850,9,"Septiembre",117.85
"11614","SANTA ELENA","LA LIBERTAD",24,2402,2023,117850,10,"Octubre",117.85
"11615","SANTA ELENA","LA LIBERTAD",24,2402,2023,117850,11,"Noviembre",117.85
"11616","SANTA ELENA","LA LIBERTAD",24,2402,2023,117850,12,"Diciembre",117.85
"11617","SANTA ELENA","LA LIBERTAD",24,2402,2024,118177,1,"Enero",118.177
"11618","SANTA ELENA","LA LIBERTAD",24,2402,2024,118177,2,"Febrero",118.177
"11619","SANTA ELENA","LA LIBERTAD",24,2402,2024,118177,3,"Marzo",118.177
"11620","SANTA ELENA","LA LIBERTAD",24,2402,2024,118177,4,"Abril",118.177
"11621","SANTA ELENA","LA LIBERTAD",24,2402,2024,118177,5,"Mayo",118.177
"11622","SANTA ELENA","LA LIBERTAD",24,2402,2024,118177,6,"Junio",118.177
"11623","SANTA ELENA","LA LIBERTAD",24,2402,2024,118177,7,"Julio",118.177
"11624","SANTA ELENA","LA LIBERTAD",24,2402,2024,118177,8,"Agosto",118.177
"11625","SANTA ELENA","LA LIBERTAD",24,2402,2024,118177,9,"Septiembre",118.177
"11626","SANTA ELENA","LA LIBERTAD",24,2402,2024,118177,10,"Octubre",118.177
"11627","SANTA ELENA","LA LIBERTAD",24,2402,2024,118177,11,"Noviembre",118.177
"11628","SANTA ELENA","LA LIBERTAD",24,2402,2024,118177,12,"Diciembre",118.177
"11629","SANTA ELENA","LA LIBERTAD",24,2402,2025,118743,1,"Enero",118.743
"11630","SANTA ELENA","LA LIBERTAD",24,2402,2025,118743,2,"Febrero",118.743
"11631","SANTA ELENA","LA LIBERTAD",24,2402,2025,118743,3,"Marzo",118.743
"11632","SANTA ELENA","LA LIBERTAD",24,2402,2025,118743,4,"Abril",118.743
"11633","SANTA ELENA","LA LIBERTAD",24,2402,2025,118743,5,"Mayo",118.743
"11634","SANTA ELENA","LA LIBERTAD",24,2402,2025,118743,6,"Junio",118.743
"11635","SANTA ELENA","LA LIBERTAD",24,2402,2025,118743,7,"Julio",118.743
"11636","SANTA ELENA","LA LIBERTAD",24,2402,2025,118743,8,"Agosto",118.743
"11637","SANTA ELENA","LA LIBERTAD",24,2402,2025,118743,9,"Septiembre",118.743
"11638","SANTA ELENA","LA LIBERTAD",24,2402,2025,118743,10,"Octubre",118.743
"11639","SANTA ELENA","LA LIBERTAD",24,2402,2025,118743,11,"Noviembre",118.743
"11640","SANTA ELENA","LA LIBERTAD",24,2402,2025,118743,12,"Diciembre",118.743
"11641","SANTA ELENA","SALINAS",24,2403,2021,88050,1,"Enero",88.05
"11642","SANTA ELENA","SALINAS",24,2403,2021,88050,2,"Febrero",88.05
"11643","SANTA ELENA","SALINAS",24,2403,2021,88050,3,"Marzo",88.05
"11644","SANTA ELENA","SALINAS",24,2403,2021,88050,4,"Abril",88.05
"11645","SANTA ELENA","SALINAS",24,2403,2021,88050,5,"Mayo",88.05
"11646","SANTA ELENA","SALINAS",24,2403,2021,88050,6,"Junio",88.05
"11647","SANTA ELENA","SALINAS",24,2403,2021,88050,7,"Julio",88.05
"11648","SANTA ELENA","SALINAS",24,2403,2021,88050,8,"Agosto",88.05
"11649","SANTA ELENA","SALINAS",24,2403,2021,88050,9,"Septiembre",88.05
"11650","SANTA ELENA","SALINAS",24,2403,2021,88050,10,"Octubre",88.05
"11651","SANTA ELENA","SALINAS",24,2403,2021,88050,11,"Noviembre",88.05
"11652","SANTA ELENA","SALINAS",24,2403,2021,88050,12,"Diciembre",88.05
"11653","SANTA ELENA","SALINAS",24,2403,2022,88568,1,"Enero",88.568
"11654","SANTA ELENA","SALINAS",24,2403,2022,88568,2,"Febrero",88.568
"11655","SANTA ELENA","SALINAS",24,2403,2022,88568,3,"Marzo",88.568
"11656","SANTA ELENA","SALINAS",24,2403,2022,88568,4,"Abril",88.568
"11657","SANTA ELENA","SALINAS",24,2403,2022,88568,5,"Mayo",88.568
"11658","SANTA ELENA","SALINAS",24,2403,2022,88568,6,"Junio",88.568
"11659","SANTA ELENA","SALINAS",24,2403,2022,88568,7,"Julio",88.568
"11660","SANTA ELENA","SALINAS",24,2403,2022,88568,8,"Agosto",88.568
"11661","SANTA ELENA","SALINAS",24,2403,2022,88568,9,"Septiembre",88.568
"11662","SANTA ELENA","SALINAS",24,2403,2022,88568,10,"Octubre",88.568
"11663","SANTA ELENA","SALINAS",24,2403,2022,88568,11,"Noviembre",88.568
"11664","SANTA ELENA","SALINAS",24,2403,2022,88568,12,"Diciembre",88.568
"11665","SANTA ELENA","SALINAS",24,2403,2023,88900,1,"Enero",88.9
"11666","SANTA ELENA","SALINAS",24,2403,2023,88900,2,"Febrero",88.9
"11667","SANTA ELENA","SALINAS",24,2403,2023,88900,3,"Marzo",88.9
"11668","SANTA ELENA","SALINAS",24,2403,2023,88900,4,"Abril",88.9
"11669","SANTA ELENA","SALINAS",24,2403,2023,88900,5,"Mayo",88.9
"11670","SANTA ELENA","SALINAS",24,2403,2023,88900,6,"Junio",88.9
"11671","SANTA ELENA","SALINAS",24,2403,2023,88900,7,"Julio",88.9
"11672","SANTA ELENA","SALINAS",24,2403,2023,88900,8,"Agosto",88.9
"11673","SANTA ELENA","SALINAS",24,2403,2023,88900,9,"Septiembre",88.9
"11674","SANTA ELENA","SALINAS",24,2403,2023,88900,10,"Octubre",88.9
"11675","SANTA ELENA","SALINAS",24,2403,2023,88900,11,"Noviembre",88.9
"11676","SANTA ELENA","SALINAS",24,2403,2023,88900,12,"Diciembre",88.9
"11677","SANTA ELENA","SALINAS",24,2403,2024,89454,1,"Enero",89.454
"11678","SANTA ELENA","SALINAS",24,2403,2024,89454,2,"Febrero",89.454
"11679","SANTA ELENA","SALINAS",24,2403,2024,89454,3,"Marzo",89.454
"11680","SANTA ELENA","SALINAS",24,2403,2024,89454,4,"Abril",89.454
"11681","SANTA ELENA","SALINAS",24,2403,2024,89454,5,"Mayo",89.454
"11682","SANTA ELENA","SALINAS",24,2403,2024,89454,6,"Junio",89.454
"11683","SANTA ELENA","SALINAS",24,2403,2024,89454,7,"Julio",89.454
"11684","SANTA ELENA","SALINAS",24,2403,2024,89454,8,"Agosto",89.454
"11685","SANTA ELENA","SALINAS",24,2403,2024,89454,9,"Septiembre",89.454
"11686","SANTA ELENA","SALINAS",24,2403,2024,89454,10,"Octubre",89.454
"11687","SANTA ELENA","SALINAS",24,2403,2024,89454,11,"Noviembre",89.454
"11688","SANTA ELENA","SALINAS",24,2403,2024,89454,12,"Diciembre",89.454
"11689","SANTA ELENA","SALINAS",24,2403,2025,90188,1,"Enero",90.188
"11690","SANTA ELENA","SALINAS",24,2403,2025,90188,2,"Febrero",90.188
"11691","SANTA ELENA","SALINAS",24,2403,2025,90188,3,"Marzo",90.188
"11692","SANTA ELENA","SALINAS",24,2403,2025,90188,4,"Abril",90.188
"11693","SANTA ELENA","SALINAS",24,2403,2025,90188,5,"Mayo",90.188
"11694","SANTA ELENA","SALINAS",24,2403,2025,90188,6,"Junio",90.188
"11695","SANTA ELENA","SALINAS",24,2403,2025,90188,7,"Julio",90.188
"11696","SANTA ELENA","SALINAS",24,2403,2025,90188,8,"Agosto",90.188
"11697","SANTA ELENA","SALINAS",24,2403,2025,90188,9,"Septiembre",90.188
"11698","SANTA ELENA","SALINAS",24,2403,2025,90188,10,"Octubre",90.188
"11699","SANTA ELENA","SALINAS",24,2403,2025,90188,11,"Noviembre",90.188
"11700","SANTA ELENA","SALINAS",24,2403,2025,90188,12,"Diciembre",90.188
"11701","GUAYAS","ALFREDO BAQUERIZO MORENO (JUJAN)",NA,NA,2021,26774,1,"Enero",26.774
"11702","MORONA","GUALAQUIZA",NA,NA,2021,22177,1,"Enero",22.177
"11703","MORONA","HUAMBOYA",NA,NA,2021,11194,1,"Enero",11.194
"11704","MORONA","LIMON INDANZA",NA,NA,2021,10327,1,"Enero",10.327
"11705","MORONA","LOGROÑO",NA,NA,2021,7609,1,"Enero",7.609
"11706","MORONA","MORONA",NA,NA,2021,55562,1,"Enero",55.562
"11707","MORONA","PABLO SEXTO",NA,NA,2021,2268,1,"Enero",2.268
"11708","MORONA","PALORA",NA,NA,2021,11498,1,"Enero",11.498
"11709","MORONA","SAN JUAN BOSCO",NA,NA,2021,4458,1,"Enero",4.458
"11710","MORONA","SANTIAGO",NA,NA,2021,9984,1,"Enero",9.984
"11711","MORONA","SUCUA",NA,NA,2021,23668,1,"Enero",23.668
"11712","MORONA","TAISHA",NA,NA,2021,27701,1,"Enero",27.701
"11713","MORONA","TIWINTZA",NA,NA,2021,9711,1,"Enero",9.711
"11714","ORELLANA","FRANCISCO DE ORELLANA",NA,NA,2021,95471,1,"Enero",95.471
"11715","PICHINCHA","DISTRITO METROPOLITANO DE QUITO",NA,NA,2021,2792784,1,"Enero",2792.784
"11716","SANTO DOMINGO","LA CONCORDIA",NA,NA,2021,54915,1,"Enero",54.915
"11717","SANTO DOMINGO","SANTO DOMINGO",NA,NA,2021,454126,1,"Enero",454.126
"11718","ZAMORA","CENTINELA DEL CONDOR",NA,NA,2021,7901,1,"Enero",7.901
"11719","ZAMORA","CHINCHIPE",NA,NA,2021,10647,1,"Enero",10.647
"11720","ZAMORA","EL PANGUI",NA,NA,2021,13034,1,"Enero",13.034
"11721","ZAMORA","NANGARITZA",NA,NA,2021,6822,1,"Enero",6.822
"11722","ZAMORA","PALANDA",NA,NA,2021,9015,1,"Enero",9.015
"11723","ZAMORA","PAQUISHA",NA,NA,2021,4978,1,"Enero",4.978
"11724","ZAMORA","YACUAMBI",NA,NA,2021,6549,1,"Enero",6.549
"11725","ZAMORA","YANTZAZA",NA,NA,2021,23999,1,"Enero",23.999
"11726","ZAMORA","ZAMORA",NA,NA,2021,30967,1,"Enero",30.967
"11727","GUAYAS","ALFREDO BAQUERIZO MORENO (JUJAN)",NA,NA,2021,26774,2,"Febrero",26.774
"11728","MORONA","GUALAQUIZA",NA,NA,2021,22177,2,"Febrero",22.177
"11729","MORONA","HUAMBOYA",NA,NA,2021,11194,2,"Febrero",11.194
"11730","MORONA","LIMON INDANZA",NA,NA,2021,10327,2,"Febrero",10.327
"11731","MORONA","LOGROÑO",NA,NA,2021,7609,2,"Febrero",7.609
"11732","MORONA","MORONA",NA,NA,2021,55562,2,"Febrero",55.562
"11733","MORONA","PABLO SEXTO",NA,NA,2021,2268,2,"Febrero",2.268
"11734","MORONA","PALORA",NA,NA,2021,11498,2,"Febrero",11.498
"11735","MORONA","SAN JUAN BOSCO",NA,NA,2021,4458,2,"Febrero",4.458
"11736","MORONA","SANTIAGO",NA,NA,2021,9984,2,"Febrero",9.984
"11737","MORONA","SUCUA",NA,NA,2021,23668,2,"Febrero",23.668
"11738","MORONA","TAISHA",NA,NA,2021,27701,2,"Febrero",27.701
"11739","MORONA","TIWINTZA",NA,NA,2021,9711,2,"Febrero",9.711
"11740","ORELLANA","FRANCISCO DE ORELLANA",NA,NA,2021,95471,2,"Febrero",95.471
"11741","PICHINCHA","DISTRITO METROPOLITANO DE QUITO",NA,NA,2021,2792784,2,"Febrero",2792.784
"11742","SANTO DOMINGO","LA CONCORDIA",NA,NA,2021,54915,2,"Febrero",54.915
"11743","SANTO DOMINGO","SANTO DOMINGO",NA,NA,2021,454126,2,"Febrero",454.126
"11744","ZAMORA","CENTINELA DEL CONDOR",NA,NA,2021,7901,2,"Febrero",7.901
"11745","ZAMORA","CHINCHIPE",NA,NA,2021,10647,2,"Febrero",10.647
"11746","ZAMORA","EL PANGUI",NA,NA,2021,13034,2,"Febrero",13.034
"11747","ZAMORA","NANGARITZA",NA,NA,2021,6822,2,"Febrero",6.822
"11748","ZAMORA","PALANDA",NA,NA,2021,9015,2,"Febrero",9.015
"11749","ZAMORA","PAQUISHA",NA,NA,2021,4978,2,"Febrero",4.978
"11750","ZAMORA","YACUAMBI",NA,NA,2021,6549,2,"Febrero",6.549
"11751","ZAMORA","YANTZAZA",NA,NA,2021,23999,2,"Febrero",23.999
"11752","ZAMORA","ZAMORA",NA,NA,2021,30967,2,"Febrero",30.967
"11753","GUAYAS","ALFREDO BAQUERIZO MORENO (JUJAN)",NA,NA,2021,26774,3,"Marzo",26.774
"11754","MORONA","GUALAQUIZA",NA,NA,2021,22177,3,"Marzo",22.177
"11755","MORONA","HUAMBOYA",NA,NA,2021,11194,3,"Marzo",11.194
"11756","MORONA","LIMON INDANZA",NA,NA,2021,10327,3,"Marzo",10.327
"11757","MORONA","LOGROÑO",NA,NA,2021,7609,3,"Marzo",7.609
"11758","MORONA","MORONA",NA,NA,2021,55562,3,"Marzo",55.562
"11759","MORONA","PABLO SEXTO",NA,NA,2021,2268,3,"Marzo",2.268
"11760","MORONA","PALORA",NA,NA,2021,11498,3,"Marzo",11.498
"11761","MORONA","SAN JUAN BOSCO",NA,NA,2021,4458,3,"Marzo",4.458
"11762","MORONA","SANTIAGO",NA,NA,2021,9984,3,"Marzo",9.984
"11763","MORONA","SUCUA",NA,NA,2021,23668,3,"Marzo",23.668
"11764","MORONA","TAISHA",NA,NA,2021,27701,3,"Marzo",27.701
"11765","MORONA","TIWINTZA",NA,NA,2021,9711,3,"Marzo",9.711
"11766","ORELLANA","FRANCISCO DE ORELLANA",NA,NA,2021,95471,3,"Marzo",95.471
"11767","PICHINCHA","DISTRITO METROPOLITANO DE QUITO",NA,NA,2021,2792784,3,"Marzo",2792.784
"11768","SANTO DOMINGO","LA CONCORDIA",NA,NA,2021,54915,3,"Marzo",54.915
"11769","SANTO DOMINGO","SANTO DOMINGO",NA,NA,2021,454126,3,"Marzo",454.126
"11770","ZAMORA","CENTINELA DEL CONDOR",NA,NA,2021,7901,3,"Marzo",7.901
"11771","ZAMORA","CHINCHIPE",NA,NA,2021,10647,3,"Marzo",10.647
"11772","ZAMORA","EL PANGUI",NA,NA,2021,13034,3,"Marzo",13.034
"11773","ZAMORA","NANGARITZA",NA,NA,2021,6822,3,"Marzo",6.822
"11774","ZAMORA","PALANDA",NA,NA,2021,9015,3,"Marzo",9.015
"11775","ZAMORA","PAQUISHA",NA,NA,2021,4978,3,"Marzo",4.978
"11776","ZAMORA","YACUAMBI",NA,NA,2021,6549,3,"Marzo",6.549
"11777","ZAMORA","YANTZAZA",NA,NA,2021,23999,3,"Marzo",23.999
"11778","ZAMORA","ZAMORA",NA,NA,2021,30967,3,"Marzo",30.967
"11779","GUAYAS","ALFREDO BAQUERIZO MORENO (JUJAN)",NA,NA,2021,26774,4,"Abril",26.774
"11780","MORONA","GUALAQUIZA",NA,NA,2021,22177,4,"Abril",22.177
"11781","MORONA","HUAMBOYA",NA,NA,2021,11194,4,"Abril",11.194
"11782","MORONA","LIMON INDANZA",NA,NA,2021,10327,4,"Abril",10.327
"11783","MORONA","LOGROÑO",NA,NA,2021,7609,4,"Abril",7.609
"11784","MORONA","MORONA",NA,NA,2021,55562,4,"Abril",55.562
"11785","MORONA","PABLO SEXTO",NA,NA,2021,2268,4,"Abril",2.268
"11786","MORONA","PALORA",NA,NA,2021,11498,4,"Abril",11.498
"11787","MORONA","SAN JUAN BOSCO",NA,NA,2021,4458,4,"Abril",4.458
"11788","MORONA","SANTIAGO",NA,NA,2021,9984,4,"Abril",9.984
"11789","MORONA","SUCUA",NA,NA,2021,23668,4,"Abril",23.668
"11790","MORONA","TAISHA",NA,NA,2021,27701,4,"Abril",27.701
"11791","MORONA","TIWINTZA",NA,NA,2021,9711,4,"Abril",9.711
"11792","ORELLANA","FRANCISCO DE ORELLANA",NA,NA,2021,95471,4,"Abril",95.471
"11793","PICHINCHA","DISTRITO METROPOLITANO DE QUITO",NA,NA,2021,2792784,4,"Abril",2792.784
"11794","SANTO DOMINGO","LA CONCORDIA",NA,NA,2021,54915,4,"Abril",54.915
"11795","SANTO DOMINGO","SANTO DOMINGO",NA,NA,2021,454126,4,"Abril",454.126
"11796","ZAMORA","CENTINELA DEL CONDOR",NA,NA,2021,7901,4,"Abril",7.901
"11797","ZAMORA","CHINCHIPE",NA,NA,2021,10647,4,"Abril",10.647
"11798","ZAMORA","EL PANGUI",NA,NA,2021,13034,4,"Abril",13.034
"11799","ZAMORA","NANGARITZA",NA,NA,2021,6822,4,"Abril",6.822
"11800","ZAMORA","PALANDA",NA,NA,2021,9015,4,"Abril",9.015
"11801","ZAMORA","PAQUISHA",NA,NA,2021,4978,4,"Abril",4.978
"11802","ZAMORA","YACUAMBI",NA,NA,2021,6549,4,"Abril",6.549
"11803","ZAMORA","YANTZAZA",NA,NA,2021,23999,4,"Abril",23.999
"11804","ZAMORA","ZAMORA",NA,NA,2021,30967,4,"Abril",30.967
"11805","GUAYAS","ALFREDO BAQUERIZO MORENO (JUJAN)",NA,NA,2021,26774,5,"Mayo",26.774
"11806","MORONA","GUALAQUIZA",NA,NA,2021,22177,5,"Mayo",22.177
"11807","MORONA","HUAMBOYA",NA,NA,2021,11194,5,"Mayo",11.194
"11808","MORONA","LIMON INDANZA",NA,NA,2021,10327,5,"Mayo",10.327
"11809","MORONA","LOGROÑO",NA,NA,2021,7609,5,"Mayo",7.609
"11810","MORONA","MORONA",NA,NA,2021,55562,5,"Mayo",55.562
"11811","MORONA","PABLO SEXTO",NA,NA,2021,2268,5,"Mayo",2.268
"11812","MORONA","PALORA",NA,NA,2021,11498,5,"Mayo",11.498
"11813","MORONA","SAN JUAN BOSCO",NA,NA,2021,4458,5,"Mayo",4.458
"11814","MORONA","SANTIAGO",NA,NA,2021,9984,5,"Mayo",9.984
"11815","MORONA","SUCUA",NA,NA,2021,23668,5,"Mayo",23.668
"11816","MORONA","TAISHA",NA,NA,2021,27701,5,"Mayo",27.701
"11817","MORONA","TIWINTZA",NA,NA,2021,9711,5,"Mayo",9.711
"11818","ORELLANA","FRANCISCO DE ORELLANA",NA,NA,2021,95471,5,"Mayo",95.471
"11819","PICHINCHA","DISTRITO METROPOLITANO DE QUITO",NA,NA,2021,2792784,5,"Mayo",2792.784
"11820","SANTO DOMINGO","LA CONCORDIA",NA,NA,2021,54915,5,"Mayo",54.915
"11821","SANTO DOMINGO","SANTO DOMINGO",NA,NA,2021,454126,5,"Mayo",454.126
"11822","ZAMORA","CENTINELA DEL CONDOR",NA,NA,2021,7901,5,"Mayo",7.901
"11823","ZAMORA","CHINCHIPE",NA,NA,2021,10647,5,"Mayo",10.647
"11824","ZAMORA","EL PANGUI",NA,NA,2021,13034,5,"Mayo",13.034
"11825","ZAMORA","NANGARITZA",NA,NA,2021,6822,5,"Mayo",6.822
"11826","ZAMORA","PALANDA",NA,NA,2021,9015,5,"Mayo",9.015
"11827","ZAMORA","PAQUISHA",NA,NA,2021,4978,5,"Mayo",4.978
"11828","ZAMORA","YACUAMBI",NA,NA,2021,6549,5,"Mayo",6.549
"11829","ZAMORA","YANTZAZA",NA,NA,2021,23999,5,"Mayo",23.999
"11830","ZAMORA","ZAMORA",NA,NA,2021,30967,5,"Mayo",30.967
"11831","GUAYAS","ALFREDO BAQUERIZO MORENO (JUJAN)",NA,NA,2021,26774,6,"Junio",26.774
"11832","MORONA","GUALAQUIZA",NA,NA,2021,22177,6,"Junio",22.177
"11833","MORONA","HUAMBOYA",NA,NA,2021,11194,6,"Junio",11.194
"11834","MORONA","LIMON INDANZA",NA,NA,2021,10327,6,"Junio",10.327
"11835","MORONA","LOGROÑO",NA,NA,2021,7609,6,"Junio",7.609
"11836","MORONA","MORONA",NA,NA,2021,55562,6,"Junio",55.562
"11837","MORONA","PABLO SEXTO",NA,NA,2021,2268,6,"Junio",2.268
"11838","MORONA","PALORA",NA,NA,2021,11498,6,"Junio",11.498
"11839","MORONA","SAN JUAN BOSCO",NA,NA,2021,4458,6,"Junio",4.458
"11840","MORONA","SANTIAGO",NA,NA,2021,9984,6,"Junio",9.984
"11841","MORONA","SUCUA",NA,NA,2021,23668,6,"Junio",23.668
"11842","MORONA","TAISHA",NA,NA,2021,27701,6,"Junio",27.701
"11843","MORONA","TIWINTZA",NA,NA,2021,9711,6,"Junio",9.711
"11844","ORELLANA","FRANCISCO DE ORELLANA",NA,NA,2021,95471,6,"Junio",95.471
"11845","PICHINCHA","DISTRITO METROPOLITANO DE QUITO",NA,NA,2021,2792784,6,"Junio",2792.784
"11846","SANTO DOMINGO","LA CONCORDIA",NA,NA,2021,54915,6,"Junio",54.915
"11847","SANTO DOMINGO","SANTO DOMINGO",NA,NA,2021,454126,6,"Junio",454.126
"11848","ZAMORA","CENTINELA DEL CONDOR",NA,NA,2021,7901,6,"Junio",7.901
"11849","ZAMORA","CHINCHIPE",NA,NA,2021,10647,6,"Junio",10.647
"11850","ZAMORA","EL PANGUI",NA,NA,2021,13034,6,"Junio",13.034
"11851","ZAMORA","NANGARITZA",NA,NA,2021,6822,6,"Junio",6.822
"11852","ZAMORA","PALANDA",NA,NA,2021,9015,6,"Junio",9.015
"11853","ZAMORA","PAQUISHA",NA,NA,2021,4978,6,"Junio",4.978
"11854","ZAMORA","YACUAMBI",NA,NA,2021,6549,6,"Junio",6.549
"11855","ZAMORA","YANTZAZA",NA,NA,2021,23999,6,"Junio",23.999
"11856","ZAMORA","ZAMORA",NA,NA,2021,30967,6,"Junio",30.967
"11857","GUAYAS","ALFREDO BAQUERIZO MORENO (JUJAN)",NA,NA,2021,26774,7,"Julio",26.774
"11858","MORONA","GUALAQUIZA",NA,NA,2021,22177,7,"Julio",22.177
"11859","MORONA","HUAMBOYA",NA,NA,2021,11194,7,"Julio",11.194
"11860","MORONA","LIMON INDANZA",NA,NA,2021,10327,7,"Julio",10.327
"11861","MORONA","LOGROÑO",NA,NA,2021,7609,7,"Julio",7.609
"11862","MORONA","MORONA",NA,NA,2021,55562,7,"Julio",55.562
"11863","MORONA","PABLO SEXTO",NA,NA,2021,2268,7,"Julio",2.268
"11864","MORONA","PALORA",NA,NA,2021,11498,7,"Julio",11.498
"11865","MORONA","SAN JUAN BOSCO",NA,NA,2021,4458,7,"Julio",4.458
"11866","MORONA","SANTIAGO",NA,NA,2021,9984,7,"Julio",9.984
"11867","MORONA","SUCUA",NA,NA,2021,23668,7,"Julio",23.668
"11868","MORONA","TAISHA",NA,NA,2021,27701,7,"Julio",27.701
"11869","MORONA","TIWINTZA",NA,NA,2021,9711,7,"Julio",9.711
"11870","ORELLANA","FRANCISCO DE ORELLANA",NA,NA,2021,95471,7,"Julio",95.471
"11871","PICHINCHA","DISTRITO METROPOLITANO DE QUITO",NA,NA,2021,2792784,7,"Julio",2792.784
"11872","SANTO DOMINGO","LA CONCORDIA",NA,NA,2021,54915,7,"Julio",54.915
"11873","SANTO DOMINGO","SANTO DOMINGO",NA,NA,2021,454126,7,"Julio",454.126
"11874","ZAMORA","CENTINELA DEL CONDOR",NA,NA,2021,7901,7,"Julio",7.901
"11875","ZAMORA","CHINCHIPE",NA,NA,2021,10647,7,"Julio",10.647
"11876","ZAMORA","EL PANGUI",NA,NA,2021,13034,7,"Julio",13.034
"11877","ZAMORA","NANGARITZA",NA,NA,2021,6822,7,"Julio",6.822
"11878","ZAMORA","PALANDA",NA,NA,2021,9015,7,"Julio",9.015
"11879","ZAMORA","PAQUISHA",NA,NA,2021,4978,7,"Julio",4.978
"11880","ZAMORA","YACUAMBI",NA,NA,2021,6549,7,"Julio",6.549
"11881","ZAMORA","YANTZAZA",NA,NA,2021,23999,7,"Julio",23.999
"11882","ZAMORA","ZAMORA",NA,NA,2021,30967,7,"Julio",30.967
"11883","GUAYAS","ALFREDO BAQUERIZO MORENO (JUJAN)",NA,NA,2021,26774,8,"Agosto",26.774
"11884","MORONA","GUALAQUIZA",NA,NA,2021,22177,8,"Agosto",22.177
"11885","MORONA","HUAMBOYA",NA,NA,2021,11194,8,"Agosto",11.194
"11886","MORONA","LIMON INDANZA",NA,NA,2021,10327,8,"Agosto",10.327
"11887","MORONA","LOGROÑO",NA,NA,2021,7609,8,"Agosto",7.609
"11888","MORONA","MORONA",NA,NA,2021,55562,8,"Agosto",55.562
"11889","MORONA","PABLO SEXTO",NA,NA,2021,2268,8,"Agosto",2.268
"11890","MORONA","PALORA",NA,NA,2021,11498,8,"Agosto",11.498
"11891","MORONA","SAN JUAN BOSCO",NA,NA,2021,4458,8,"Agosto",4.458
"11892","MORONA","SANTIAGO",NA,NA,2021,9984,8,"Agosto",9.984
"11893","MORONA","SUCUA",NA,NA,2021,23668,8,"Agosto",23.668
"11894","MORONA","TAISHA",NA,NA,2021,27701,8,"Agosto",27.701
"11895","MORONA","TIWINTZA",NA,NA,2021,9711,8,"Agosto",9.711
"11896","ORELLANA","FRANCISCO DE ORELLANA",NA,NA,2021,95471,8,"Agosto",95.471
"11897","PICHINCHA","DISTRITO METROPOLITANO DE QUITO",NA,NA,2021,2792784,8,"Agosto",2792.784
"11898","SANTO DOMINGO","LA CONCORDIA",NA,NA,2021,54915,8,"Agosto",54.915
"11899","SANTO DOMINGO","SANTO DOMINGO",NA,NA,2021,454126,8,"Agosto",454.126
"11900","ZAMORA","CENTINELA DEL CONDOR",NA,NA,2021,7901,8,"Agosto",7.901
"11901","ZAMORA","CHINCHIPE",NA,NA,2021,10647,8,"Agosto",10.647
"11902","ZAMORA","EL PANGUI",NA,NA,2021,13034,8,"Agosto",13.034
"11903","ZAMORA","NANGARITZA",NA,NA,2021,6822,8,"Agosto",6.822
"11904","ZAMORA","PALANDA",NA,NA,2021,9015,8,"Agosto",9.015
"11905","ZAMORA","PAQUISHA",NA,NA,2021,4978,8,"Agosto",4.978
"11906","ZAMORA","YACUAMBI",NA,NA,2021,6549,8,"Agosto",6.549
"11907","ZAMORA","YANTZAZA",NA,NA,2021,23999,8,"Agosto",23.999
"11908","ZAMORA","ZAMORA",NA,NA,2021,30967,8,"Agosto",30.967
"11909","GUAYAS","ALFREDO BAQUERIZO MORENO (JUJAN)",NA,NA,2021,26774,9,"Septiembre",26.774
"11910","MORONA","GUALAQUIZA",NA,NA,2021,22177,9,"Septiembre",22.177
"11911","MORONA","HUAMBOYA",NA,NA,2021,11194,9,"Septiembre",11.194
"11912","MORONA","LIMON INDANZA",NA,NA,2021,10327,9,"Septiembre",10.327
"11913","MORONA","LOGROÑO",NA,NA,2021,7609,9,"Septiembre",7.609
"11914","MORONA","MORONA",NA,NA,2021,55562,9,"Septiembre",55.562
"11915","MORONA","PABLO SEXTO",NA,NA,2021,2268,9,"Septiembre",2.268
"11916","MORONA","PALORA",NA,NA,2021,11498,9,"Septiembre",11.498
"11917","MORONA","SAN JUAN BOSCO",NA,NA,2021,4458,9,"Septiembre",4.458
"11918","MORONA","SANTIAGO",NA,NA,2021,9984,9,"Septiembre",9.984
"11919","MORONA","SUCUA",NA,NA,2021,23668,9,"Septiembre",23.668
"11920","MORONA","TAISHA",NA,NA,2021,27701,9,"Septiembre",27.701
"11921","MORONA","TIWINTZA",NA,NA,2021,9711,9,"Septiembre",9.711
"11922","ORELLANA","FRANCISCO DE ORELLANA",NA,NA,2021,95471,9,"Septiembre",95.471
"11923","PICHINCHA","DISTRITO METROPOLITANO DE QUITO",NA,NA,2021,2792784,9,"Septiembre",2792.784
"11924","SANTO DOMINGO","LA CONCORDIA",NA,NA,2021,54915,9,"Septiembre",54.915
"11925","SANTO DOMINGO","SANTO DOMINGO",NA,NA,2021,454126,9,"Septiembre",454.126
"11926","ZAMORA","CENTINELA DEL CONDOR",NA,NA,2021,7901,9,"Septiembre",7.901
"11927","ZAMORA","CHINCHIPE",NA,NA,2021,10647,9,"Septiembre",10.647
"11928","ZAMORA","EL PANGUI",NA,NA,2021,13034,9,"Septiembre",13.034
"11929","ZAMORA","NANGARITZA",NA,NA,2021,6822,9,"Septiembre",6.822
"11930","ZAMORA","PALANDA",NA,NA,2021,9015,9,"Septiembre",9.015
"11931","ZAMORA","PAQUISHA",NA,NA,2021,4978,9,"Septiembre",4.978
"11932","ZAMORA","YACUAMBI",NA,NA,2021,6549,9,"Septiembre",6.549
"11933","ZAMORA","YANTZAZA",NA,NA,2021,23999,9,"Septiembre",23.999
"11934","ZAMORA","ZAMORA",NA,NA,2021,30967,9,"Septiembre",30.967
"11935","GUAYAS","ALFREDO BAQUERIZO MORENO (JUJAN)",NA,NA,2021,26774,10,"Octubre",26.774
"11936","MORONA","GUALAQUIZA",NA,NA,2021,22177,10,"Octubre",22.177
"11937","MORONA","HUAMBOYA",NA,NA,2021,11194,10,"Octubre",11.194
"11938","MORONA","LIMON INDANZA",NA,NA,2021,10327,10,"Octubre",10.327
"11939","MORONA","LOGROÑO",NA,NA,2021,7609,10,"Octubre",7.609
"11940","MORONA","MORONA",NA,NA,2021,55562,10,"Octubre",55.562
"11941","MORONA","PABLO SEXTO",NA,NA,2021,2268,10,"Octubre",2.268
"11942","MORONA","PALORA",NA,NA,2021,11498,10,"Octubre",11.498
"11943","MORONA","SAN JUAN BOSCO",NA,NA,2021,4458,10,"Octubre",4.458
"11944","MORONA","SANTIAGO",NA,NA,2021,9984,10,"Octubre",9.984
"11945","MORONA","SUCUA",NA,NA,2021,23668,10,"Octubre",23.668
"11946","MORONA","TAISHA",NA,NA,2021,27701,10,"Octubre",27.701
"11947","MORONA","TIWINTZA",NA,NA,2021,9711,10,"Octubre",9.711
"11948","ORELLANA","FRANCISCO DE ORELLANA",NA,NA,2021,95471,10,"Octubre",95.471
"11949","PICHINCHA","DISTRITO METROPOLITANO DE QUITO",NA,NA,2021,2792784,10,"Octubre",2792.784
"11950","SANTO DOMINGO","LA CONCORDIA",NA,NA,2021,54915,10,"Octubre",54.915
"11951","SANTO DOMINGO","SANTO DOMINGO",NA,NA,2021,454126,10,"Octubre",454.126
"11952","ZAMORA","CENTINELA DEL CONDOR",NA,NA,2021,7901,10,"Octubre",7.901
"11953","ZAMORA","CHINCHIPE",NA,NA,2021,10647,10,"Octubre",10.647
"11954","ZAMORA","EL PANGUI",NA,NA,2021,13034,10,"Octubre",13.034
"11955","ZAMORA","NANGARITZA",NA,NA,2021,6822,10,"Octubre",6.822
"11956","ZAMORA","PALANDA",NA,NA,2021,9015,10,"Octubre",9.015
"11957","ZAMORA","PAQUISHA",NA,NA,2021,4978,10,"Octubre",4.978
"11958","ZAMORA","YACUAMBI",NA,NA,2021,6549,10,"Octubre",6.549
"11959","ZAMORA","YANTZAZA",NA,NA,2021,23999,10,"Octubre",23.999
"11960","ZAMORA","ZAMORA",NA,NA,2021,30967,10,"Octubre",30.967
"11961","GUAYAS","ALFREDO BAQUERIZO MORENO (JUJAN)",NA,NA,2021,26774,11,"Noviembre",26.774
"11962","MORONA","GUALAQUIZA",NA,NA,2021,22177,11,"Noviembre",22.177
"11963","MORONA","HUAMBOYA",NA,NA,2021,11194,11,"Noviembre",11.194
"11964","MORONA","LIMON INDANZA",NA,NA,2021,10327,11,"Noviembre",10.327
"11965","MORONA","LOGROÑO",NA,NA,2021,7609,11,"Noviembre",7.609
"11966","MORONA","MORONA",NA,NA,2021,55562,11,"Noviembre",55.562
"11967","MORONA","PABLO SEXTO",NA,NA,2021,2268,11,"Noviembre",2.268
"11968","MORONA","PALORA",NA,NA,2021,11498,11,"Noviembre",11.498
"11969","MORONA","SAN JUAN BOSCO",NA,NA,2021,4458,11,"Noviembre",4.458
"11970","MORONA","SANTIAGO",NA,NA,2021,9984,11,"Noviembre",9.984
"11971","MORONA","SUCUA",NA,NA,2021,23668,11,"Noviembre",23.668
"11972","MORONA","TAISHA",NA,NA,2021,27701,11,"Noviembre",27.701
"11973","MORONA","TIWINTZA",NA,NA,2021,9711,11,"Noviembre",9.711
"11974","ORELLANA","FRANCISCO DE ORELLANA",NA,NA,2021,95471,11,"Noviembre",95.471
"11975","PICHINCHA","DISTRITO METROPOLITANO DE QUITO",NA,NA,2021,2792784,11,"Noviembre",2792.784
"11976","SANTO DOMINGO","LA CONCORDIA",NA,NA,2021,54915,11,"Noviembre",54.915
"11977","SANTO DOMINGO","SANTO DOMINGO",NA,NA,2021,454126,11,"Noviembre",454.126
"11978","ZAMORA","CENTINELA DEL CONDOR",NA,NA,2021,7901,11,"Noviembre",7.901
"11979","ZAMORA","CHINCHIPE",NA,NA,2021,10647,11,"Noviembre",10.647
"11980","ZAMORA","EL PANGUI",NA,NA,2021,13034,11,"Noviembre",13.034
"11981","ZAMORA","NANGARITZA",NA,NA,2021,6822,11,"Noviembre",6.822
"11982","ZAMORA","PALANDA",NA,NA,2021,9015,11,"Noviembre",9.015
"11983","ZAMORA","PAQUISHA",NA,NA,2021,4978,11,"Noviembre",4.978
"11984","ZAMORA","YACUAMBI",NA,NA,2021,6549,11,"Noviembre",6.549
"11985","ZAMORA","YANTZAZA",NA,NA,2021,23999,11,"Noviembre",23.999
"11986","ZAMORA","ZAMORA",NA,NA,2021,30967,11,"Noviembre",30.967
"11987","GUAYAS","ALFREDO BAQUERIZO MORENO (JUJAN)",NA,NA,2021,26774,12,"Diciembre",26.774
"11988","MORONA","GUALAQUIZA",NA,NA,2021,22177,12,"Diciembre",22.177
"11989","MORONA","HUAMBOYA",NA,NA,2021,11194,12,"Diciembre",11.194
"11990","MORONA","LIMON INDANZA",NA,NA,2021,10327,12,"Diciembre",10.327
"11991","MORONA","LOGROÑO",NA,NA,2021,7609,12,"Diciembre",7.609
"11992","MORONA","MORONA",NA,NA,2021,55562,12,"Diciembre",55.562
"11993","MORONA","PABLO SEXTO",NA,NA,2021,2268,12,"Diciembre",2.268
"11994","MORONA","PALORA",NA,NA,2021,11498,12,"Diciembre",11.498
"11995","MORONA","SAN JUAN BOSCO",NA,NA,2021,4458,12,"Diciembre",4.458
"11996","MORONA","SANTIAGO",NA,NA,2021,9984,12,"Diciembre",9.984
"11997","MORONA","SUCUA",NA,NA,2021,23668,12,"Diciembre",23.668
"11998","MORONA","TAISHA",NA,NA,2021,27701,12,"Diciembre",27.701
"11999","MORONA","TIWINTZA",NA,NA,2021,9711,12,"Diciembre",9.711
"12000","ORELLANA","FRANCISCO DE ORELLANA",NA,NA,2021,95471,12,"Diciembre",95.471
"12001","PICHINCHA","DISTRITO METROPOLITANO DE QUITO",NA,NA,2021,2792784,12,"Diciembre",2792.784
"12002","SANTO DOMINGO","LA CONCORDIA",NA,NA,2021,54915,12,"Diciembre",54.915
"12003","SANTO DOMINGO","SANTO DOMINGO",NA,NA,2021,454126,12,"Diciembre",454.126
"12004","ZAMORA","CENTINELA DEL CONDOR",NA,NA,2021,7901,12,"Diciembre",7.901
"12005","ZAMORA","CHINCHIPE",NA,NA,2021,10647,12,"Diciembre",10.647
"12006","ZAMORA","EL PANGUI",NA,NA,2021,13034,12,"Diciembre",13.034
"12007","ZAMORA","NANGARITZA",NA,NA,2021,6822,12,"Diciembre",6.822
"12008","ZAMORA","PALANDA",NA,NA,2021,9015,12,"Diciembre",9.015
"12009","ZAMORA","PAQUISHA",NA,NA,2021,4978,12,"Diciembre",4.978
"12010","ZAMORA","YACUAMBI",NA,NA,2021,6549,12,"Diciembre",6.549
"12011","ZAMORA","YANTZAZA",NA,NA,2021,23999,12,"Diciembre",23.999
"12012","ZAMORA","ZAMORA",NA,NA,2021,30967,12,"Diciembre",30.967
"12013","GUAYAS","ALFREDO BAQUERIZO MORENO (JUJAN)",NA,NA,2022,26652,1,"Enero",26.652
"12014","MORONA","GUALAQUIZA",NA,NA,2022,22493,1,"Enero",22.493
"12015","MORONA","HUAMBOYA",NA,NA,2022,11384,1,"Enero",11.384
"12016","MORONA","LIMON INDANZA",NA,NA,2022,10256,1,"Enero",10.256
"12017","MORONA","LOGROÑO",NA,NA,2022,7711,1,"Enero",7.711
"12018","MORONA","MORONA",NA,NA,2022,56624,1,"Enero",56.624
"12019","MORONA","PABLO SEXTO",NA,NA,2022,2303,1,"Enero",2.303
"12020","MORONA","PALORA",NA,NA,2022,11915,1,"Enero",11.915
"12021","MORONA","SAN JUAN BOSCO",NA,NA,2022,4474,1,"Enero",4.474
"12022","MORONA","SANTIAGO",NA,NA,2022,9971,1,"Enero",9.971
"12023","MORONA","SUCUA",NA,NA,2022,23972,1,"Enero",23.972
"12024","MORONA","TAISHA",NA,NA,2022,28457,1,"Enero",28.457
"12025","MORONA","TIWINTZA",NA,NA,2022,9893,1,"Enero",9.893
"12026","ORELLANA","FRANCISCO DE ORELLANA",NA,NA,2022,97104,1,"Enero",97.104
"12027","PICHINCHA","DISTRITO METROPOLITANO DE QUITO",NA,NA,2022,2804269,1,"Enero",2804.269
"12028","SANTO DOMINGO","LA CONCORDIA",NA,NA,2022,55484,1,"Enero",55.484
"12029","SANTO DOMINGO","SANTO DOMINGO",NA,NA,2022,458208,1,"Enero",458.208
"12030","ZAMORA","CENTINELA DEL CONDOR",NA,NA,2022,7985,1,"Enero",7.985
"12031","ZAMORA","CHINCHIPE",NA,NA,2022,10716,1,"Enero",10.716
"12032","ZAMORA","EL PANGUI",NA,NA,2022,13377,1,"Enero",13.377
"12033","ZAMORA","NANGARITZA",NA,NA,2022,6916,1,"Enero",6.916
"12034","ZAMORA","PALANDA",NA,NA,2022,9036,1,"Enero",9.036
"12035","ZAMORA","PAQUISHA",NA,NA,2022,5047,1,"Enero",5.047
"12036","ZAMORA","YACUAMBI",NA,NA,2022,6555,1,"Enero",6.555
"12037","ZAMORA","YANTZAZA",NA,NA,2022,24252,1,"Enero",24.252
"12038","ZAMORA","ZAMORA",NA,NA,2022,31217,1,"Enero",31.217
"12039","GUAYAS","ALFREDO BAQUERIZO MORENO (JUJAN)",NA,NA,2022,26652,2,"Febrero",26.652
"12040","MORONA","GUALAQUIZA",NA,NA,2022,22493,2,"Febrero",22.493
"12041","MORONA","HUAMBOYA",NA,NA,2022,11384,2,"Febrero",11.384
"12042","MORONA","LIMON INDANZA",NA,NA,2022,10256,2,"Febrero",10.256
"12043","MORONA","LOGROÑO",NA,NA,2022,7711,2,"Febrero",7.711
"12044","MORONA","MORONA",NA,NA,2022,56624,2,"Febrero",56.624
"12045","MORONA","PABLO SEXTO",NA,NA,2022,2303,2,"Febrero",2.303
"12046","MORONA","PALORA",NA,NA,2022,11915,2,"Febrero",11.915
"12047","MORONA","SAN JUAN BOSCO",NA,NA,2022,4474,2,"Febrero",4.474
"12048","MORONA","SANTIAGO",NA,NA,2022,9971,2,"Febrero",9.971
"12049","MORONA","SUCUA",NA,NA,2022,23972,2,"Febrero",23.972
"12050","MORONA","TAISHA",NA,NA,2022,28457,2,"Febrero",28.457
"12051","MORONA","TIWINTZA",NA,NA,2022,9893,2,"Febrero",9.893
"12052","ORELLANA","FRANCISCO DE ORELLANA",NA,NA,2022,97104,2,"Febrero",97.104
"12053","PICHINCHA","DISTRITO METROPOLITANO DE QUITO",NA,NA,2022,2804269,2,"Febrero",2804.269
"12054","SANTO DOMINGO","LA CONCORDIA",NA,NA,2022,55484,2,"Febrero",55.484
"12055","SANTO DOMINGO","SANTO DOMINGO",NA,NA,2022,458208,2,"Febrero",458.208
"12056","ZAMORA","CENTINELA DEL CONDOR",NA,NA,2022,7985,2,"Febrero",7.985
"12057","ZAMORA","CHINCHIPE",NA,NA,2022,10716,2,"Febrero",10.716
"12058","ZAMORA","EL PANGUI",NA,NA,2022,13377,2,"Febrero",13.377
"12059","ZAMORA","NANGARITZA",NA,NA,2022,6916,2,"Febrero",6.916
"12060","ZAMORA","PALANDA",NA,NA,2022,9036,2,"Febrero",9.036
"12061","ZAMORA","PAQUISHA",NA,NA,2022,5047,2,"Febrero",5.047
"12062","ZAMORA","YACUAMBI",NA,NA,2022,6555,2,"Febrero",6.555
"12063","ZAMORA","YANTZAZA",NA,NA,2022,24252,2,"Febrero",24.252
"12064","ZAMORA","ZAMORA",NA,NA,2022,31217,2,"Febrero",31.217
"12065","GUAYAS","ALFREDO BAQUERIZO MORENO (JUJAN)",NA,NA,2022,26652,3,"Marzo",26.652
"12066","MORONA","GUALAQUIZA",NA,NA,2022,22493,3,"Marzo",22.493
"12067","MORONA","HUAMBOYA",NA,NA,2022,11384,3,"Marzo",11.384
"12068","MORONA","LIMON INDANZA",NA,NA,2022,10256,3,"Marzo",10.256
"12069","MORONA","LOGROÑO",NA,NA,2022,7711,3,"Marzo",7.711
"12070","MORONA","MORONA",NA,NA,2022,56624,3,"Marzo",56.624
"12071","MORONA","PABLO SEXTO",NA,NA,2022,2303,3,"Marzo",2.303
"12072","MORONA","PALORA",NA,NA,2022,11915,3,"Marzo",11.915
"12073","MORONA","SAN JUAN BOSCO",NA,NA,2022,4474,3,"Marzo",4.474
"12074","MORONA","SANTIAGO",NA,NA,2022,9971,3,"Marzo",9.971
"12075","MORONA","SUCUA",NA,NA,2022,23972,3,"Marzo",23.972
"12076","MORONA","TAISHA",NA,NA,2022,28457,3,"Marzo",28.457
"12077","MORONA","TIWINTZA",NA,NA,2022,9893,3,"Marzo",9.893
"12078","ORELLANA","FRANCISCO DE ORELLANA",NA,NA,2022,97104,3,"Marzo",97.104
"12079","PICHINCHA","DISTRITO METROPOLITANO DE QUITO",NA,NA,2022,2804269,3,"Marzo",2804.269
"12080","SANTO DOMINGO","LA CONCORDIA",NA,NA,2022,55484,3,"Marzo",55.484
"12081","SANTO DOMINGO","SANTO DOMINGO",NA,NA,2022,458208,3,"Marzo",458.208
"12082","ZAMORA","CENTINELA DEL CONDOR",NA,NA,2022,7985,3,"Marzo",7.985
"12083","ZAMORA","CHINCHIPE",NA,NA,2022,10716,3,"Marzo",10.716
"12084","ZAMORA","EL PANGUI",NA,NA,2022,13377,3,"Marzo",13.377
"12085","ZAMORA","NANGARITZA",NA,NA,2022,6916,3,"Marzo",6.916
"12086","ZAMORA","PALANDA",NA,NA,2022,9036,3,"Marzo",9.036
"12087","ZAMORA","PAQUISHA",NA,NA,2022,5047,3,"Marzo",5.047
"12088","ZAMORA","YACUAMBI",NA,NA,2022,6555,3,"Marzo",6.555
"12089","ZAMORA","YANTZAZA",NA,NA,2022,24252,3,"Marzo",24.252
"12090","ZAMORA","ZAMORA",NA,NA,2022,31217,3,"Marzo",31.217
"12091","GUAYAS","ALFREDO BAQUERIZO MORENO (JUJAN)",NA,NA,2022,26652,4,"Abril",26.652
"12092","MORONA","GUALAQUIZA",NA,NA,2022,22493,4,"Abril",22.493
"12093","MORONA","HUAMBOYA",NA,NA,2022,11384,4,"Abril",11.384
"12094","MORONA","LIMON INDANZA",NA,NA,2022,10256,4,"Abril",10.256
"12095","MORONA","LOGROÑO",NA,NA,2022,7711,4,"Abril",7.711
"12096","MORONA","MORONA",NA,NA,2022,56624,4,"Abril",56.624
"12097","MORONA","PABLO SEXTO",NA,NA,2022,2303,4,"Abril",2.303
"12098","MORONA","PALORA",NA,NA,2022,11915,4,"Abril",11.915
"12099","MORONA","SAN JUAN BOSCO",NA,NA,2022,4474,4,"Abril",4.474
"12100","MORONA","SANTIAGO",NA,NA,2022,9971,4,"Abril",9.971
"12101","MORONA","SUCUA",NA,NA,2022,23972,4,"Abril",23.972
"12102","MORONA","TAISHA",NA,NA,2022,28457,4,"Abril",28.457
"12103","MORONA","TIWINTZA",NA,NA,2022,9893,4,"Abril",9.893
"12104","ORELLANA","FRANCISCO DE ORELLANA",NA,NA,2022,97104,4,"Abril",97.104
"12105","PICHINCHA","DISTRITO METROPOLITANO DE QUITO",NA,NA,2022,2804269,4,"Abril",2804.269
"12106","SANTO DOMINGO","LA CONCORDIA",NA,NA,2022,55484,4,"Abril",55.484
"12107","SANTO DOMINGO","SANTO DOMINGO",NA,NA,2022,458208,4,"Abril",458.208
"12108","ZAMORA","CENTINELA DEL CONDOR",NA,NA,2022,7985,4,"Abril",7.985
"12109","ZAMORA","CHINCHIPE",NA,NA,2022,10716,4,"Abril",10.716
"12110","ZAMORA","EL PANGUI",NA,NA,2022,13377,4,"Abril",13.377
"12111","ZAMORA","NANGARITZA",NA,NA,2022,6916,4,"Abril",6.916
"12112","ZAMORA","PALANDA",NA,NA,2022,9036,4,"Abril",9.036
"12113","ZAMORA","PAQUISHA",NA,NA,2022,5047,4,"Abril",5.047
"12114","ZAMORA","YACUAMBI",NA,NA,2022,6555,4,"Abril",6.555
"12115","ZAMORA","YANTZAZA",NA,NA,2022,24252,4,"Abril",24.252
"12116","ZAMORA","ZAMORA",NA,NA,2022,31217,4,"Abril",31.217
"12117","GUAYAS","ALFREDO BAQUERIZO MORENO (JUJAN)",NA,NA,2022,26652,5,"Mayo",26.652
"12118","MORONA","GUALAQUIZA",NA,NA,2022,22493,5,"Mayo",22.493
"12119","MORONA","HUAMBOYA",NA,NA,2022,11384,5,"Mayo",11.384
"12120","MORONA","LIMON INDANZA",NA,NA,2022,10256,5,"Mayo",10.256
"12121","MORONA","LOGROÑO",NA,NA,2022,7711,5,"Mayo",7.711
"12122","MORONA","MORONA",NA,NA,2022,56624,5,"Mayo",56.624
"12123","MORONA","PABLO SEXTO",NA,NA,2022,2303,5,"Mayo",2.303
"12124","MORONA","PALORA",NA,NA,2022,11915,5,"Mayo",11.915
"12125","MORONA","SAN JUAN BOSCO",NA,NA,2022,4474,5,"Mayo",4.474
"12126","MORONA","SANTIAGO",NA,NA,2022,9971,5,"Mayo",9.971
"12127","MORONA","SUCUA",NA,NA,2022,23972,5,"Mayo",23.972
"12128","MORONA","TAISHA",NA,NA,2022,28457,5,"Mayo",28.457
"12129","MORONA","TIWINTZA",NA,NA,2022,9893,5,"Mayo",9.893
"12130","ORELLANA","FRANCISCO DE ORELLANA",NA,NA,2022,97104,5,"Mayo",97.104
"12131","PICHINCHA","DISTRITO METROPOLITANO DE QUITO",NA,NA,2022,2804269,5,"Mayo",2804.269
"12132","SANTO DOMINGO","LA CONCORDIA",NA,NA,2022,55484,5,"Mayo",55.484
"12133","SANTO DOMINGO","SANTO DOMINGO",NA,NA,2022,458208,5,"Mayo",458.208
"12134","ZAMORA","CENTINELA DEL CONDOR",NA,NA,2022,7985,5,"Mayo",7.985
"12135","ZAMORA","CHINCHIPE",NA,NA,2022,10716,5,"Mayo",10.716
"12136","ZAMORA","EL PANGUI",NA,NA,2022,13377,5,"Mayo",13.377
"12137","ZAMORA","NANGARITZA",NA,NA,2022,6916,5,"Mayo",6.916
"12138","ZAMORA","PALANDA",NA,NA,2022,9036,5,"Mayo",9.036
"12139","ZAMORA","PAQUISHA",NA,NA,2022,5047,5,"Mayo",5.047
"12140","ZAMORA","YACUAMBI",NA,NA,2022,6555,5,"Mayo",6.555
"12141","ZAMORA","YANTZAZA",NA,NA,2022,24252,5,"Mayo",24.252
"12142","ZAMORA","ZAMORA",NA,NA,2022,31217,5,"Mayo",31.217
"12143","GUAYAS","ALFREDO BAQUERIZO MORENO (JUJAN)",NA,NA,2022,26652,6,"Junio",26.652
"12144","MORONA","GUALAQUIZA",NA,NA,2022,22493,6,"Junio",22.493
"12145","MORONA","HUAMBOYA",NA,NA,2022,11384,6,"Junio",11.384
"12146","MORONA","LIMON INDANZA",NA,NA,2022,10256,6,"Junio",10.256
"12147","MORONA","LOGROÑO",NA,NA,2022,7711,6,"Junio",7.711
"12148","MORONA","MORONA",NA,NA,2022,56624,6,"Junio",56.624
"12149","MORONA","PABLO SEXTO",NA,NA,2022,2303,6,"Junio",2.303
"12150","MORONA","PALORA",NA,NA,2022,11915,6,"Junio",11.915
"12151","MORONA","SAN JUAN BOSCO",NA,NA,2022,4474,6,"Junio",4.474
"12152","MORONA","SANTIAGO",NA,NA,2022,9971,6,"Junio",9.971
"12153","MORONA","SUCUA",NA,NA,2022,23972,6,"Junio",23.972
"12154","MORONA","TAISHA",NA,NA,2022,28457,6,"Junio",28.457
"12155","MORONA","TIWINTZA",NA,NA,2022,9893,6,"Junio",9.893
"12156","ORELLANA","FRANCISCO DE ORELLANA",NA,NA,2022,97104,6,"Junio",97.104
"12157","PICHINCHA","DISTRITO METROPOLITANO DE QUITO",NA,NA,2022,2804269,6,"Junio",2804.269
"12158","SANTO DOMINGO","LA CONCORDIA",NA,NA,2022,55484,6,"Junio",55.484
"12159","SANTO DOMINGO","SANTO DOMINGO",NA,NA,2022,458208,6,"Junio",458.208
"12160","ZAMORA","CENTINELA DEL CONDOR",NA,NA,2022,7985,6,"Junio",7.985
"12161","ZAMORA","CHINCHIPE",NA,NA,2022,10716,6,"Junio",10.716
"12162","ZAMORA","EL PANGUI",NA,NA,2022,13377,6,"Junio",13.377
"12163","ZAMORA","NANGARITZA",NA,NA,2022,6916,6,"Junio",6.916
"12164","ZAMORA","PALANDA",NA,NA,2022,9036,6,"Junio",9.036
"12165","ZAMORA","PAQUISHA",NA,NA,2022,5047,6,"Junio",5.047
"12166","ZAMORA","YACUAMBI",NA,NA,2022,6555,6,"Junio",6.555
"12167","ZAMORA","YANTZAZA",NA,NA,2022,24252,6,"Junio",24.252
"12168","ZAMORA","ZAMORA",NA,NA,2022,31217,6,"Junio",31.217
"12169","GUAYAS","ALFREDO BAQUERIZO MORENO (JUJAN)",NA,NA,2022,26652,7,"Julio",26.652
"12170","MORONA","GUALAQUIZA",NA,NA,2022,22493,7,"Julio",22.493
"12171","MORONA","HUAMBOYA",NA,NA,2022,11384,7,"Julio",11.384
"12172","MORONA","LIMON INDANZA",NA,NA,2022,10256,7,"Julio",10.256
"12173","MORONA","LOGROÑO",NA,NA,2022,7711,7,"Julio",7.711
"12174","MORONA","MORONA",NA,NA,2022,56624,7,"Julio",56.624
"12175","MORONA","PABLO SEXTO",NA,NA,2022,2303,7,"Julio",2.303
"12176","MORONA","PALORA",NA,NA,2022,11915,7,"Julio",11.915
"12177","MORONA","SAN JUAN BOSCO",NA,NA,2022,4474,7,"Julio",4.474
"12178","MORONA","SANTIAGO",NA,NA,2022,9971,7,"Julio",9.971
"12179","MORONA","SUCUA",NA,NA,2022,23972,7,"Julio",23.972
"12180","MORONA","TAISHA",NA,NA,2022,28457,7,"Julio",28.457
"12181","MORONA","TIWINTZA",NA,NA,2022,9893,7,"Julio",9.893
"12182","ORELLANA","FRANCISCO DE ORELLANA",NA,NA,2022,97104,7,"Julio",97.104
"12183","PICHINCHA","DISTRITO METROPOLITANO DE QUITO",NA,NA,2022,2804269,7,"Julio",2804.269
"12184","SANTO DOMINGO","LA CONCORDIA",NA,NA,2022,55484,7,"Julio",55.484
"12185","SANTO DOMINGO","SANTO DOMINGO",NA,NA,2022,458208,7,"Julio",458.208
"12186","ZAMORA","CENTINELA DEL CONDOR",NA,NA,2022,7985,7,"Julio",7.985
"12187","ZAMORA","CHINCHIPE",NA,NA,2022,10716,7,"Julio",10.716
"12188","ZAMORA","EL PANGUI",NA,NA,2022,13377,7,"Julio",13.377
"12189","ZAMORA","NANGARITZA",NA,NA,2022,6916,7,"Julio",6.916
"12190","ZAMORA","PALANDA",NA,NA,2022,9036,7,"Julio",9.036
"12191","ZAMORA","PAQUISHA",NA,NA,2022,5047,7,"Julio",5.047
"12192","ZAMORA","YACUAMBI",NA,NA,2022,6555,7,"Julio",6.555
"12193","ZAMORA","YANTZAZA",NA,NA,2022,24252,7,"Julio",24.252
"12194","ZAMORA","ZAMORA",NA,NA,2022,31217,7,"Julio",31.217
"12195","GUAYAS","ALFREDO BAQUERIZO MORENO (JUJAN)",NA,NA,2022,26652,8,"Agosto",26.652
"12196","MORONA","GUALAQUIZA",NA,NA,2022,22493,8,"Agosto",22.493
"12197","MORONA","HUAMBOYA",NA,NA,2022,11384,8,"Agosto",11.384
"12198","MORONA","LIMON INDANZA",NA,NA,2022,10256,8,"Agosto",10.256
"12199","MORONA","LOGROÑO",NA,NA,2022,7711,8,"Agosto",7.711
"12200","MORONA","MORONA",NA,NA,2022,56624,8,"Agosto",56.624
"12201","MORONA","PABLO SEXTO",NA,NA,2022,2303,8,"Agosto",2.303
"12202","MORONA","PALORA",NA,NA,2022,11915,8,"Agosto",11.915
"12203","MORONA","SAN JUAN BOSCO",NA,NA,2022,4474,8,"Agosto",4.474
"12204","MORONA","SANTIAGO",NA,NA,2022,9971,8,"Agosto",9.971
"12205","MORONA","SUCUA",NA,NA,2022,23972,8,"Agosto",23.972
"12206","MORONA","TAISHA",NA,NA,2022,28457,8,"Agosto",28.457
"12207","MORONA","TIWINTZA",NA,NA,2022,9893,8,"Agosto",9.893
"12208","ORELLANA","FRANCISCO DE ORELLANA",NA,NA,2022,97104,8,"Agosto",97.104
"12209","PICHINCHA","DISTRITO METROPOLITANO DE QUITO",NA,NA,2022,2804269,8,"Agosto",2804.269
"12210","SANTO DOMINGO","LA CONCORDIA",NA,NA,2022,55484,8,"Agosto",55.484
"12211","SANTO DOMINGO","SANTO DOMINGO",NA,NA,2022,458208,8,"Agosto",458.208
"12212","ZAMORA","CENTINELA DEL CONDOR",NA,NA,2022,7985,8,"Agosto",7.985
"12213","ZAMORA","CHINCHIPE",NA,NA,2022,10716,8,"Agosto",10.716
"12214","ZAMORA","EL PANGUI",NA,NA,2022,13377,8,"Agosto",13.377
"12215","ZAMORA","NANGARITZA",NA,NA,2022,6916,8,"Agosto",6.916
"12216","ZAMORA","PALANDA",NA,NA,2022,9036,8,"Agosto",9.036
"12217","ZAMORA","PAQUISHA",NA,NA,2022,5047,8,"Agosto",5.047
"12218","ZAMORA","YACUAMBI",NA,NA,2022,6555,8,"Agosto",6.555
"12219","ZAMORA","YANTZAZA",NA,NA,2022,24252,8,"Agosto",24.252
"12220","ZAMORA","ZAMORA",NA,NA,2022,31217,8,"Agosto",31.217
"12221","GUAYAS","ALFREDO BAQUERIZO MORENO (JUJAN)",NA,NA,2022,26652,9,"Septiembre",26.652
"12222","MORONA","GUALAQUIZA",NA,NA,2022,22493,9,"Septiembre",22.493
"12223","MORONA","HUAMBOYA",NA,NA,2022,11384,9,"Septiembre",11.384
"12224","MORONA","LIMON INDANZA",NA,NA,2022,10256,9,"Septiembre",10.256
"12225","MORONA","LOGROÑO",NA,NA,2022,7711,9,"Septiembre",7.711
"12226","MORONA","MORONA",NA,NA,2022,56624,9,"Septiembre",56.624
"12227","MORONA","PABLO SEXTO",NA,NA,2022,2303,9,"Septiembre",2.303
"12228","MORONA","PALORA",NA,NA,2022,11915,9,"Septiembre",11.915
"12229","MORONA","SAN JUAN BOSCO",NA,NA,2022,4474,9,"Septiembre",4.474
"12230","MORONA","SANTIAGO",NA,NA,2022,9971,9,"Septiembre",9.971
"12231","MORONA","SUCUA",NA,NA,2022,23972,9,"Septiembre",23.972
"12232","MORONA","TAISHA",NA,NA,2022,28457,9,"Septiembre",28.457
"12233","MORONA","TIWINTZA",NA,NA,2022,9893,9,"Septiembre",9.893
"12234","ORELLANA","FRANCISCO DE ORELLANA",NA,NA,2022,97104,9,"Septiembre",97.104
"12235","PICHINCHA","DISTRITO METROPOLITANO DE QUITO",NA,NA,2022,2804269,9,"Septiembre",2804.269
"12236","SANTO DOMINGO","LA CONCORDIA",NA,NA,2022,55484,9,"Septiembre",55.484
"12237","SANTO DOMINGO","SANTO DOMINGO",NA,NA,2022,458208,9,"Septiembre",458.208
"12238","ZAMORA","CENTINELA DEL CONDOR",NA,NA,2022,7985,9,"Septiembre",7.985
"12239","ZAMORA","CHINCHIPE",NA,NA,2022,10716,9,"Septiembre",10.716
"12240","ZAMORA","EL PANGUI",NA,NA,2022,13377,9,"Septiembre",13.377
"12241","ZAMORA","NANGARITZA",NA,NA,2022,6916,9,"Septiembre",6.916
"12242","ZAMORA","PALANDA",NA,NA,2022,9036,9,"Septiembre",9.036
"12243","ZAMORA","PAQUISHA",NA,NA,2022,5047,9,"Septiembre",5.047
"12244","ZAMORA","YACUAMBI",NA,NA,2022,6555,9,"Septiembre",6.555
"12245","ZAMORA","YANTZAZA",NA,NA,2022,24252,9,"Septiembre",24.252
"12246","ZAMORA","ZAMORA",NA,NA,2022,31217,9,"Septiembre",31.217
"12247","GUAYAS","ALFREDO BAQUERIZO MORENO (JUJAN)",NA,NA,2022,26652,10,"Octubre",26.652
"12248","MORONA","GUALAQUIZA",NA,NA,2022,22493,10,"Octubre",22.493
"12249","MORONA","HUAMBOYA",NA,NA,2022,11384,10,"Octubre",11.384
"12250","MORONA","LIMON INDANZA",NA,NA,2022,10256,10,"Octubre",10.256
"12251","MORONA","LOGROÑO",NA,NA,2022,7711,10,"Octubre",7.711
"12252","MORONA","MORONA",NA,NA,2022,56624,10,"Octubre",56.624
"12253","MORONA","PABLO SEXTO",NA,NA,2022,2303,10,"Octubre",2.303
"12254","MORONA","PALORA",NA,NA,2022,11915,10,"Octubre",11.915
"12255","MORONA","SAN JUAN BOSCO",NA,NA,2022,4474,10,"Octubre",4.474
"12256","MORONA","SANTIAGO",NA,NA,2022,9971,10,"Octubre",9.971
"12257","MORONA","SUCUA",NA,NA,2022,23972,10,"Octubre",23.972
"12258","MORONA","TAISHA",NA,NA,2022,28457,10,"Octubre",28.457
"12259","MORONA","TIWINTZA",NA,NA,2022,9893,10,"Octubre",9.893
"12260","ORELLANA","FRANCISCO DE ORELLANA",NA,NA,2022,97104,10,"Octubre",97.104
"12261","PICHINCHA","DISTRITO METROPOLITANO DE QUITO",NA,NA,2022,2804269,10,"Octubre",2804.269
"12262","SANTO DOMINGO","LA CONCORDIA",NA,NA,2022,55484,10,"Octubre",55.484
"12263","SANTO DOMINGO","SANTO DOMINGO",NA,NA,2022,458208,10,"Octubre",458.208
"12264","ZAMORA","CENTINELA DEL CONDOR",NA,NA,2022,7985,10,"Octubre",7.985
"12265","ZAMORA","CHINCHIPE",NA,NA,2022,10716,10,"Octubre",10.716
"12266","ZAMORA","EL PANGUI",NA,NA,2022,13377,10,"Octubre",13.377
"12267","ZAMORA","NANGARITZA",NA,NA,2022,6916,10,"Octubre",6.916
"12268","ZAMORA","PALANDA",NA,NA,2022,9036,10,"Octubre",9.036
"12269","ZAMORA","PAQUISHA",NA,NA,2022,5047,10,"Octubre",5.047
"12270","ZAMORA","YACUAMBI",NA,NA,2022,6555,10,"Octubre",6.555
"12271","ZAMORA","YANTZAZA",NA,NA,2022,24252,10,"Octubre",24.252
"12272","ZAMORA","ZAMORA",NA,NA,2022,31217,10,"Octubre",31.217
"12273","GUAYAS","ALFREDO BAQUERIZO MORENO (JUJAN)",NA,NA,2022,26652,11,"Noviembre",26.652
"12274","MORONA","GUALAQUIZA",NA,NA,2022,22493,11,"Noviembre",22.493
"12275","MORONA","HUAMBOYA",NA,NA,2022,11384,11,"Noviembre",11.384
"12276","MORONA","LIMON INDANZA",NA,NA,2022,10256,11,"Noviembre",10.256
"12277","MORONA","LOGROÑO",NA,NA,2022,7711,11,"Noviembre",7.711
"12278","MORONA","MORONA",NA,NA,2022,56624,11,"Noviembre",56.624
"12279","MORONA","PABLO SEXTO",NA,NA,2022,2303,11,"Noviembre",2.303
"12280","MORONA","PALORA",NA,NA,2022,11915,11,"Noviembre",11.915
"12281","MORONA","SAN JUAN BOSCO",NA,NA,2022,4474,11,"Noviembre",4.474
"12282","MORONA","SANTIAGO",NA,NA,2022,9971,11,"Noviembre",9.971
"12283","MORONA","SUCUA",NA,NA,2022,23972,11,"Noviembre",23.972
"12284","MORONA","TAISHA",NA,NA,2022,28457,11,"Noviembre",28.457
"12285","MORONA","TIWINTZA",NA,NA,2022,9893,11,"Noviembre",9.893
"12286","ORELLANA","FRANCISCO DE ORELLANA",NA,NA,2022,97104,11,"Noviembre",97.104
"12287","PICHINCHA","DISTRITO METROPOLITANO DE QUITO",NA,NA,2022,2804269,11,"Noviembre",2804.269
"12288","SANTO DOMINGO","LA CONCORDIA",NA,NA,2022,55484,11,"Noviembre",55.484
"12289","SANTO DOMINGO","SANTO DOMINGO",NA,NA,2022,458208,11,"Noviembre",458.208
"12290","ZAMORA","CENTINELA DEL CONDOR",NA,NA,2022,7985,11,"Noviembre",7.985
"12291","ZAMORA","CHINCHIPE",NA,NA,2022,10716,11,"Noviembre",10.716
"12292","ZAMORA","EL PANGUI",NA,NA,2022,13377,11,"Noviembre",13.377
"12293","ZAMORA","NANGARITZA",NA,NA,2022,6916,11,"Noviembre",6.916
"12294","ZAMORA","PALANDA",NA,NA,2022,9036,11,"Noviembre",9.036
"12295","ZAMORA","PAQUISHA",NA,NA,2022,5047,11,"Noviembre",5.047
"12296","ZAMORA","YACUAMBI",NA,NA,2022,6555,11,"Noviembre",6.555
"12297","ZAMORA","YANTZAZA",NA,NA,2022,24252,11,"Noviembre",24.252
"12298","ZAMORA","ZAMORA",NA,NA,2022,31217,11,"Noviembre",31.217
"12299","GUAYAS","ALFREDO BAQUERIZO MORENO (JUJAN)",NA,NA,2022,26652,12,"Diciembre",26.652
"12300","MORONA","GUALAQUIZA",NA,NA,2022,22493,12,"Diciembre",22.493
"12301","MORONA","HUAMBOYA",NA,NA,2022,11384,12,"Diciembre",11.384
"12302","MORONA","LIMON INDANZA",NA,NA,2022,10256,12,"Diciembre",10.256
"12303","MORONA","LOGROÑO",NA,NA,2022,7711,12,"Diciembre",7.711
"12304","MORONA","MORONA",NA,NA,2022,56624,12,"Diciembre",56.624
"12305","MORONA","PABLO SEXTO",NA,NA,2022,2303,12,"Diciembre",2.303
"12306","MORONA","PALORA",NA,NA,2022,11915,12,"Diciembre",11.915
"12307","MORONA","SAN JUAN BOSCO",NA,NA,2022,4474,12,"Diciembre",4.474
"12308","MORONA","SANTIAGO",NA,NA,2022,9971,12,"Diciembre",9.971
"12309","MORONA","SUCUA",NA,NA,2022,23972,12,"Diciembre",23.972
"12310","MORONA","TAISHA",NA,NA,2022,28457,12,"Diciembre",28.457
"12311","MORONA","TIWINTZA",NA,NA,2022,9893,12,"Diciembre",9.893
"12312","ORELLANA","FRANCISCO DE ORELLANA",NA,NA,2022,97104,12,"Diciembre",97.104
"12313","PICHINCHA","DISTRITO METROPOLITANO DE QUITO",NA,NA,2022,2804269,12,"Diciembre",2804.269
"12314","SANTO DOMINGO","LA CONCORDIA",NA,NA,2022,55484,12,"Diciembre",55.484
"12315","SANTO DOMINGO","SANTO DOMINGO",NA,NA,2022,458208,12,"Diciembre",458.208
"12316","ZAMORA","CENTINELA DEL CONDOR",NA,NA,2022,7985,12,"Diciembre",7.985
"12317","ZAMORA","CHINCHIPE",NA,NA,2022,10716,12,"Diciembre",10.716
"12318","ZAMORA","EL PANGUI",NA,NA,2022,13377,12,"Diciembre",13.377
"12319","ZAMORA","NANGARITZA",NA,NA,2022,6916,12,"Diciembre",6.916
"12320","ZAMORA","PALANDA",NA,NA,2022,9036,12,"Diciembre",9.036
"12321","ZAMORA","PAQUISHA",NA,NA,2022,5047,12,"Diciembre",5.047
"12322","ZAMORA","YACUAMBI",NA,NA,2022,6555,12,"Diciembre",6.555
"12323","ZAMORA","YANTZAZA",NA,NA,2022,24252,12,"Diciembre",24.252
"12324","ZAMORA","ZAMORA",NA,NA,2022,31217,12,"Diciembre",31.217
"12325","GUAYAS","ALFREDO BAQUERIZO MORENO (JUJAN)",NA,NA,2023,26584,1,"Enero",26.584
"12326","MORONA","GUALAQUIZA",NA,NA,2023,22820,1,"Enero",22.82
"12327","MORONA","HUAMBOYA",NA,NA,2023,11580,1,"Enero",11.58
"12328","MORONA","LIMON INDANZA",NA,NA,2023,10196,1,"Enero",10.196
"12329","MORONA","LOGROÑO",NA,NA,2023,7814,1,"Enero",7.814
"12330","MORONA","MORONA",NA,NA,2023,57720,1,"Enero",57.72
"12331","MORONA","PABLO SEXTO",NA,NA,2023,2341,1,"Enero",2.341
"12332","MORONA","PALORA",NA,NA,2023,12323,1,"Enero",12.323
"12333","MORONA","SAN JUAN BOSCO",NA,NA,2023,4495,1,"Enero",4.495
"12334","MORONA","SANTIAGO",NA,NA,2023,9970,1,"Enero",9.97
"12335","MORONA","SUCUA",NA,NA,2023,24287,1,"Enero",24.287
"12336","MORONA","TAISHA",NA,NA,2023,29225,1,"Enero",29.225
"12337","MORONA","TIWINTZA",NA,NA,2023,10080,1,"Enero",10.08
"12338","ORELLANA","FRANCISCO DE ORELLANA",NA,NA,2023,98683,1,"Enero",98.683
"12339","PICHINCHA","DISTRITO METROPOLITANO DE QUITO",NA,NA,2023,2820059,1,"Enero",2820.059
"12340","SANTO DOMINGO","LA CONCORDIA",NA,NA,2023,56080,1,"Enero",56.08
"12341","SANTO DOMINGO","SANTO DOMINGO",NA,NA,2023,462496,1,"Enero",462.496
"12342","ZAMORA","CENTINELA DEL CONDOR",NA,NA,2023,8074,1,"Enero",8.074
"12343","ZAMORA","CHINCHIPE",NA,NA,2023,10793,1,"Enero",10.793
"12344","ZAMORA","EL PANGUI",NA,NA,2023,13717,1,"Enero",13.717
"12345","ZAMORA","NANGARITZA",NA,NA,2023,7015,1,"Enero",7.015
"12346","ZAMORA","PALANDA",NA,NA,2023,9066,1,"Enero",9.066
"12347","ZAMORA","PAQUISHA",NA,NA,2023,5119,1,"Enero",5.119
"12348","ZAMORA","YACUAMBI",NA,NA,2023,6568,1,"Enero",6.568
"12349","ZAMORA","YANTZAZA",NA,NA,2023,24523,1,"Enero",24.523
"12350","ZAMORA","ZAMORA",NA,NA,2023,31488,1,"Enero",31.488
"12351","GUAYAS","ALFREDO BAQUERIZO MORENO (JUJAN)",NA,NA,2023,26584,2,"Febrero",26.584
"12352","MORONA","GUALAQUIZA",NA,NA,2023,22820,2,"Febrero",22.82
"12353","MORONA","HUAMBOYA",NA,NA,2023,11580,2,"Febrero",11.58
"12354","MORONA","LIMON INDANZA",NA,NA,2023,10196,2,"Febrero",10.196
"12355","MORONA","LOGROÑO",NA,NA,2023,7814,2,"Febrero",7.814
"12356","MORONA","MORONA",NA,NA,2023,57720,2,"Febrero",57.72
"12357","MORONA","PABLO SEXTO",NA,NA,2023,2341,2,"Febrero",2.341
"12358","MORONA","PALORA",NA,NA,2023,12323,2,"Febrero",12.323
"12359","MORONA","SAN JUAN BOSCO",NA,NA,2023,4495,2,"Febrero",4.495
"12360","MORONA","SANTIAGO",NA,NA,2023,9970,2,"Febrero",9.97
"12361","MORONA","SUCUA",NA,NA,2023,24287,2,"Febrero",24.287
"12362","MORONA","TAISHA",NA,NA,2023,29225,2,"Febrero",29.225
"12363","MORONA","TIWINTZA",NA,NA,2023,10080,2,"Febrero",10.08
"12364","ORELLANA","FRANCISCO DE ORELLANA",NA,NA,2023,98683,2,"Febrero",98.683
"12365","PICHINCHA","DISTRITO METROPOLITANO DE QUITO",NA,NA,2023,2820059,2,"Febrero",2820.059
"12366","SANTO DOMINGO","LA CONCORDIA",NA,NA,2023,56080,2,"Febrero",56.08
"12367","SANTO DOMINGO","SANTO DOMINGO",NA,NA,2023,462496,2,"Febrero",462.496
"12368","ZAMORA","CENTINELA DEL CONDOR",NA,NA,2023,8074,2,"Febrero",8.074
"12369","ZAMORA","CHINCHIPE",NA,NA,2023,10793,2,"Febrero",10.793
"12370","ZAMORA","EL PANGUI",NA,NA,2023,13717,2,"Febrero",13.717
"12371","ZAMORA","NANGARITZA",NA,NA,2023,7015,2,"Febrero",7.015
"12372","ZAMORA","PALANDA",NA,NA,2023,9066,2,"Febrero",9.066
"12373","ZAMORA","PAQUISHA",NA,NA,2023,5119,2,"Febrero",5.119
"12374","ZAMORA","YACUAMBI",NA,NA,2023,6568,2,"Febrero",6.568
"12375","ZAMORA","YANTZAZA",NA,NA,2023,24523,2,"Febrero",24.523
"12376","ZAMORA","ZAMORA",NA,NA,2023,31488,2,"Febrero",31.488
"12377","GUAYAS","ALFREDO BAQUERIZO MORENO (JUJAN)",NA,NA,2023,26584,3,"Marzo",26.584
"12378","MORONA","GUALAQUIZA",NA,NA,2023,22820,3,"Marzo",22.82
"12379","MORONA","HUAMBOYA",NA,NA,2023,11580,3,"Marzo",11.58
"12380","MORONA","LIMON INDANZA",NA,NA,2023,10196,3,"Marzo",10.196
"12381","MORONA","LOGROÑO",NA,NA,2023,7814,3,"Marzo",7.814
"12382","MORONA","MORONA",NA,NA,2023,57720,3,"Marzo",57.72
"12383","MORONA","PABLO SEXTO",NA,NA,2023,2341,3,"Marzo",2.341
"12384","MORONA","PALORA",NA,NA,2023,12323,3,"Marzo",12.323
"12385","MORONA","SAN JUAN BOSCO",NA,NA,2023,4495,3,"Marzo",4.495
"12386","MORONA","SANTIAGO",NA,NA,2023,9970,3,"Marzo",9.97
"12387","MORONA","SUCUA",NA,NA,2023,24287,3,"Marzo",24.287
"12388","MORONA","TAISHA",NA,NA,2023,29225,3,"Marzo",29.225
"12389","MORONA","TIWINTZA",NA,NA,2023,10080,3,"Marzo",10.08
"12390","ORELLANA","FRANCISCO DE ORELLANA",NA,NA,2023,98683,3,"Marzo",98.683
"12391","PICHINCHA","DISTRITO METROPOLITANO DE QUITO",NA,NA,2023,2820059,3,"Marzo",2820.059
"12392","SANTO DOMINGO","LA CONCORDIA",NA,NA,2023,56080,3,"Marzo",56.08
"12393","SANTO DOMINGO","SANTO DOMINGO",NA,NA,2023,462496,3,"Marzo",462.496
"12394","ZAMORA","CENTINELA DEL CONDOR",NA,NA,2023,8074,3,"Marzo",8.074
"12395","ZAMORA","CHINCHIPE",NA,NA,2023,10793,3,"Marzo",10.793
"12396","ZAMORA","EL PANGUI",NA,NA,2023,13717,3,"Marzo",13.717
"12397","ZAMORA","NANGARITZA",NA,NA,2023,7015,3,"Marzo",7.015
"12398","ZAMORA","PALANDA",NA,NA,2023,9066,3,"Marzo",9.066
"12399","ZAMORA","PAQUISHA",NA,NA,2023,5119,3,"Marzo",5.119
"12400","ZAMORA","YACUAMBI",NA,NA,2023,6568,3,"Marzo",6.568
"12401","ZAMORA","YANTZAZA",NA,NA,2023,24523,3,"Marzo",24.523
"12402","ZAMORA","ZAMORA",NA,NA,2023,31488,3,"Marzo",31.488
"12403","GUAYAS","ALFREDO BAQUERIZO MORENO (JUJAN)",NA,NA,2023,26584,4,"Abril",26.584
"12404","MORONA","GUALAQUIZA",NA,NA,2023,22820,4,"Abril",22.82
"12405","MORONA","HUAMBOYA",NA,NA,2023,11580,4,"Abril",11.58
"12406","MORONA","LIMON INDANZA",NA,NA,2023,10196,4,"Abril",10.196
"12407","MORONA","LOGROÑO",NA,NA,2023,7814,4,"Abril",7.814
"12408","MORONA","MORONA",NA,NA,2023,57720,4,"Abril",57.72
"12409","MORONA","PABLO SEXTO",NA,NA,2023,2341,4,"Abril",2.341
"12410","MORONA","PALORA",NA,NA,2023,12323,4,"Abril",12.323
"12411","MORONA","SAN JUAN BOSCO",NA,NA,2023,4495,4,"Abril",4.495
"12412","MORONA","SANTIAGO",NA,NA,2023,9970,4,"Abril",9.97
"12413","MORONA","SUCUA",NA,NA,2023,24287,4,"Abril",24.287
"12414","MORONA","TAISHA",NA,NA,2023,29225,4,"Abril",29.225
"12415","MORONA","TIWINTZA",NA,NA,2023,10080,4,"Abril",10.08
"12416","ORELLANA","FRANCISCO DE ORELLANA",NA,NA,2023,98683,4,"Abril",98.683
"12417","PICHINCHA","DISTRITO METROPOLITANO DE QUITO",NA,NA,2023,2820059,4,"Abril",2820.059
"12418","SANTO DOMINGO","LA CONCORDIA",NA,NA,2023,56080,4,"Abril",56.08
"12419","SANTO DOMINGO","SANTO DOMINGO",NA,NA,2023,462496,4,"Abril",462.496
"12420","ZAMORA","CENTINELA DEL CONDOR",NA,NA,2023,8074,4,"Abril",8.074
"12421","ZAMORA","CHINCHIPE",NA,NA,2023,10793,4,"Abril",10.793
"12422","ZAMORA","EL PANGUI",NA,NA,2023,13717,4,"Abril",13.717
"12423","ZAMORA","NANGARITZA",NA,NA,2023,7015,4,"Abril",7.015
"12424","ZAMORA","PALANDA",NA,NA,2023,9066,4,"Abril",9.066
"12425","ZAMORA","PAQUISHA",NA,NA,2023,5119,4,"Abril",5.119
"12426","ZAMORA","YACUAMBI",NA,NA,2023,6568,4,"Abril",6.568
"12427","ZAMORA","YANTZAZA",NA,NA,2023,24523,4,"Abril",24.523
"12428","ZAMORA","ZAMORA",NA,NA,2023,31488,4,"Abril",31.488
"12429","GUAYAS","ALFREDO BAQUERIZO MORENO (JUJAN)",NA,NA,2023,26584,5,"Mayo",26.584
"12430","MORONA","GUALAQUIZA",NA,NA,2023,22820,5,"Mayo",22.82
"12431","MORONA","HUAMBOYA",NA,NA,2023,11580,5,"Mayo",11.58
"12432","MORONA","LIMON INDANZA",NA,NA,2023,10196,5,"Mayo",10.196
"12433","MORONA","LOGROÑO",NA,NA,2023,7814,5,"Mayo",7.814
"12434","MORONA","MORONA",NA,NA,2023,57720,5,"Mayo",57.72
"12435","MORONA","PABLO SEXTO",NA,NA,2023,2341,5,"Mayo",2.341
"12436","MORONA","PALORA",NA,NA,2023,12323,5,"Mayo",12.323
"12437","MORONA","SAN JUAN BOSCO",NA,NA,2023,4495,5,"Mayo",4.495
"12438","MORONA","SANTIAGO",NA,NA,2023,9970,5,"Mayo",9.97
"12439","MORONA","SUCUA",NA,NA,2023,24287,5,"Mayo",24.287
"12440","MORONA","TAISHA",NA,NA,2023,29225,5,"Mayo",29.225
"12441","MORONA","TIWINTZA",NA,NA,2023,10080,5,"Mayo",10.08
"12442","ORELLANA","FRANCISCO DE ORELLANA",NA,NA,2023,98683,5,"Mayo",98.683
"12443","PICHINCHA","DISTRITO METROPOLITANO DE QUITO",NA,NA,2023,2820059,5,"Mayo",2820.059
"12444","SANTO DOMINGO","LA CONCORDIA",NA,NA,2023,56080,5,"Mayo",56.08
"12445","SANTO DOMINGO","SANTO DOMINGO",NA,NA,2023,462496,5,"Mayo",462.496
"12446","ZAMORA","CENTINELA DEL CONDOR",NA,NA,2023,8074,5,"Mayo",8.074
"12447","ZAMORA","CHINCHIPE",NA,NA,2023,10793,5,"Mayo",10.793
"12448","ZAMORA","EL PANGUI",NA,NA,2023,13717,5,"Mayo",13.717
"12449","ZAMORA","NANGARITZA",NA,NA,2023,7015,5,"Mayo",7.015
"12450","ZAMORA","PALANDA",NA,NA,2023,9066,5,"Mayo",9.066
"12451","ZAMORA","PAQUISHA",NA,NA,2023,5119,5,"Mayo",5.119
"12452","ZAMORA","YACUAMBI",NA,NA,2023,6568,5,"Mayo",6.568
"12453","ZAMORA","YANTZAZA",NA,NA,2023,24523,5,"Mayo",24.523
"12454","ZAMORA","ZAMORA",NA,NA,2023,31488,5,"Mayo",31.488
"12455","GUAYAS","ALFREDO BAQUERIZO MORENO (JUJAN)",NA,NA,2023,26584,6,"Junio",26.584
"12456","MORONA","GUALAQUIZA",NA,NA,2023,22820,6,"Junio",22.82
"12457","MORONA","HUAMBOYA",NA,NA,2023,11580,6,"Junio",11.58
"12458","MORONA","LIMON INDANZA",NA,NA,2023,10196,6,"Junio",10.196
"12459","MORONA","LOGROÑO",NA,NA,2023,7814,6,"Junio",7.814
"12460","MORONA","MORONA",NA,NA,2023,57720,6,"Junio",57.72
"12461","MORONA","PABLO SEXTO",NA,NA,2023,2341,6,"Junio",2.341
"12462","MORONA","PALORA",NA,NA,2023,12323,6,"Junio",12.323
"12463","MORONA","SAN JUAN BOSCO",NA,NA,2023,4495,6,"Junio",4.495
"12464","MORONA","SANTIAGO",NA,NA,2023,9970,6,"Junio",9.97
"12465","MORONA","SUCUA",NA,NA,2023,24287,6,"Junio",24.287
"12466","MORONA","TAISHA",NA,NA,2023,29225,6,"Junio",29.225
"12467","MORONA","TIWINTZA",NA,NA,2023,10080,6,"Junio",10.08
"12468","ORELLANA","FRANCISCO DE ORELLANA",NA,NA,2023,98683,6,"Junio",98.683
"12469","PICHINCHA","DISTRITO METROPOLITANO DE QUITO",NA,NA,2023,2820059,6,"Junio",2820.059
"12470","SANTO DOMINGO","LA CONCORDIA",NA,NA,2023,56080,6,"Junio",56.08
"12471","SANTO DOMINGO","SANTO DOMINGO",NA,NA,2023,462496,6,"Junio",462.496
"12472","ZAMORA","CENTINELA DEL CONDOR",NA,NA,2023,8074,6,"Junio",8.074
"12473","ZAMORA","CHINCHIPE",NA,NA,2023,10793,6,"Junio",10.793
"12474","ZAMORA","EL PANGUI",NA,NA,2023,13717,6,"Junio",13.717
"12475","ZAMORA","NANGARITZA",NA,NA,2023,7015,6,"Junio",7.015
"12476","ZAMORA","PALANDA",NA,NA,2023,9066,6,"Junio",9.066
"12477","ZAMORA","PAQUISHA",NA,NA,2023,5119,6,"Junio",5.119
"12478","ZAMORA","YACUAMBI",NA,NA,2023,6568,6,"Junio",6.568
"12479","ZAMORA","YANTZAZA",NA,NA,2023,24523,6,"Junio",24.523
"12480","ZAMORA","ZAMORA",NA,NA,2023,31488,6,"Junio",31.488
"12481","GUAYAS","ALFREDO BAQUERIZO MORENO (JUJAN)",NA,NA,2023,26584,7,"Julio",26.584
"12482","MORONA","GUALAQUIZA",NA,NA,2023,22820,7,"Julio",22.82
"12483","MORONA","HUAMBOYA",NA,NA,2023,11580,7,"Julio",11.58
"12484","MORONA","LIMON INDANZA",NA,NA,2023,10196,7,"Julio",10.196
"12485","MORONA","LOGROÑO",NA,NA,2023,7814,7,"Julio",7.814
"12486","MORONA","MORONA",NA,NA,2023,57720,7,"Julio",57.72
"12487","MORONA","PABLO SEXTO",NA,NA,2023,2341,7,"Julio",2.341
"12488","MORONA","PALORA",NA,NA,2023,12323,7,"Julio",12.323
"12489","MORONA","SAN JUAN BOSCO",NA,NA,2023,4495,7,"Julio",4.495
"12490","MORONA","SANTIAGO",NA,NA,2023,9970,7,"Julio",9.97
"12491","MORONA","SUCUA",NA,NA,2023,24287,7,"Julio",24.287
"12492","MORONA","TAISHA",NA,NA,2023,29225,7,"Julio",29.225
"12493","MORONA","TIWINTZA",NA,NA,2023,10080,7,"Julio",10.08
"12494","ORELLANA","FRANCISCO DE ORELLANA",NA,NA,2023,98683,7,"Julio",98.683
"12495","PICHINCHA","DISTRITO METROPOLITANO DE QUITO",NA,NA,2023,2820059,7,"Julio",2820.059
"12496","SANTO DOMINGO","LA CONCORDIA",NA,NA,2023,56080,7,"Julio",56.08
"12497","SANTO DOMINGO","SANTO DOMINGO",NA,NA,2023,462496,7,"Julio",462.496
"12498","ZAMORA","CENTINELA DEL CONDOR",NA,NA,2023,8074,7,"Julio",8.074
"12499","ZAMORA","CHINCHIPE",NA,NA,2023,10793,7,"Julio",10.793
"12500","ZAMORA","EL PANGUI",NA,NA,2023,13717,7,"Julio",13.717
"12501","ZAMORA","NANGARITZA",NA,NA,2023,7015,7,"Julio",7.015
"12502","ZAMORA","PALANDA",NA,NA,2023,9066,7,"Julio",9.066
"12503","ZAMORA","PAQUISHA",NA,NA,2023,5119,7,"Julio",5.119
"12504","ZAMORA","YACUAMBI",NA,NA,2023,6568,7,"Julio",6.568
"12505","ZAMORA","YANTZAZA",NA,NA,2023,24523,7,"Julio",24.523
"12506","ZAMORA","ZAMORA",NA,NA,2023,31488,7,"Julio",31.488
"12507","GUAYAS","ALFREDO BAQUERIZO MORENO (JUJAN)",NA,NA,2023,26584,8,"Agosto",26.584
"12508","MORONA","GUALAQUIZA",NA,NA,2023,22820,8,"Agosto",22.82
"12509","MORONA","HUAMBOYA",NA,NA,2023,11580,8,"Agosto",11.58
"12510","MORONA","LIMON INDANZA",NA,NA,2023,10196,8,"Agosto",10.196
"12511","MORONA","LOGROÑO",NA,NA,2023,7814,8,"Agosto",7.814
"12512","MORONA","MORONA",NA,NA,2023,57720,8,"Agosto",57.72
"12513","MORONA","PABLO SEXTO",NA,NA,2023,2341,8,"Agosto",2.341
"12514","MORONA","PALORA",NA,NA,2023,12323,8,"Agosto",12.323
"12515","MORONA","SAN JUAN BOSCO",NA,NA,2023,4495,8,"Agosto",4.495
"12516","MORONA","SANTIAGO",NA,NA,2023,9970,8,"Agosto",9.97
"12517","MORONA","SUCUA",NA,NA,2023,24287,8,"Agosto",24.287
"12518","MORONA","TAISHA",NA,NA,2023,29225,8,"Agosto",29.225
"12519","MORONA","TIWINTZA",NA,NA,2023,10080,8,"Agosto",10.08
"12520","ORELLANA","FRANCISCO DE ORELLANA",NA,NA,2023,98683,8,"Agosto",98.683
"12521","PICHINCHA","DISTRITO METROPOLITANO DE QUITO",NA,NA,2023,2820059,8,"Agosto",2820.059
"12522","SANTO DOMINGO","LA CONCORDIA",NA,NA,2023,56080,8,"Agosto",56.08
"12523","SANTO DOMINGO","SANTO DOMINGO",NA,NA,2023,462496,8,"Agosto",462.496
"12524","ZAMORA","CENTINELA DEL CONDOR",NA,NA,2023,8074,8,"Agosto",8.074
"12525","ZAMORA","CHINCHIPE",NA,NA,2023,10793,8,"Agosto",10.793
"12526","ZAMORA","EL PANGUI",NA,NA,2023,13717,8,"Agosto",13.717
"12527","ZAMORA","NANGARITZA",NA,NA,2023,7015,8,"Agosto",7.015
"12528","ZAMORA","PALANDA",NA,NA,2023,9066,8,"Agosto",9.066
"12529","ZAMORA","PAQUISHA",NA,NA,2023,5119,8,"Agosto",5.119
"12530","ZAMORA","YACUAMBI",NA,NA,2023,6568,8,"Agosto",6.568
"12531","ZAMORA","YANTZAZA",NA,NA,2023,24523,8,"Agosto",24.523
"12532","ZAMORA","ZAMORA",NA,NA,2023,31488,8,"Agosto",31.488
"12533","GUAYAS","ALFREDO BAQUERIZO MORENO (JUJAN)",NA,NA,2023,26584,9,"Septiembre",26.584
"12534","MORONA","GUALAQUIZA",NA,NA,2023,22820,9,"Septiembre",22.82
"12535","MORONA","HUAMBOYA",NA,NA,2023,11580,9,"Septiembre",11.58
"12536","MORONA","LIMON INDANZA",NA,NA,2023,10196,9,"Septiembre",10.196
"12537","MORONA","LOGROÑO",NA,NA,2023,7814,9,"Septiembre",7.814
"12538","MORONA","MORONA",NA,NA,2023,57720,9,"Septiembre",57.72
"12539","MORONA","PABLO SEXTO",NA,NA,2023,2341,9,"Septiembre",2.341
"12540","MORONA","PALORA",NA,NA,2023,12323,9,"Septiembre",12.323
"12541","MORONA","SAN JUAN BOSCO",NA,NA,2023,4495,9,"Septiembre",4.495
"12542","MORONA","SANTIAGO",NA,NA,2023,9970,9,"Septiembre",9.97
"12543","MORONA","SUCUA",NA,NA,2023,24287,9,"Septiembre",24.287
"12544","MORONA","TAISHA",NA,NA,2023,29225,9,"Septiembre",29.225
"12545","MORONA","TIWINTZA",NA,NA,2023,10080,9,"Septiembre",10.08
"12546","ORELLANA","FRANCISCO DE ORELLANA",NA,NA,2023,98683,9,"Septiembre",98.683
"12547","PICHINCHA","DISTRITO METROPOLITANO DE QUITO",NA,NA,2023,2820059,9,"Septiembre",2820.059
"12548","SANTO DOMINGO","LA CONCORDIA",NA,NA,2023,56080,9,"Septiembre",56.08
"12549","SANTO DOMINGO","SANTO DOMINGO",NA,NA,2023,462496,9,"Septiembre",462.496
"12550","ZAMORA","CENTINELA DEL CONDOR",NA,NA,2023,8074,9,"Septiembre",8.074
"12551","ZAMORA","CHINCHIPE",NA,NA,2023,10793,9,"Septiembre",10.793
"12552","ZAMORA","EL PANGUI",NA,NA,2023,13717,9,"Septiembre",13.717
"12553","ZAMORA","NANGARITZA",NA,NA,2023,7015,9,"Septiembre",7.015
"12554","ZAMORA","PALANDA",NA,NA,2023,9066,9,"Septiembre",9.066
"12555","ZAMORA","PAQUISHA",NA,NA,2023,5119,9,"Septiembre",5.119
"12556","ZAMORA","YACUAMBI",NA,NA,2023,6568,9,"Septiembre",6.568
"12557","ZAMORA","YANTZAZA",NA,NA,2023,24523,9,"Septiembre",24.523
"12558","ZAMORA","ZAMORA",NA,NA,2023,31488,9,"Septiembre",31.488
"12559","GUAYAS","ALFREDO BAQUERIZO MORENO (JUJAN)",NA,NA,2023,26584,10,"Octubre",26.584
"12560","MORONA","GUALAQUIZA",NA,NA,2023,22820,10,"Octubre",22.82
"12561","MORONA","HUAMBOYA",NA,NA,2023,11580,10,"Octubre",11.58
"12562","MORONA","LIMON INDANZA",NA,NA,2023,10196,10,"Octubre",10.196
"12563","MORONA","LOGROÑO",NA,NA,2023,7814,10,"Octubre",7.814
"12564","MORONA","MORONA",NA,NA,2023,57720,10,"Octubre",57.72
"12565","MORONA","PABLO SEXTO",NA,NA,2023,2341,10,"Octubre",2.341
"12566","MORONA","PALORA",NA,NA,2023,12323,10,"Octubre",12.323
"12567","MORONA","SAN JUAN BOSCO",NA,NA,2023,4495,10,"Octubre",4.495
"12568","MORONA","SANTIAGO",NA,NA,2023,9970,10,"Octubre",9.97
"12569","MORONA","SUCUA",NA,NA,2023,24287,10,"Octubre",24.287
"12570","MORONA","TAISHA",NA,NA,2023,29225,10,"Octubre",29.225
"12571","MORONA","TIWINTZA",NA,NA,2023,10080,10,"Octubre",10.08
"12572","ORELLANA","FRANCISCO DE ORELLANA",NA,NA,2023,98683,10,"Octubre",98.683
"12573","PICHINCHA","DISTRITO METROPOLITANO DE QUITO",NA,NA,2023,2820059,10,"Octubre",2820.059
"12574","SANTO DOMINGO","LA CONCORDIA",NA,NA,2023,56080,10,"Octubre",56.08
"12575","SANTO DOMINGO","SANTO DOMINGO",NA,NA,2023,462496,10,"Octubre",462.496
"12576","ZAMORA","CENTINELA DEL CONDOR",NA,NA,2023,8074,10,"Octubre",8.074
"12577","ZAMORA","CHINCHIPE",NA,NA,2023,10793,10,"Octubre",10.793
"12578","ZAMORA","EL PANGUI",NA,NA,2023,13717,10,"Octubre",13.717
"12579","ZAMORA","NANGARITZA",NA,NA,2023,7015,10,"Octubre",7.015
"12580","ZAMORA","PALANDA",NA,NA,2023,9066,10,"Octubre",9.066
"12581","ZAMORA","PAQUISHA",NA,NA,2023,5119,10,"Octubre",5.119
"12582","ZAMORA","YACUAMBI",NA,NA,2023,6568,10,"Octubre",6.568
"12583","ZAMORA","YANTZAZA",NA,NA,2023,24523,10,"Octubre",24.523
"12584","ZAMORA","ZAMORA",NA,NA,2023,31488,10,"Octubre",31.488
"12585","GUAYAS","ALFREDO BAQUERIZO MORENO (JUJAN)",NA,NA,2023,26584,11,"Noviembre",26.584
"12586","MORONA","GUALAQUIZA",NA,NA,2023,22820,11,"Noviembre",22.82
"12587","MORONA","HUAMBOYA",NA,NA,2023,11580,11,"Noviembre",11.58
"12588","MORONA","LIMON INDANZA",NA,NA,2023,10196,11,"Noviembre",10.196
"12589","MORONA","LOGROÑO",NA,NA,2023,7814,11,"Noviembre",7.814
"12590","MORONA","MORONA",NA,NA,2023,57720,11,"Noviembre",57.72
"12591","MORONA","PABLO SEXTO",NA,NA,2023,2341,11,"Noviembre",2.341
"12592","MORONA","PALORA",NA,NA,2023,12323,11,"Noviembre",12.323
"12593","MORONA","SAN JUAN BOSCO",NA,NA,2023,4495,11,"Noviembre",4.495
"12594","MORONA","SANTIAGO",NA,NA,2023,9970,11,"Noviembre",9.97
"12595","MORONA","SUCUA",NA,NA,2023,24287,11,"Noviembre",24.287
"12596","MORONA","TAISHA",NA,NA,2023,29225,11,"Noviembre",29.225
"12597","MORONA","TIWINTZA",NA,NA,2023,10080,11,"Noviembre",10.08
"12598","ORELLANA","FRANCISCO DE ORELLANA",NA,NA,2023,98683,11,"Noviembre",98.683
"12599","PICHINCHA","DISTRITO METROPOLITANO DE QUITO",NA,NA,2023,2820059,11,"Noviembre",2820.059
"12600","SANTO DOMINGO","LA CONCORDIA",NA,NA,2023,56080,11,"Noviembre",56.08
"12601","SANTO DOMINGO","SANTO DOMINGO",NA,NA,2023,462496,11,"Noviembre",462.496
"12602","ZAMORA","CENTINELA DEL CONDOR",NA,NA,2023,8074,11,"Noviembre",8.074
"12603","ZAMORA","CHINCHIPE",NA,NA,2023,10793,11,"Noviembre",10.793
"12604","ZAMORA","EL PANGUI",NA,NA,2023,13717,11,"Noviembre",13.717
"12605","ZAMORA","NANGARITZA",NA,NA,2023,7015,11,"Noviembre",7.015
"12606","ZAMORA","PALANDA",NA,NA,2023,9066,11,"Noviembre",9.066
"12607","ZAMORA","PAQUISHA",NA,NA,2023,5119,11,"Noviembre",5.119
"12608","ZAMORA","YACUAMBI",NA,NA,2023,6568,11,"Noviembre",6.568
"12609","ZAMORA","YANTZAZA",NA,NA,2023,24523,11,"Noviembre",24.523
"12610","ZAMORA","ZAMORA",NA,NA,2023,31488,11,"Noviembre",31.488
"12611","GUAYAS","ALFREDO BAQUERIZO MORENO (JUJAN)",NA,NA,2023,26584,12,"Diciembre",26.584
"12612","MORONA","GUALAQUIZA",NA,NA,2023,22820,12,"Diciembre",22.82
"12613","MORONA","HUAMBOYA",NA,NA,2023,11580,12,"Diciembre",11.58
"12614","MORONA","LIMON INDANZA",NA,NA,2023,10196,12,"Diciembre",10.196
"12615","MORONA","LOGROÑO",NA,NA,2023,7814,12,"Diciembre",7.814
"12616","MORONA","MORONA",NA,NA,2023,57720,12,"Diciembre",57.72
"12617","MORONA","PABLO SEXTO",NA,NA,2023,2341,12,"Diciembre",2.341
"12618","MORONA","PALORA",NA,NA,2023,12323,12,"Diciembre",12.323
"12619","MORONA","SAN JUAN BOSCO",NA,NA,2023,4495,12,"Diciembre",4.495
"12620","MORONA","SANTIAGO",NA,NA,2023,9970,12,"Diciembre",9.97
"12621","MORONA","SUCUA",NA,NA,2023,24287,12,"Diciembre",24.287
"12622","MORONA","TAISHA",NA,NA,2023,29225,12,"Diciembre",29.225
"12623","MORONA","TIWINTZA",NA,NA,2023,10080,12,"Diciembre",10.08
"12624","ORELLANA","FRANCISCO DE ORELLANA",NA,NA,2023,98683,12,"Diciembre",98.683
"12625","PICHINCHA","DISTRITO METROPOLITANO DE QUITO",NA,NA,2023,2820059,12,"Diciembre",2820.059
"12626","SANTO DOMINGO","LA CONCORDIA",NA,NA,2023,56080,12,"Diciembre",56.08
"12627","SANTO DOMINGO","SANTO DOMINGO",NA,NA,2023,462496,12,"Diciembre",462.496
"12628","ZAMORA","CENTINELA DEL CONDOR",NA,NA,2023,8074,12,"Diciembre",8.074
"12629","ZAMORA","CHINCHIPE",NA,NA,2023,10793,12,"Diciembre",10.793
"12630","ZAMORA","EL PANGUI",NA,NA,2023,13717,12,"Diciembre",13.717
"12631","ZAMORA","NANGARITZA",NA,NA,2023,7015,12,"Diciembre",7.015
"12632","ZAMORA","PALANDA",NA,NA,2023,9066,12,"Diciembre",9.066
"12633","ZAMORA","PAQUISHA",NA,NA,2023,5119,12,"Diciembre",5.119
"12634","ZAMORA","YACUAMBI",NA,NA,2023,6568,12,"Diciembre",6.568
"12635","ZAMORA","YANTZAZA",NA,NA,2023,24523,12,"Diciembre",24.523
"12636","ZAMORA","ZAMORA",NA,NA,2023,31488,12,"Diciembre",31.488
"12637","GUAYAS","ALFREDO BAQUERIZO MORENO (JUJAN)",NA,NA,2024,26556,1,"Enero",26.556
"12638","MORONA","GUALAQUIZA",NA,NA,2024,23155,1,"Enero",23.155
"12639","MORONA","HUAMBOYA",NA,NA,2024,11781,1,"Enero",11.781
"12640","MORONA","LIMON INDANZA",NA,NA,2024,10150,1,"Enero",10.15
"12641","MORONA","LOGROÑO",NA,NA,2024,7922,1,"Enero",7.922
"12642","MORONA","MORONA",NA,NA,2024,58843,1,"Enero",58.843
"12643","MORONA","PABLO SEXTO",NA,NA,2024,2380,1,"Enero",2.38
"12644","MORONA","PALORA",NA,NA,2024,12718,1,"Enero",12.718
"12645","MORONA","SAN JUAN BOSCO",NA,NA,2024,4520,1,"Enero",4.52
"12646","MORONA","SANTIAGO",NA,NA,2024,9980,1,"Enero",9.98
"12647","MORONA","SUCUA",NA,NA,2024,24610,1,"Enero",24.61
"12648","MORONA","TAISHA",NA,NA,2024,29997,1,"Enero",29.997
"12649","MORONA","TIWINTZA",NA,NA,2024,10271,1,"Enero",10.271
"12650","ORELLANA","FRANCISCO DE ORELLANA",NA,NA,2024,100185,1,"Enero",100.185
"12651","PICHINCHA","DISTRITO METROPOLITANO DE QUITO",NA,NA,2024,2838174,1,"Enero",2838.174
"12652","SANTO DOMINGO","LA CONCORDIA",NA,NA,2024,56683,1,"Enero",56.683
"12653","SANTO DOMINGO","SANTO DOMINGO",NA,NA,2024,466841,1,"Enero",466.841
"12654","ZAMORA","CENTINELA DEL CONDOR",NA,NA,2024,8167,1,"Enero",8.167
"12655","ZAMORA","CHINCHIPE",NA,NA,2024,10871,1,"Enero",10.871
"12656","ZAMORA","EL PANGUI",NA,NA,2024,14048,1,"Enero",14.048
"12657","ZAMORA","NANGARITZA",NA,NA,2024,7118,1,"Enero",7.118
"12658","ZAMORA","PALANDA",NA,NA,2024,9098,1,"Enero",9.098
"12659","ZAMORA","PAQUISHA",NA,NA,2024,5194,1,"Enero",5.194
"12660","ZAMORA","YACUAMBI",NA,NA,2024,6584,1,"Enero",6.584
"12661","ZAMORA","YANTZAZA",NA,NA,2024,24801,1,"Enero",24.801
"12662","ZAMORA","ZAMORA",NA,NA,2024,31769,1,"Enero",31.769
"12663","GUAYAS","ALFREDO BAQUERIZO MORENO (JUJAN)",NA,NA,2024,26556,2,"Febrero",26.556
"12664","MORONA","GUALAQUIZA",NA,NA,2024,23155,2,"Febrero",23.155
"12665","MORONA","HUAMBOYA",NA,NA,2024,11781,2,"Febrero",11.781
"12666","MORONA","LIMON INDANZA",NA,NA,2024,10150,2,"Febrero",10.15
"12667","MORONA","LOGROÑO",NA,NA,2024,7922,2,"Febrero",7.922
"12668","MORONA","MORONA",NA,NA,2024,58843,2,"Febrero",58.843
"12669","MORONA","PABLO SEXTO",NA,NA,2024,2380,2,"Febrero",2.38
"12670","MORONA","PALORA",NA,NA,2024,12718,2,"Febrero",12.718
"12671","MORONA","SAN JUAN BOSCO",NA,NA,2024,4520,2,"Febrero",4.52
"12672","MORONA","SANTIAGO",NA,NA,2024,9980,2,"Febrero",9.98
"12673","MORONA","SUCUA",NA,NA,2024,24610,2,"Febrero",24.61
"12674","MORONA","TAISHA",NA,NA,2024,29997,2,"Febrero",29.997
"12675","MORONA","TIWINTZA",NA,NA,2024,10271,2,"Febrero",10.271
"12676","ORELLANA","FRANCISCO DE ORELLANA",NA,NA,2024,100185,2,"Febrero",100.185
"12677","PICHINCHA","DISTRITO METROPOLITANO DE QUITO",NA,NA,2024,2838174,2,"Febrero",2838.174
"12678","SANTO DOMINGO","LA CONCORDIA",NA,NA,2024,56683,2,"Febrero",56.683
"12679","SANTO DOMINGO","SANTO DOMINGO",NA,NA,2024,466841,2,"Febrero",466.841
"12680","ZAMORA","CENTINELA DEL CONDOR",NA,NA,2024,8167,2,"Febrero",8.167
"12681","ZAMORA","CHINCHIPE",NA,NA,2024,10871,2,"Febrero",10.871
"12682","ZAMORA","EL PANGUI",NA,NA,2024,14048,2,"Febrero",14.048
"12683","ZAMORA","NANGARITZA",NA,NA,2024,7118,2,"Febrero",7.118
"12684","ZAMORA","PALANDA",NA,NA,2024,9098,2,"Febrero",9.098
"12685","ZAMORA","PAQUISHA",NA,NA,2024,5194,2,"Febrero",5.194
"12686","ZAMORA","YACUAMBI",NA,NA,2024,6584,2,"Febrero",6.584
"12687","ZAMORA","YANTZAZA",NA,NA,2024,24801,2,"Febrero",24.801
"12688","ZAMORA","ZAMORA",NA,NA,2024,31769,2,"Febrero",31.769
"12689","GUAYAS","ALFREDO BAQUERIZO MORENO (JUJAN)",NA,NA,2024,26556,3,"Marzo",26.556
"12690","MORONA","GUALAQUIZA",NA,NA,2024,23155,3,"Marzo",23.155
"12691","MORONA","HUAMBOYA",NA,NA,2024,11781,3,"Marzo",11.781
"12692","MORONA","LIMON INDANZA",NA,NA,2024,10150,3,"Marzo",10.15
"12693","MORONA","LOGROÑO",NA,NA,2024,7922,3,"Marzo",7.922
"12694","MORONA","MORONA",NA,NA,2024,58843,3,"Marzo",58.843
"12695","MORONA","PABLO SEXTO",NA,NA,2024,2380,3,"Marzo",2.38
"12696","MORONA","PALORA",NA,NA,2024,12718,3,"Marzo",12.718
"12697","MORONA","SAN JUAN BOSCO",NA,NA,2024,4520,3,"Marzo",4.52
"12698","MORONA","SANTIAGO",NA,NA,2024,9980,3,"Marzo",9.98
"12699","MORONA","SUCUA",NA,NA,2024,24610,3,"Marzo",24.61
"12700","MORONA","TAISHA",NA,NA,2024,29997,3,"Marzo",29.997
"12701","MORONA","TIWINTZA",NA,NA,2024,10271,3,"Marzo",10.271
"12702","ORELLANA","FRANCISCO DE ORELLANA",NA,NA,2024,100185,3,"Marzo",100.185
"12703","PICHINCHA","DISTRITO METROPOLITANO DE QUITO",NA,NA,2024,2838174,3,"Marzo",2838.174
"12704","SANTO DOMINGO","LA CONCORDIA",NA,NA,2024,56683,3,"Marzo",56.683
"12705","SANTO DOMINGO","SANTO DOMINGO",NA,NA,2024,466841,3,"Marzo",466.841
"12706","ZAMORA","CENTINELA DEL CONDOR",NA,NA,2024,8167,3,"Marzo",8.167
"12707","ZAMORA","CHINCHIPE",NA,NA,2024,10871,3,"Marzo",10.871
"12708","ZAMORA","EL PANGUI",NA,NA,2024,14048,3,"Marzo",14.048
"12709","ZAMORA","NANGARITZA",NA,NA,2024,7118,3,"Marzo",7.118
"12710","ZAMORA","PALANDA",NA,NA,2024,9098,3,"Marzo",9.098
"12711","ZAMORA","PAQUISHA",NA,NA,2024,5194,3,"Marzo",5.194
"12712","ZAMORA","YACUAMBI",NA,NA,2024,6584,3,"Marzo",6.584
"12713","ZAMORA","YANTZAZA",NA,NA,2024,24801,3,"Marzo",24.801
"12714","ZAMORA","ZAMORA",NA,NA,2024,31769,3,"Marzo",31.769
"12715","GUAYAS","ALFREDO BAQUERIZO MORENO (JUJAN)",NA,NA,2024,26556,4,"Abril",26.556
"12716","MORONA","GUALAQUIZA",NA,NA,2024,23155,4,"Abril",23.155
"12717","MORONA","HUAMBOYA",NA,NA,2024,11781,4,"Abril",11.781
"12718","MORONA","LIMON INDANZA",NA,NA,2024,10150,4,"Abril",10.15
"12719","MORONA","LOGROÑO",NA,NA,2024,7922,4,"Abril",7.922
"12720","MORONA","MORONA",NA,NA,2024,58843,4,"Abril",58.843
"12721","MORONA","PABLO SEXTO",NA,NA,2024,2380,4,"Abril",2.38
"12722","MORONA","PALORA",NA,NA,2024,12718,4,"Abril",12.718
"12723","MORONA","SAN JUAN BOSCO",NA,NA,2024,4520,4,"Abril",4.52
"12724","MORONA","SANTIAGO",NA,NA,2024,9980,4,"Abril",9.98
"12725","MORONA","SUCUA",NA,NA,2024,24610,4,"Abril",24.61
"12726","MORONA","TAISHA",NA,NA,2024,29997,4,"Abril",29.997
"12727","MORONA","TIWINTZA",NA,NA,2024,10271,4,"Abril",10.271
"12728","ORELLANA","FRANCISCO DE ORELLANA",NA,NA,2024,100185,4,"Abril",100.185
"12729","PICHINCHA","DISTRITO METROPOLITANO DE QUITO",NA,NA,2024,2838174,4,"Abril",2838.174
"12730","SANTO DOMINGO","LA CONCORDIA",NA,NA,2024,56683,4,"Abril",56.683
"12731","SANTO DOMINGO","SANTO DOMINGO",NA,NA,2024,466841,4,"Abril",466.841
"12732","ZAMORA","CENTINELA DEL CONDOR",NA,NA,2024,8167,4,"Abril",8.167
"12733","ZAMORA","CHINCHIPE",NA,NA,2024,10871,4,"Abril",10.871
"12734","ZAMORA","EL PANGUI",NA,NA,2024,14048,4,"Abril",14.048
"12735","ZAMORA","NANGARITZA",NA,NA,2024,7118,4,"Abril",7.118
"12736","ZAMORA","PALANDA",NA,NA,2024,9098,4,"Abril",9.098
"12737","ZAMORA","PAQUISHA",NA,NA,2024,5194,4,"Abril",5.194
"12738","ZAMORA","YACUAMBI",NA,NA,2024,6584,4,"Abril",6.584
"12739","ZAMORA","YANTZAZA",NA,NA,2024,24801,4,"Abril",24.801
"12740","ZAMORA","ZAMORA",NA,NA,2024,31769,4,"Abril",31.769
"12741","GUAYAS","ALFREDO BAQUERIZO MORENO (JUJAN)",NA,NA,2024,26556,5,"Mayo",26.556
"12742","MORONA","GUALAQUIZA",NA,NA,2024,23155,5,"Mayo",23.155
"12743","MORONA","HUAMBOYA",NA,NA,2024,11781,5,"Mayo",11.781
"12744","MORONA","LIMON INDANZA",NA,NA,2024,10150,5,"Mayo",10.15
"12745","MORONA","LOGROÑO",NA,NA,2024,7922,5,"Mayo",7.922
"12746","MORONA","MORONA",NA,NA,2024,58843,5,"Mayo",58.843
"12747","MORONA","PABLO SEXTO",NA,NA,2024,2380,5,"Mayo",2.38
"12748","MORONA","PALORA",NA,NA,2024,12718,5,"Mayo",12.718
"12749","MORONA","SAN JUAN BOSCO",NA,NA,2024,4520,5,"Mayo",4.52
"12750","MORONA","SANTIAGO",NA,NA,2024,9980,5,"Mayo",9.98
"12751","MORONA","SUCUA",NA,NA,2024,24610,5,"Mayo",24.61
"12752","MORONA","TAISHA",NA,NA,2024,29997,5,"Mayo",29.997
"12753","MORONA","TIWINTZA",NA,NA,2024,10271,5,"Mayo",10.271
"12754","ORELLANA","FRANCISCO DE ORELLANA",NA,NA,2024,100185,5,"Mayo",100.185
"12755","PICHINCHA","DISTRITO METROPOLITANO DE QUITO",NA,NA,2024,2838174,5,"Mayo",2838.174
"12756","SANTO DOMINGO","LA CONCORDIA",NA,NA,2024,56683,5,"Mayo",56.683
"12757","SANTO DOMINGO","SANTO DOMINGO",NA,NA,2024,466841,5,"Mayo",466.841
"12758","ZAMORA","CENTINELA DEL CONDOR",NA,NA,2024,8167,5,"Mayo",8.167
"12759","ZAMORA","CHINCHIPE",NA,NA,2024,10871,5,"Mayo",10.871
"12760","ZAMORA","EL PANGUI",NA,NA,2024,14048,5,"Mayo",14.048
"12761","ZAMORA","NANGARITZA",NA,NA,2024,7118,5,"Mayo",7.118
"12762","ZAMORA","PALANDA",NA,NA,2024,9098,5,"Mayo",9.098
"12763","ZAMORA","PAQUISHA",NA,NA,2024,5194,5,"Mayo",5.194
"12764","ZAMORA","YACUAMBI",NA,NA,2024,6584,5,"Mayo",6.584
"12765","ZAMORA","YANTZAZA",NA,NA,2024,24801,5,"Mayo",24.801
"12766","ZAMORA","ZAMORA",NA,NA,2024,31769,5,"Mayo",31.769
"12767","GUAYAS","ALFREDO BAQUERIZO MORENO (JUJAN)",NA,NA,2024,26556,6,"Junio",26.556
"12768","MORONA","GUALAQUIZA",NA,NA,2024,23155,6,"Junio",23.155
"12769","MORONA","HUAMBOYA",NA,NA,2024,11781,6,"Junio",11.781
"12770","MORONA","LIMON INDANZA",NA,NA,2024,10150,6,"Junio",10.15
"12771","MORONA","LOGROÑO",NA,NA,2024,7922,6,"Junio",7.922
"12772","MORONA","MORONA",NA,NA,2024,58843,6,"Junio",58.843
"12773","MORONA","PABLO SEXTO",NA,NA,2024,2380,6,"Junio",2.38
"12774","MORONA","PALORA",NA,NA,2024,12718,6,"Junio",12.718
"12775","MORONA","SAN JUAN BOSCO",NA,NA,2024,4520,6,"Junio",4.52
"12776","MORONA","SANTIAGO",NA,NA,2024,9980,6,"Junio",9.98
"12777","MORONA","SUCUA",NA,NA,2024,24610,6,"Junio",24.61
"12778","MORONA","TAISHA",NA,NA,2024,29997,6,"Junio",29.997
"12779","MORONA","TIWINTZA",NA,NA,2024,10271,6,"Junio",10.271
"12780","ORELLANA","FRANCISCO DE ORELLANA",NA,NA,2024,100185,6,"Junio",100.185
"12781","PICHINCHA","DISTRITO METROPOLITANO DE QUITO",NA,NA,2024,2838174,6,"Junio",2838.174
"12782","SANTO DOMINGO","LA CONCORDIA",NA,NA,2024,56683,6,"Junio",56.683
"12783","SANTO DOMINGO","SANTO DOMINGO",NA,NA,2024,466841,6,"Junio",466.841
"12784","ZAMORA","CENTINELA DEL CONDOR",NA,NA,2024,8167,6,"Junio",8.167
"12785","ZAMORA","CHINCHIPE",NA,NA,2024,10871,6,"Junio",10.871
"12786","ZAMORA","EL PANGUI",NA,NA,2024,14048,6,"Junio",14.048
"12787","ZAMORA","NANGARITZA",NA,NA,2024,7118,6,"Junio",7.118
"12788","ZAMORA","PALANDA",NA,NA,2024,9098,6,"Junio",9.098
"12789","ZAMORA","PAQUISHA",NA,NA,2024,5194,6,"Junio",5.194
"12790","ZAMORA","YACUAMBI",NA,NA,2024,6584,6,"Junio",6.584
"12791","ZAMORA","YANTZAZA",NA,NA,2024,24801,6,"Junio",24.801
"12792","ZAMORA","ZAMORA",NA,NA,2024,31769,6,"Junio",31.769
"12793","GUAYAS","ALFREDO BAQUERIZO MORENO (JUJAN)",NA,NA,2024,26556,7,"Julio",26.556
"12794","MORONA","GUALAQUIZA",NA,NA,2024,23155,7,"Julio",23.155
"12795","MORONA","HUAMBOYA",NA,NA,2024,11781,7,"Julio",11.781
"12796","MORONA","LIMON INDANZA",NA,NA,2024,10150,7,"Julio",10.15
"12797","MORONA","LOGROÑO",NA,NA,2024,7922,7,"Julio",7.922
"12798","MORONA","MORONA",NA,NA,2024,58843,7,"Julio",58.843
"12799","MORONA","PABLO SEXTO",NA,NA,2024,2380,7,"Julio",2.38
"12800","MORONA","PALORA",NA,NA,2024,12718,7,"Julio",12.718
"12801","MORONA","SAN JUAN BOSCO",NA,NA,2024,4520,7,"Julio",4.52
"12802","MORONA","SANTIAGO",NA,NA,2024,9980,7,"Julio",9.98
"12803","MORONA","SUCUA",NA,NA,2024,24610,7,"Julio",24.61
"12804","MORONA","TAISHA",NA,NA,2024,29997,7,"Julio",29.997
"12805","MORONA","TIWINTZA",NA,NA,2024,10271,7,"Julio",10.271
"12806","ORELLANA","FRANCISCO DE ORELLANA",NA,NA,2024,100185,7,"Julio",100.185
"12807","PICHINCHA","DISTRITO METROPOLITANO DE QUITO",NA,NA,2024,2838174,7,"Julio",2838.174
"12808","SANTO DOMINGO","LA CONCORDIA",NA,NA,2024,56683,7,"Julio",56.683
"12809","SANTO DOMINGO","SANTO DOMINGO",NA,NA,2024,466841,7,"Julio",466.841
"12810","ZAMORA","CENTINELA DEL CONDOR",NA,NA,2024,8167,7,"Julio",8.167
"12811","ZAMORA","CHINCHIPE",NA,NA,2024,10871,7,"Julio",10.871
"12812","ZAMORA","EL PANGUI",NA,NA,2024,14048,7,"Julio",14.048
"12813","ZAMORA","NANGARITZA",NA,NA,2024,7118,7,"Julio",7.118
"12814","ZAMORA","PALANDA",NA,NA,2024,9098,7,"Julio",9.098
"12815","ZAMORA","PAQUISHA",NA,NA,2024,5194,7,"Julio",5.194
"12816","ZAMORA","YACUAMBI",NA,NA,2024,6584,7,"Julio",6.584
"12817","ZAMORA","YANTZAZA",NA,NA,2024,24801,7,"Julio",24.801
"12818","ZAMORA","ZAMORA",NA,NA,2024,31769,7,"Julio",31.769
"12819","GUAYAS","ALFREDO BAQUERIZO MORENO (JUJAN)",NA,NA,2024,26556,8,"Agosto",26.556
"12820","MORONA","GUALAQUIZA",NA,NA,2024,23155,8,"Agosto",23.155
"12821","MORONA","HUAMBOYA",NA,NA,2024,11781,8,"Agosto",11.781
"12822","MORONA","LIMON INDANZA",NA,NA,2024,10150,8,"Agosto",10.15
"12823","MORONA","LOGROÑO",NA,NA,2024,7922,8,"Agosto",7.922
"12824","MORONA","MORONA",NA,NA,2024,58843,8,"Agosto",58.843
"12825","MORONA","PABLO SEXTO",NA,NA,2024,2380,8,"Agosto",2.38
"12826","MORONA","PALORA",NA,NA,2024,12718,8,"Agosto",12.718
"12827","MORONA","SAN JUAN BOSCO",NA,NA,2024,4520,8,"Agosto",4.52
"12828","MORONA","SANTIAGO",NA,NA,2024,9980,8,"Agosto",9.98
"12829","MORONA","SUCUA",NA,NA,2024,24610,8,"Agosto",24.61
"12830","MORONA","TAISHA",NA,NA,2024,29997,8,"Agosto",29.997
"12831","MORONA","TIWINTZA",NA,NA,2024,10271,8,"Agosto",10.271
"12832","ORELLANA","FRANCISCO DE ORELLANA",NA,NA,2024,100185,8,"Agosto",100.185
"12833","PICHINCHA","DISTRITO METROPOLITANO DE QUITO",NA,NA,2024,2838174,8,"Agosto",2838.174
"12834","SANTO DOMINGO","LA CONCORDIA",NA,NA,2024,56683,8,"Agosto",56.683
"12835","SANTO DOMINGO","SANTO DOMINGO",NA,NA,2024,466841,8,"Agosto",466.841
"12836","ZAMORA","CENTINELA DEL CONDOR",NA,NA,2024,8167,8,"Agosto",8.167
"12837","ZAMORA","CHINCHIPE",NA,NA,2024,10871,8,"Agosto",10.871
"12838","ZAMORA","EL PANGUI",NA,NA,2024,14048,8,"Agosto",14.048
"12839","ZAMORA","NANGARITZA",NA,NA,2024,7118,8,"Agosto",7.118
"12840","ZAMORA","PALANDA",NA,NA,2024,9098,8,"Agosto",9.098
"12841","ZAMORA","PAQUISHA",NA,NA,2024,5194,8,"Agosto",5.194
"12842","ZAMORA","YACUAMBI",NA,NA,2024,6584,8,"Agosto",6.584
"12843","ZAMORA","YANTZAZA",NA,NA,2024,24801,8,"Agosto",24.801
"12844","ZAMORA","ZAMORA",NA,NA,2024,31769,8,"Agosto",31.769
"12845","GUAYAS","ALFREDO BAQUERIZO MORENO (JUJAN)",NA,NA,2024,26556,9,"Septiembre",26.556
"12846","MORONA","GUALAQUIZA",NA,NA,2024,23155,9,"Septiembre",23.155
"12847","MORONA","HUAMBOYA",NA,NA,2024,11781,9,"Septiembre",11.781
"12848","MORONA","LIMON INDANZA",NA,NA,2024,10150,9,"Septiembre",10.15
"12849","MORONA","LOGROÑO",NA,NA,2024,7922,9,"Septiembre",7.922
"12850","MORONA","MORONA",NA,NA,2024,58843,9,"Septiembre",58.843
"12851","MORONA","PABLO SEXTO",NA,NA,2024,2380,9,"Septiembre",2.38
"12852","MORONA","PALORA",NA,NA,2024,12718,9,"Septiembre",12.718
"12853","MORONA","SAN JUAN BOSCO",NA,NA,2024,4520,9,"Septiembre",4.52
"12854","MORONA","SANTIAGO",NA,NA,2024,9980,9,"Septiembre",9.98
"12855","MORONA","SUCUA",NA,NA,2024,24610,9,"Septiembre",24.61
"12856","MORONA","TAISHA",NA,NA,2024,29997,9,"Septiembre",29.997
"12857","MORONA","TIWINTZA",NA,NA,2024,10271,9,"Septiembre",10.271
"12858","ORELLANA","FRANCISCO DE ORELLANA",NA,NA,2024,100185,9,"Septiembre",100.185
"12859","PICHINCHA","DISTRITO METROPOLITANO DE QUITO",NA,NA,2024,2838174,9,"Septiembre",2838.174
"12860","SANTO DOMINGO","LA CONCORDIA",NA,NA,2024,56683,9,"Septiembre",56.683
"12861","SANTO DOMINGO","SANTO DOMINGO",NA,NA,2024,466841,9,"Septiembre",466.841
"12862","ZAMORA","CENTINELA DEL CONDOR",NA,NA,2024,8167,9,"Septiembre",8.167
"12863","ZAMORA","CHINCHIPE",NA,NA,2024,10871,9,"Septiembre",10.871
"12864","ZAMORA","EL PANGUI",NA,NA,2024,14048,9,"Septiembre",14.048
"12865","ZAMORA","NANGARITZA",NA,NA,2024,7118,9,"Septiembre",7.118
"12866","ZAMORA","PALANDA",NA,NA,2024,9098,9,"Septiembre",9.098
"12867","ZAMORA","PAQUISHA",NA,NA,2024,5194,9,"Septiembre",5.194
"12868","ZAMORA","YACUAMBI",NA,NA,2024,6584,9,"Septiembre",6.584
"12869","ZAMORA","YANTZAZA",NA,NA,2024,24801,9,"Septiembre",24.801
"12870","ZAMORA","ZAMORA",NA,NA,2024,31769,9,"Septiembre",31.769
"12871","GUAYAS","ALFREDO BAQUERIZO MORENO (JUJAN)",NA,NA,2024,26556,10,"Octubre",26.556
"12872","MORONA","GUALAQUIZA",NA,NA,2024,23155,10,"Octubre",23.155
"12873","MORONA","HUAMBOYA",NA,NA,2024,11781,10,"Octubre",11.781
"12874","MORONA","LIMON INDANZA",NA,NA,2024,10150,10,"Octubre",10.15
"12875","MORONA","LOGROÑO",NA,NA,2024,7922,10,"Octubre",7.922
"12876","MORONA","MORONA",NA,NA,2024,58843,10,"Octubre",58.843
"12877","MORONA","PABLO SEXTO",NA,NA,2024,2380,10,"Octubre",2.38
"12878","MORONA","PALORA",NA,NA,2024,12718,10,"Octubre",12.718
"12879","MORONA","SAN JUAN BOSCO",NA,NA,2024,4520,10,"Octubre",4.52
"12880","MORONA","SANTIAGO",NA,NA,2024,9980,10,"Octubre",9.98
"12881","MORONA","SUCUA",NA,NA,2024,24610,10,"Octubre",24.61
"12882","MORONA","TAISHA",NA,NA,2024,29997,10,"Octubre",29.997
"12883","MORONA","TIWINTZA",NA,NA,2024,10271,10,"Octubre",10.271
"12884","ORELLANA","FRANCISCO DE ORELLANA",NA,NA,2024,100185,10,"Octubre",100.185
"12885","PICHINCHA","DISTRITO METROPOLITANO DE QUITO",NA,NA,2024,2838174,10,"Octubre",2838.174
"12886","SANTO DOMINGO","LA CONCORDIA",NA,NA,2024,56683,10,"Octubre",56.683
"12887","SANTO DOMINGO","SANTO DOMINGO",NA,NA,2024,466841,10,"Octubre",466.841
"12888","ZAMORA","CENTINELA DEL CONDOR",NA,NA,2024,8167,10,"Octubre",8.167
"12889","ZAMORA","CHINCHIPE",NA,NA,2024,10871,10,"Octubre",10.871
"12890","ZAMORA","EL PANGUI",NA,NA,2024,14048,10,"Octubre",14.048
"12891","ZAMORA","NANGARITZA",NA,NA,2024,7118,10,"Octubre",7.118
"12892","ZAMORA","PALANDA",NA,NA,2024,9098,10,"Octubre",9.098
"12893","ZAMORA","PAQUISHA",NA,NA,2024,5194,10,"Octubre",5.194
"12894","ZAMORA","YACUAMBI",NA,NA,2024,6584,10,"Octubre",6.584
"12895","ZAMORA","YANTZAZA",NA,NA,2024,24801,10,"Octubre",24.801
"12896","ZAMORA","ZAMORA",NA,NA,2024,31769,10,"Octubre",31.769
"12897","GUAYAS","ALFREDO BAQUERIZO MORENO (JUJAN)",NA,NA,2024,26556,11,"Noviembre",26.556
"12898","MORONA","GUALAQUIZA",NA,NA,2024,23155,11,"Noviembre",23.155
"12899","MORONA","HUAMBOYA",NA,NA,2024,11781,11,"Noviembre",11.781
"12900","MORONA","LIMON INDANZA",NA,NA,2024,10150,11,"Noviembre",10.15
"12901","MORONA","LOGROÑO",NA,NA,2024,7922,11,"Noviembre",7.922
"12902","MORONA","MORONA",NA,NA,2024,58843,11,"Noviembre",58.843
"12903","MORONA","PABLO SEXTO",NA,NA,2024,2380,11,"Noviembre",2.38
"12904","MORONA","PALORA",NA,NA,2024,12718,11,"Noviembre",12.718
"12905","MORONA","SAN JUAN BOSCO",NA,NA,2024,4520,11,"Noviembre",4.52
"12906","MORONA","SANTIAGO",NA,NA,2024,9980,11,"Noviembre",9.98
"12907","MORONA","SUCUA",NA,NA,2024,24610,11,"Noviembre",24.61
"12908","MORONA","TAISHA",NA,NA,2024,29997,11,"Noviembre",29.997
"12909","MORONA","TIWINTZA",NA,NA,2024,10271,11,"Noviembre",10.271
"12910","ORELLANA","FRANCISCO DE ORELLANA",NA,NA,2024,100185,11,"Noviembre",100.185
"12911","PICHINCHA","DISTRITO METROPOLITANO DE QUITO",NA,NA,2024,2838174,11,"Noviembre",2838.174
"12912","SANTO DOMINGO","LA CONCORDIA",NA,NA,2024,56683,11,"Noviembre",56.683
"12913","SANTO DOMINGO","SANTO DOMINGO",NA,NA,2024,466841,11,"Noviembre",466.841
"12914","ZAMORA","CENTINELA DEL CONDOR",NA,NA,2024,8167,11,"Noviembre",8.167
"12915","ZAMORA","CHINCHIPE",NA,NA,2024,10871,11,"Noviembre",10.871
"12916","ZAMORA","EL PANGUI",NA,NA,2024,14048,11,"Noviembre",14.048
"12917","ZAMORA","NANGARITZA",NA,NA,2024,7118,11,"Noviembre",7.118
"12918","ZAMORA","PALANDA",NA,NA,2024,9098,11,"Noviembre",9.098
"12919","ZAMORA","PAQUISHA",NA,NA,2024,5194,11,"Noviembre",5.194
"12920","ZAMORA","YACUAMBI",NA,NA,2024,6584,11,"Noviembre",6.584
"12921","ZAMORA","YANTZAZA",NA,NA,2024,24801,11,"Noviembre",24.801
"12922","ZAMORA","ZAMORA",NA,NA,2024,31769,11,"Noviembre",31.769
"12923","GUAYAS","ALFREDO BAQUERIZO MORENO (JUJAN)",NA,NA,2024,26556,12,"Diciembre",26.556
"12924","MORONA","GUALAQUIZA",NA,NA,2024,23155,12,"Diciembre",23.155
"12925","MORONA","HUAMBOYA",NA,NA,2024,11781,12,"Diciembre",11.781
"12926","MORONA","LIMON INDANZA",NA,NA,2024,10150,12,"Diciembre",10.15
"12927","MORONA","LOGROÑO",NA,NA,2024,7922,12,"Diciembre",7.922
"12928","MORONA","MORONA",NA,NA,2024,58843,12,"Diciembre",58.843
"12929","MORONA","PABLO SEXTO",NA,NA,2024,2380,12,"Diciembre",2.38
"12930","MORONA","PALORA",NA,NA,2024,12718,12,"Diciembre",12.718
"12931","MORONA","SAN JUAN BOSCO",NA,NA,2024,4520,12,"Diciembre",4.52
"12932","MORONA","SANTIAGO",NA,NA,2024,9980,12,"Diciembre",9.98
"12933","MORONA","SUCUA",NA,NA,2024,24610,12,"Diciembre",24.61
"12934","MORONA","TAISHA",NA,NA,2024,29997,12,"Diciembre",29.997
"12935","MORONA","TIWINTZA",NA,NA,2024,10271,12,"Diciembre",10.271
"12936","ORELLANA","FRANCISCO DE ORELLANA",NA,NA,2024,100185,12,"Diciembre",100.185
"12937","PICHINCHA","DISTRITO METROPOLITANO DE QUITO",NA,NA,2024,2838174,12,"Diciembre",2838.174
"12938","SANTO DOMINGO","LA CONCORDIA",NA,NA,2024,56683,12,"Diciembre",56.683
"12939","SANTO DOMINGO","SANTO DOMINGO",NA,NA,2024,466841,12,"Diciembre",466.841
"12940","ZAMORA","CENTINELA DEL CONDOR",NA,NA,2024,8167,12,"Diciembre",8.167
"12941","ZAMORA","CHINCHIPE",NA,NA,2024,10871,12,"Diciembre",10.871
"12942","ZAMORA","EL PANGUI",NA,NA,2024,14048,12,"Diciembre",14.048
"12943","ZAMORA","NANGARITZA",NA,NA,2024,7118,12,"Diciembre",7.118
"12944","ZAMORA","PALANDA",NA,NA,2024,9098,12,"Diciembre",9.098
"12945","ZAMORA","PAQUISHA",NA,NA,2024,5194,12,"Diciembre",5.194
"12946","ZAMORA","YACUAMBI",NA,NA,2024,6584,12,"Diciembre",6.584
"12947","ZAMORA","YANTZAZA",NA,NA,2024,24801,12,"Diciembre",24.801
"12948","ZAMORA","ZAMORA",NA,NA,2024,31769,12,"Diciembre",31.769
"12949","GUAYAS","ALFREDO BAQUERIZO MORENO (JUJAN)",NA,NA,2025,26554,1,"Enero",26.554
"12950","MORONA","GUALAQUIZA",NA,NA,2025,23497,1,"Enero",23.497
"12951","MORONA","HUAMBOYA",NA,NA,2025,11987,1,"Enero",11.987
"12952","MORONA","LIMON INDANZA",NA,NA,2025,10118,1,"Enero",10.118
"12953","MORONA","LOGROÑO",NA,NA,2025,8030,1,"Enero",8.03
"12954","MORONA","MORONA",NA,NA,2025,59992,1,"Enero",59.992
"12955","MORONA","PABLO SEXTO",NA,NA,2025,2419,1,"Enero",2.419
"12956","MORONA","PALORA",NA,NA,2025,13100,1,"Enero",13.1
"12957","MORONA","SAN JUAN BOSCO",NA,NA,2025,4550,1,"Enero",4.55
"12958","MORONA","SANTIAGO",NA,NA,2025,10001,1,"Enero",10.001
"12959","MORONA","SUCUA",NA,NA,2025,24940,1,"Enero",24.94
"12960","MORONA","TAISHA",NA,NA,2025,30773,1,"Enero",30.773
"12961","MORONA","TIWINTZA",NA,NA,2025,10468,1,"Enero",10.468
"12962","ORELLANA","FRANCISCO DE ORELLANA",NA,NA,2025,101643,1,"Enero",101.643
"12963","PICHINCHA","DISTRITO METROPOLITANO DE QUITO",NA,NA,2025,2856667,1,"Enero",2856.667
"12964","SANTO DOMINGO","LA CONCORDIA",NA,NA,2025,57292,1,"Enero",57.292
"12965","SANTO DOMINGO","SANTO DOMINGO",NA,NA,2025,471217,1,"Enero",471.217
"12966","ZAMORA","CENTINELA DEL CONDOR",NA,NA,2025,8260,1,"Enero",8.26
"12967","ZAMORA","CHINCHIPE",NA,NA,2025,10952,1,"Enero",10.952
"12968","ZAMORA","EL PANGUI",NA,NA,2025,14366,1,"Enero",14.366
"12969","ZAMORA","NANGARITZA",NA,NA,2025,7220,1,"Enero",7.22
"12970","ZAMORA","PALANDA",NA,NA,2025,9134,1,"Enero",9.134
"12971","ZAMORA","PAQUISHA",NA,NA,2025,5269,1,"Enero",5.269
"12972","ZAMORA","YACUAMBI",NA,NA,2025,6603,1,"Enero",6.603
"12973","ZAMORA","YANTZAZA",NA,NA,2025,25082,1,"Enero",25.082
"12974","ZAMORA","ZAMORA",NA,NA,2025,32050,1,"Enero",32.05
"12975","GUAYAS","ALFREDO BAQUERIZO MORENO (JUJAN)",NA,NA,2025,26554,2,"Febrero",26.554
"12976","MORONA","GUALAQUIZA",NA,NA,2025,23497,2,"Febrero",23.497
"12977","MORONA","HUAMBOYA",NA,NA,2025,11987,2,"Febrero",11.987
"12978","MORONA","LIMON INDANZA",NA,NA,2025,10118,2,"Febrero",10.118
"12979","MORONA","LOGROÑO",NA,NA,2025,8030,2,"Febrero",8.03
"12980","MORONA","MORONA",NA,NA,2025,59992,2,"Febrero",59.992
"12981","MORONA","PABLO SEXTO",NA,NA,2025,2419,2,"Febrero",2.419
"12982","MORONA","PALORA",NA,NA,2025,13100,2,"Febrero",13.1
"12983","MORONA","SAN JUAN BOSCO",NA,NA,2025,4550,2,"Febrero",4.55
"12984","MORONA","SANTIAGO",NA,NA,2025,10001,2,"Febrero",10.001
"12985","MORONA","SUCUA",NA,NA,2025,24940,2,"Febrero",24.94
"12986","MORONA","TAISHA",NA,NA,2025,30773,2,"Febrero",30.773
"12987","MORONA","TIWINTZA",NA,NA,2025,10468,2,"Febrero",10.468
"12988","ORELLANA","FRANCISCO DE ORELLANA",NA,NA,2025,101643,2,"Febrero",101.643
"12989","PICHINCHA","DISTRITO METROPOLITANO DE QUITO",NA,NA,2025,2856667,2,"Febrero",2856.667
"12990","SANTO DOMINGO","LA CONCORDIA",NA,NA,2025,57292,2,"Febrero",57.292
"12991","SANTO DOMINGO","SANTO DOMINGO",NA,NA,2025,471217,2,"Febrero",471.217
"12992","ZAMORA","CENTINELA DEL CONDOR",NA,NA,2025,8260,2,"Febrero",8.26
"12993","ZAMORA","CHINCHIPE",NA,NA,2025,10952,2,"Febrero",10.952
"12994","ZAMORA","EL PANGUI",NA,NA,2025,14366,2,"Febrero",14.366
"12995","ZAMORA","NANGARITZA",NA,NA,2025,7220,2,"Febrero",7.22
"12996","ZAMORA","PALANDA",NA,NA,2025,9134,2,"Febrero",9.134
"12997","ZAMORA","PAQUISHA",NA,NA,2025,5269,2,"Febrero",5.269
"12998","ZAMORA","YACUAMBI",NA,NA,2025,6603,2,"Febrero",6.603
"12999","ZAMORA","YANTZAZA",NA,NA,2025,25082,2,"Febrero",25.082
"13000","ZAMORA","ZAMORA",NA,NA,2025,32050,2,"Febrero",32.05
"13001","GUAYAS","ALFREDO BAQUERIZO MORENO (JUJAN)",NA,NA,2025,26554,3,"Marzo",26.554
"13002","MORONA","GUALAQUIZA",NA,NA,2025,23497,3,"Marzo",23.497
"13003","MORONA","HUAMBOYA",NA,NA,2025,11987,3,"Marzo",11.987
"13004","MORONA","LIMON INDANZA",NA,NA,2025,10118,3,"Marzo",10.118
"13005","MORONA","LOGROÑO",NA,NA,2025,8030,3,"Marzo",8.03
"13006","MORONA","MORONA",NA,NA,2025,59992,3,"Marzo",59.992
"13007","MORONA","PABLO SEXTO",NA,NA,2025,2419,3,"Marzo",2.419
"13008","MORONA","PALORA",NA,NA,2025,13100,3,"Marzo",13.1
"13009","MORONA","SAN JUAN BOSCO",NA,NA,2025,4550,3,"Marzo",4.55
"13010","MORONA","SANTIAGO",NA,NA,2025,10001,3,"Marzo",10.001
"13011","MORONA","SUCUA",NA,NA,2025,24940,3,"Marzo",24.94
"13012","MORONA","TAISHA",NA,NA,2025,30773,3,"Marzo",30.773
"13013","MORONA","TIWINTZA",NA,NA,2025,10468,3,"Marzo",10.468
"13014","ORELLANA","FRANCISCO DE ORELLANA",NA,NA,2025,101643,3,"Marzo",101.643
"13015","PICHINCHA","DISTRITO METROPOLITANO DE QUITO",NA,NA,2025,2856667,3,"Marzo",2856.667
"13016","SANTO DOMINGO","LA CONCORDIA",NA,NA,2025,57292,3,"Marzo",57.292
"13017","SANTO DOMINGO","SANTO DOMINGO",NA,NA,2025,471217,3,"Marzo",471.217
"13018","ZAMORA","CENTINELA DEL CONDOR",NA,NA,2025,8260,3,"Marzo",8.26
"13019","ZAMORA","CHINCHIPE",NA,NA,2025,10952,3,"Marzo",10.952
"13020","ZAMORA","EL PANGUI",NA,NA,2025,14366,3,"Marzo",14.366
"13021","ZAMORA","NANGARITZA",NA,NA,2025,7220,3,"Marzo",7.22
"13022","ZAMORA","PALANDA",NA,NA,2025,9134,3,"Marzo",9.134
"13023","ZAMORA","PAQUISHA",NA,NA,2025,5269,3,"Marzo",5.269
"13024","ZAMORA","YACUAMBI",NA,NA,2025,6603,3,"Marzo",6.603
"13025","ZAMORA","YANTZAZA",NA,NA,2025,25082,3,"Marzo",25.082
"13026","ZAMORA","ZAMORA",NA,NA,2025,32050,3,"Marzo",32.05
"13027","GUAYAS","ALFREDO BAQUERIZO MORENO (JUJAN)",NA,NA,2025,26554,4,"Abril",26.554
"13028","MORONA","GUALAQUIZA",NA,NA,2025,23497,4,"Abril",23.497
"13029","MORONA","HUAMBOYA",NA,NA,2025,11987,4,"Abril",11.987
"13030","MORONA","LIMON INDANZA",NA,NA,2025,10118,4,"Abril",10.118
"13031","MORONA","LOGROÑO",NA,NA,2025,8030,4,"Abril",8.03
"13032","MORONA","MORONA",NA,NA,2025,59992,4,"Abril",59.992
"13033","MORONA","PABLO SEXTO",NA,NA,2025,2419,4,"Abril",2.419
"13034","MORONA","PALORA",NA,NA,2025,13100,4,"Abril",13.1
"13035","MORONA","SAN JUAN BOSCO",NA,NA,2025,4550,4,"Abril",4.55
"13036","MORONA","SANTIAGO",NA,NA,2025,10001,4,"Abril",10.001
"13037","MORONA","SUCUA",NA,NA,2025,24940,4,"Abril",24.94
"13038","MORONA","TAISHA",NA,NA,2025,30773,4,"Abril",30.773
"13039","MORONA","TIWINTZA",NA,NA,2025,10468,4,"Abril",10.468
"13040","ORELLANA","FRANCISCO DE ORELLANA",NA,NA,2025,101643,4,"Abril",101.643
"13041","PICHINCHA","DISTRITO METROPOLITANO DE QUITO",NA,NA,2025,2856667,4,"Abril",2856.667
"13042","SANTO DOMINGO","LA CONCORDIA",NA,NA,2025,57292,4,"Abril",57.292
"13043","SANTO DOMINGO","SANTO DOMINGO",NA,NA,2025,471217,4,"Abril",471.217
"13044","ZAMORA","CENTINELA DEL CONDOR",NA,NA,2025,8260,4,"Abril",8.26
"13045","ZAMORA","CHINCHIPE",NA,NA,2025,10952,4,"Abril",10.952
"13046","ZAMORA","EL PANGUI",NA,NA,2025,14366,4,"Abril",14.366
"13047","ZAMORA","NANGARITZA",NA,NA,2025,7220,4,"Abril",7.22
"13048","ZAMORA","PALANDA",NA,NA,2025,9134,4,"Abril",9.134
"13049","ZAMORA","PAQUISHA",NA,NA,2025,5269,4,"Abril",5.269
"13050","ZAMORA","YACUAMBI",NA,NA,2025,6603,4,"Abril",6.603
"13051","ZAMORA","YANTZAZA",NA,NA,2025,25082,4,"Abril",25.082
"13052","ZAMORA","ZAMORA",NA,NA,2025,32050,4,"Abril",32.05
"13053","GUAYAS","ALFREDO BAQUERIZO MORENO (JUJAN)",NA,NA,2025,26554,5,"Mayo",26.554
"13054","MORONA","GUALAQUIZA",NA,NA,2025,23497,5,"Mayo",23.497
"13055","MORONA","HUAMBOYA",NA,NA,2025,11987,5,"Mayo",11.987
"13056","MORONA","LIMON INDANZA",NA,NA,2025,10118,5,"Mayo",10.118
"13057","MORONA","LOGROÑO",NA,NA,2025,8030,5,"Mayo",8.03
"13058","MORONA","MORONA",NA,NA,2025,59992,5,"Mayo",59.992
"13059","MORONA","PABLO SEXTO",NA,NA,2025,2419,5,"Mayo",2.419
"13060","MORONA","PALORA",NA,NA,2025,13100,5,"Mayo",13.1
"13061","MORONA","SAN JUAN BOSCO",NA,NA,2025,4550,5,"Mayo",4.55
"13062","MORONA","SANTIAGO",NA,NA,2025,10001,5,"Mayo",10.001
"13063","MORONA","SUCUA",NA,NA,2025,24940,5,"Mayo",24.94
"13064","MORONA","TAISHA",NA,NA,2025,30773,5,"Mayo",30.773
"13065","MORONA","TIWINTZA",NA,NA,2025,10468,5,"Mayo",10.468
"13066","ORELLANA","FRANCISCO DE ORELLANA",NA,NA,2025,101643,5,"Mayo",101.643
"13067","PICHINCHA","DISTRITO METROPOLITANO DE QUITO",NA,NA,2025,2856667,5,"Mayo",2856.667
"13068","SANTO DOMINGO","LA CONCORDIA",NA,NA,2025,57292,5,"Mayo",57.292
"13069","SANTO DOMINGO","SANTO DOMINGO",NA,NA,2025,471217,5,"Mayo",471.217
"13070","ZAMORA","CENTINELA DEL CONDOR",NA,NA,2025,8260,5,"Mayo",8.26
"13071","ZAMORA","CHINCHIPE",NA,NA,2025,10952,5,"Mayo",10.952
"13072","ZAMORA","EL PANGUI",NA,NA,2025,14366,5,"Mayo",14.366
"13073","ZAMORA","NANGARITZA",NA,NA,2025,7220,5,"Mayo",7.22
"13074","ZAMORA","PALANDA",NA,NA,2025,9134,5,"Mayo",9.134
"13075","ZAMORA","PAQUISHA",NA,NA,2025,5269,5,"Mayo",5.269
"13076","ZAMORA","YACUAMBI",NA,NA,2025,6603,5,"Mayo",6.603
"13077","ZAMORA","YANTZAZA",NA,NA,2025,25082,5,"Mayo",25.082
"13078","ZAMORA","ZAMORA",NA,NA,2025,32050,5,"Mayo",32.05
"13079","GUAYAS","ALFREDO BAQUERIZO MORENO (JUJAN)",NA,NA,2025,26554,6,"Junio",26.554
"13080","MORONA","GUALAQUIZA",NA,NA,2025,23497,6,"Junio",23.497
"13081","MORONA","HUAMBOYA",NA,NA,2025,11987,6,"Junio",11.987
"13082","MORONA","LIMON INDANZA",NA,NA,2025,10118,6,"Junio",10.118
"13083","MORONA","LOGROÑO",NA,NA,2025,8030,6,"Junio",8.03
"13084","MORONA","MORONA",NA,NA,2025,59992,6,"Junio",59.992
"13085","MORONA","PABLO SEXTO",NA,NA,2025,2419,6,"Junio",2.419
"13086","MORONA","PALORA",NA,NA,2025,13100,6,"Junio",13.1
"13087","MORONA","SAN JUAN BOSCO",NA,NA,2025,4550,6,"Junio",4.55
"13088","MORONA","SANTIAGO",NA,NA,2025,10001,6,"Junio",10.001
"13089","MORONA","SUCUA",NA,NA,2025,24940,6,"Junio",24.94
"13090","MORONA","TAISHA",NA,NA,2025,30773,6,"Junio",30.773
"13091","MORONA","TIWINTZA",NA,NA,2025,10468,6,"Junio",10.468
"13092","ORELLANA","FRANCISCO DE ORELLANA",NA,NA,2025,101643,6,"Junio",101.643
"13093","PICHINCHA","DISTRITO METROPOLITANO DE QUITO",NA,NA,2025,2856667,6,"Junio",2856.667
"13094","SANTO DOMINGO","LA CONCORDIA",NA,NA,2025,57292,6,"Junio",57.292
"13095","SANTO DOMINGO","SANTO DOMINGO",NA,NA,2025,471217,6,"Junio",471.217
"13096","ZAMORA","CENTINELA DEL CONDOR",NA,NA,2025,8260,6,"Junio",8.26
"13097","ZAMORA","CHINCHIPE",NA,NA,2025,10952,6,"Junio",10.952
"13098","ZAMORA","EL PANGUI",NA,NA,2025,14366,6,"Junio",14.366
"13099","ZAMORA","NANGARITZA",NA,NA,2025,7220,6,"Junio",7.22
"13100","ZAMORA","PALANDA",NA,NA,2025,9134,6,"Junio",9.134
"13101","ZAMORA","PAQUISHA",NA,NA,2025,5269,6,"Junio",5.269
"13102","ZAMORA","YACUAMBI",NA,NA,2025,6603,6,"Junio",6.603
"13103","ZAMORA","YANTZAZA",NA,NA,2025,25082,6,"Junio",25.082
"13104","ZAMORA","ZAMORA",NA,NA,2025,32050,6,"Junio",32.05
"13105","GUAYAS","ALFREDO BAQUERIZO MORENO (JUJAN)",NA,NA,2025,26554,7,"Julio",26.554
"13106","MORONA","GUALAQUIZA",NA,NA,2025,23497,7,"Julio",23.497
"13107","MORONA","HUAMBOYA",NA,NA,2025,11987,7,"Julio",11.987
"13108","MORONA","LIMON INDANZA",NA,NA,2025,10118,7,"Julio",10.118
"13109","MORONA","LOGROÑO",NA,NA,2025,8030,7,"Julio",8.03
"13110","MORONA","MORONA",NA,NA,2025,59992,7,"Julio",59.992
"13111","MORONA","PABLO SEXTO",NA,NA,2025,2419,7,"Julio",2.419
"13112","MORONA","PALORA",NA,NA,2025,13100,7,"Julio",13.1
"13113","MORONA","SAN JUAN BOSCO",NA,NA,2025,4550,7,"Julio",4.55
"13114","MORONA","SANTIAGO",NA,NA,2025,10001,7,"Julio",10.001
"13115","MORONA","SUCUA",NA,NA,2025,24940,7,"Julio",24.94
"13116","MORONA","TAISHA",NA,NA,2025,30773,7,"Julio",30.773
"13117","MORONA","TIWINTZA",NA,NA,2025,10468,7,"Julio",10.468
"13118","ORELLANA","FRANCISCO DE ORELLANA",NA,NA,2025,101643,7,"Julio",101.643
"13119","PICHINCHA","DISTRITO METROPOLITANO DE QUITO",NA,NA,2025,2856667,7,"Julio",2856.667
"13120","SANTO DOMINGO","LA CONCORDIA",NA,NA,2025,57292,7,"Julio",57.292
"13121","SANTO DOMINGO","SANTO DOMINGO",NA,NA,2025,471217,7,"Julio",471.217
"13122","ZAMORA","CENTINELA DEL CONDOR",NA,NA,2025,8260,7,"Julio",8.26
"13123","ZAMORA","CHINCHIPE",NA,NA,2025,10952,7,"Julio",10.952
"13124","ZAMORA","EL PANGUI",NA,NA,2025,14366,7,"Julio",14.366
"13125","ZAMORA","NANGARITZA",NA,NA,2025,7220,7,"Julio",7.22
"13126","ZAMORA","PALANDA",NA,NA,2025,9134,7,"Julio",9.134
"13127","ZAMORA","PAQUISHA",NA,NA,2025,5269,7,"Julio",5.269
"13128","ZAMORA","YACUAMBI",NA,NA,2025,6603,7,"Julio",6.603
"13129","ZAMORA","YANTZAZA",NA,NA,2025,25082,7,"Julio",25.082
"13130","ZAMORA","ZAMORA",NA,NA,2025,32050,7,"Julio",32.05
"13131","GUAYAS","ALFREDO BAQUERIZO MORENO (JUJAN)",NA,NA,2025,26554,8,"Agosto",26.554
"13132","MORONA","GUALAQUIZA",NA,NA,2025,23497,8,"Agosto",23.497
"13133","MORONA","HUAMBOYA",NA,NA,2025,11987,8,"Agosto",11.987
"13134","MORONA","LIMON INDANZA",NA,NA,2025,10118,8,"Agosto",10.118
"13135","MORONA","LOGROÑO",NA,NA,2025,8030,8,"Agosto",8.03
"13136","MORONA","MORONA",NA,NA,2025,59992,8,"Agosto",59.992
"13137","MORONA","PABLO SEXTO",NA,NA,2025,2419,8,"Agosto",2.419
"13138","MORONA","PALORA",NA,NA,2025,13100,8,"Agosto",13.1
"13139","MORONA","SAN JUAN BOSCO",NA,NA,2025,4550,8,"Agosto",4.55
"13140","MORONA","SANTIAGO",NA,NA,2025,10001,8,"Agosto",10.001
"13141","MORONA","SUCUA",NA,NA,2025,24940,8,"Agosto",24.94
"13142","MORONA","TAISHA",NA,NA,2025,30773,8,"Agosto",30.773
"13143","MORONA","TIWINTZA",NA,NA,2025,10468,8,"Agosto",10.468
"13144","ORELLANA","FRANCISCO DE ORELLANA",NA,NA,2025,101643,8,"Agosto",101.643
"13145","PICHINCHA","DISTRITO METROPOLITANO DE QUITO",NA,NA,2025,2856667,8,"Agosto",2856.667
"13146","SANTO DOMINGO","LA CONCORDIA",NA,NA,2025,57292,8,"Agosto",57.292
"13147","SANTO DOMINGO","SANTO DOMINGO",NA,NA,2025,471217,8,"Agosto",471.217
"13148","ZAMORA","CENTINELA DEL CONDOR",NA,NA,2025,8260,8,"Agosto",8.26
"13149","ZAMORA","CHINCHIPE",NA,NA,2025,10952,8,"Agosto",10.952
"13150","ZAMORA","EL PANGUI",NA,NA,2025,14366,8,"Agosto",14.366
"13151","ZAMORA","NANGARITZA",NA,NA,2025,7220,8,"Agosto",7.22
"13152","ZAMORA","PALANDA",NA,NA,2025,9134,8,"Agosto",9.134
"13153","ZAMORA","PAQUISHA",NA,NA,2025,5269,8,"Agosto",5.269
"13154","ZAMORA","YACUAMBI",NA,NA,2025,6603,8,"Agosto",6.603
"13155","ZAMORA","YANTZAZA",NA,NA,2025,25082,8,"Agosto",25.082
"13156","ZAMORA","ZAMORA",NA,NA,2025,32050,8,"Agosto",32.05
"13157","GUAYAS","ALFREDO BAQUERIZO MORENO (JUJAN)",NA,NA,2025,26554,9,"Septiembre",26.554
"13158","MORONA","GUALAQUIZA",NA,NA,2025,23497,9,"Septiembre",23.497
"13159","MORONA","HUAMBOYA",NA,NA,2025,11987,9,"Septiembre",11.987
"13160","MORONA","LIMON INDANZA",NA,NA,2025,10118,9,"Septiembre",10.118
"13161","MORONA","LOGROÑO",NA,NA,2025,8030,9,"Septiembre",8.03
"13162","MORONA","MORONA",NA,NA,2025,59992,9,"Septiembre",59.992
"13163","MORONA","PABLO SEXTO",NA,NA,2025,2419,9,"Septiembre",2.419
"13164","MORONA","PALORA",NA,NA,2025,13100,9,"Septiembre",13.1
"13165","MORONA","SAN JUAN BOSCO",NA,NA,2025,4550,9,"Septiembre",4.55
"13166","MORONA","SANTIAGO",NA,NA,2025,10001,9,"Septiembre",10.001
"13167","MORONA","SUCUA",NA,NA,2025,24940,9,"Septiembre",24.94
"13168","MORONA","TAISHA",NA,NA,2025,30773,9,"Septiembre",30.773
"13169","MORONA","TIWINTZA",NA,NA,2025,10468,9,"Septiembre",10.468
"13170","ORELLANA","FRANCISCO DE ORELLANA",NA,NA,2025,101643,9,"Septiembre",101.643
"13171","PICHINCHA","DISTRITO METROPOLITANO DE QUITO",NA,NA,2025,2856667,9,"Septiembre",2856.667
"13172","SANTO DOMINGO","LA CONCORDIA",NA,NA,2025,57292,9,"Septiembre",57.292
"13173","SANTO DOMINGO","SANTO DOMINGO",NA,NA,2025,471217,9,"Septiembre",471.217
"13174","ZAMORA","CENTINELA DEL CONDOR",NA,NA,2025,8260,9,"Septiembre",8.26
"13175","ZAMORA","CHINCHIPE",NA,NA,2025,10952,9,"Septiembre",10.952
"13176","ZAMORA","EL PANGUI",NA,NA,2025,14366,9,"Septiembre",14.366
"13177","ZAMORA","NANGARITZA",NA,NA,2025,7220,9,"Septiembre",7.22
"13178","ZAMORA","PALANDA",NA,NA,2025,9134,9,"Septiembre",9.134
"13179","ZAMORA","PAQUISHA",NA,NA,2025,5269,9,"Septiembre",5.269
"13180","ZAMORA","YACUAMBI",NA,NA,2025,6603,9,"Septiembre",6.603
"13181","ZAMORA","YANTZAZA",NA,NA,2025,25082,9,"Septiembre",25.082
"13182","ZAMORA","ZAMORA",NA,NA,2025,32050,9,"Septiembre",32.05
"13183","GUAYAS","ALFREDO BAQUERIZO MORENO (JUJAN)",NA,NA,2025,26554,10,"Octubre",26.554
"13184","MORONA","GUALAQUIZA",NA,NA,2025,23497,10,"Octubre",23.497
"13185","MORONA","HUAMBOYA",NA,NA,2025,11987,10,"Octubre",11.987
"13186","MORONA","LIMON INDANZA",NA,NA,2025,10118,10,"Octubre",10.118
"13187","MORONA","LOGROÑO",NA,NA,2025,8030,10,"Octubre",8.03
"13188","MORONA","MORONA",NA,NA,2025,59992,10,"Octubre",59.992
"13189","MORONA","PABLO SEXTO",NA,NA,2025,2419,10,"Octubre",2.419
"13190","MORONA","PALORA",NA,NA,2025,13100,10,"Octubre",13.1
"13191","MORONA","SAN JUAN BOSCO",NA,NA,2025,4550,10,"Octubre",4.55
"13192","MORONA","SANTIAGO",NA,NA,2025,10001,10,"Octubre",10.001
"13193","MORONA","SUCUA",NA,NA,2025,24940,10,"Octubre",24.94
"13194","MORONA","TAISHA",NA,NA,2025,30773,10,"Octubre",30.773
"13195","MORONA","TIWINTZA",NA,NA,2025,10468,10,"Octubre",10.468
"13196","ORELLANA","FRANCISCO DE ORELLANA",NA,NA,2025,101643,10,"Octubre",101.643
"13197","PICHINCHA","DISTRITO METROPOLITANO DE QUITO",NA,NA,2025,2856667,10,"Octubre",2856.667
"13198","SANTO DOMINGO","LA CONCORDIA",NA,NA,2025,57292,10,"Octubre",57.292
"13199","SANTO DOMINGO","SANTO DOMINGO",NA,NA,2025,471217,10,"Octubre",471.217
"13200","ZAMORA","CENTINELA DEL CONDOR",NA,NA,2025,8260,10,"Octubre",8.26
"13201","ZAMORA","CHINCHIPE",NA,NA,2025,10952,10,"Octubre",10.952
"13202","ZAMORA","EL PANGUI",NA,NA,2025,14366,10,"Octubre",14.366
"13203","ZAMORA","NANGARITZA",NA,NA,2025,7220,10,"Octubre",7.22
"13204","ZAMORA","PALANDA",NA,NA,2025,9134,10,"Octubre",9.134
"13205","ZAMORA","PAQUISHA",NA,NA,2025,5269,10,"Octubre",5.269
"13206","ZAMORA","YACUAMBI",NA,NA,2025,6603,10,"Octubre",6.603
"13207","ZAMORA","YANTZAZA",NA,NA,2025,25082,10,"Octubre",25.082
"13208","ZAMORA","ZAMORA",NA,NA,2025,32050,10,"Octubre",32.05
"13209","GUAYAS","ALFREDO BAQUERIZO MORENO (JUJAN)",NA,NA,2025,26554,11,"Noviembre",26.554
"13210","MORONA","GUALAQUIZA",NA,NA,2025,23497,11,"Noviembre",23.497
"13211","MORONA","HUAMBOYA",NA,NA,2025,11987,11,"Noviembre",11.987
"13212","MORONA","LIMON INDANZA",NA,NA,2025,10118,11,"Noviembre",10.118
"13213","MORONA","LOGROÑO",NA,NA,2025,8030,11,"Noviembre",8.03
"13214","MORONA","MORONA",NA,NA,2025,59992,11,"Noviembre",59.992
"13215","MORONA","PABLO SEXTO",NA,NA,2025,2419,11,"Noviembre",2.419
"13216","MORONA","PALORA",NA,NA,2025,13100,11,"Noviembre",13.1
"13217","MORONA","SAN JUAN BOSCO",NA,NA,2025,4550,11,"Noviembre",4.55
"13218","MORONA","SANTIAGO",NA,NA,2025,10001,11,"Noviembre",10.001
"13219","MORONA","SUCUA",NA,NA,2025,24940,11,"Noviembre",24.94
"13220","MORONA","TAISHA",NA,NA,2025,30773,11,"Noviembre",30.773
"13221","MORONA","TIWINTZA",NA,NA,2025,10468,11,"Noviembre",10.468
"13222","ORELLANA","FRANCISCO DE ORELLANA",NA,NA,2025,101643,11,"Noviembre",101.643
"13223","PICHINCHA","DISTRITO METROPOLITANO DE QUITO",NA,NA,2025,2856667,11,"Noviembre",2856.667
"13224","SANTO DOMINGO","LA CONCORDIA",NA,NA,2025,57292,11,"Noviembre",57.292
"13225","SANTO DOMINGO","SANTO DOMINGO",NA,NA,2025,471217,11,"Noviembre",471.217
"13226","ZAMORA","CENTINELA DEL CONDOR",NA,NA,2025,8260,11,"Noviembre",8.26
"13227","ZAMORA","CHINCHIPE",NA,NA,2025,10952,11,"Noviembre",10.952
"13228","ZAMORA","EL PANGUI",NA,NA,2025,14366,11,"Noviembre",14.366
"13229","ZAMORA","NANGARITZA",NA,NA,2025,7220,11,"Noviembre",7.22
"13230","ZAMORA","PALANDA",NA,NA,2025,9134,11,"Noviembre",9.134
"13231","ZAMORA","PAQUISHA",NA,NA,2025,5269,11,"Noviembre",5.269
"13232","ZAMORA","YACUAMBI",NA,NA,2025,6603,11,"Noviembre",6.603
"13233","ZAMORA","YANTZAZA",NA,NA,2025,25082,11,"Noviembre",25.082
"13234","ZAMORA","ZAMORA",NA,NA,2025,32050,11,"Noviembre",32.05
"13235","GUAYAS","ALFREDO BAQUERIZO MORENO (JUJAN)",NA,NA,2025,26554,12,"Diciembre",26.554
"13236","MORONA","GUALAQUIZA",NA,NA,2025,23497,12,"Diciembre",23.497
"13237","MORONA","HUAMBOYA",NA,NA,2025,11987,12,"Diciembre",11.987
"13238","MORONA","LIMON INDANZA",NA,NA,2025,10118,12,"Diciembre",10.118
"13239","MORONA","LOGROÑO",NA,NA,2025,8030,12,"Diciembre",8.03
"13240","MORONA","MORONA",NA,NA,2025,59992,12,"Diciembre",59.992
"13241","MORONA","PABLO SEXTO",NA,NA,2025,2419,12,"Diciembre",2.419
"13242","MORONA","PALORA",NA,NA,2025,13100,12,"Diciembre",13.1
"13243","MORONA","SAN JUAN BOSCO",NA,NA,2025,4550,12,"Diciembre",4.55
"13244","MORONA","SANTIAGO",NA,NA,2025,10001,12,"Diciembre",10.001
"13245","MORONA","SUCUA",NA,NA,2025,24940,12,"Diciembre",24.94
"13246","MORONA","TAISHA",NA,NA,2025,30773,12,"Diciembre",30.773
"13247","MORONA","TIWINTZA",NA,NA,2025,10468,12,"Diciembre",10.468
"13248","ORELLANA","FRANCISCO DE ORELLANA",NA,NA,2025,101643,12,"Diciembre",101.643
"13249","PICHINCHA","DISTRITO METROPOLITANO DE QUITO",NA,NA,2025,2856667,12,"Diciembre",2856.667
"13250","SANTO DOMINGO","LA CONCORDIA",NA,NA,2025,57292,12,"Diciembre",57.292
"13251","SANTO DOMINGO","SANTO DOMINGO",NA,NA,2025,471217,12,"Diciembre",471.217
"13252","ZAMORA","CENTINELA DEL CONDOR",NA,NA,2025,8260,12,"Diciembre",8.26
"13253","ZAMORA","CHINCHIPE",NA,NA,2025,10952,12,"Diciembre",10.952
"13254","ZAMORA","EL PANGUI",NA,NA,2025,14366,12,"Diciembre",14.366
"13255","ZAMORA","NANGARITZA",NA,NA,2025,7220,12,"Diciembre",7.22
"13256","ZAMORA","PALANDA",NA,NA,2025,9134,12,"Diciembre",9.134
"13257","ZAMORA","PAQUISHA",NA,NA,2025,5269,12,"Diciembre",5.269
"13258","ZAMORA","YACUAMBI",NA,NA,2025,6603,12,"Diciembre",6.603
"13259","ZAMORA","YANTZAZA",NA,NA,2025,25082,12,"Diciembre",25.082
"13260","ZAMORA","ZAMORA",NA,NA,2025,32050,12,"Diciembre",32.05
